record_id,country,region,avg_temperature_c,temperature_change_c,co2_emissions_mt,sea_level_rise_mm,flood_risk,drought_risk,heatwave_days
CLM0001,Canada,North America,16.8,2.4,5477,1.44,Low,High,9
CLM0002,Brazil,South America,28.8,1.51,3758,1.55,Medium,Medium,38
CLM0003,Australia,Oceania,6.6,1.7,1904,5.81,Medium,Medium,20
CLM0004,Germany,Europe,10.9,1.53,3786,5.41,Medium,Low,56
CLM0005,United States,North America,13.9,2.07,732,3.2,High,High,42
CLM0006,United Kingdom,Europe,6.2,0.64,5400,4.69,High,Medium,56
CLM0007,United States,North America,24.9,1.49,1319,4.49,Medium,Medium,40
CLM0008,Canada,North America,22.4,1.87,1740,2.78,High,Medium,24
CLM0009,Nigeria,Africa,22.4,1.33,5751,4.61,Low,Low,19
CLM0010,Canada,North America,17.1,1.51,5625,1.41,High,Medium,24
CLM0011,Nigeria,Africa,8.7,1.75,4906,2.74,High,Low,60
CLM0012,Australia,Oceania,15.5,2.11,3312,1.56,Medium,Low,51
CLM0013,Germany,Europe,20.3,0.51,3331,5.14,Medium,Medium,42
CLM0014,United Kingdom,Europe,10.6,1.13,5195,1.89,Medium,Low,31
CLM0015,Canada,North America,11.5,1.79,2829,4.55,Medium,Medium,5
CLM0016,Brazil,South America,10.9,1.88,5770,1.34,Medium,Medium,49
CLM0017,United Kingdom,Europe,29.8,0.53,1751,2.67,Low,High,12
CLM0018,Germany,Europe,21.8,0.84,2741,5.62,High,High,21
CLM0019,Germany,Europe,21.6,1.61,2420,5.58,Low,Low,16
CLM0020,Pakistan,Asia,22.4,1.7,4030,1.48,Low,Medium,9
CLM0021,China,Asia,7.1,0.72,5017,4.94,Low,Low,25
CLM0022,Nigeria,Africa,25.1,1.39,808,1.7,High,Low,23
CLM0023,Brazil,South America,22.5,2.41,4714,3.7,Medium,Medium,11
CLM0024,United States,North America,25.3,1.37,749,3.27,Low,High,12
CLM0025,United States,North America,20.6,2.47,2694,1.69,High,Low,12
CLM0026,India,Asia,17.8,1.65,1387,4.15,High,Medium,42
CLM0027,United States,North America,22.0,0.71,4309,3.93,Low,Medium,45
CLM0028,Australia,Oceania,14.9,2.41,3450,5.53,Low,Medium,52
CLM0029,Germany,Europe,16.2,1.44,3976,4.67,High,High,19
CLM0030,India,Asia,10.0,0.74,822,2.77,Medium,High,49
CLM0031,Canada,North America,5.8,1.23,4010,3.76,Medium,Low,49
CLM0032,Nigeria,Africa,19.2,0.83,4201,1.26,Medium,Medium,42
CLM0033,Brazil,South America,15.1,2.17,836,5.28,High,Low,19
CLM0034,Canada,North America,16.0,0.65,1276,4.44,High,Medium,34
CLM0035,China,Asia,28.4,1.36,5093,1.9,High,Low,34
CLM0036,China,Asia,23.3,0.56,1950,4.09,Low,High,14
CLM0037,India,Asia,27.2,2.41,5020,5.37,Low,Low,58
CLM0038,United States,North America,14.5,1.86,4271,1.68,Low,High,53
CLM0039,United Kingdom,Europe,13.0,1.05,3426,3.05,Low,Low,26
CLM0040,United States,North America,7.3,1.86,4224,1.94,High,High,46
CLM0041,Nigeria,Africa,6.4,1.17,2010,5.56,Low,High,18
CLM0042,Brazil,South America,17.9,2.06,4131,1.62,Low,Low,39
CLM0043,Australia,Oceania,17.1,0.79,3938,3.14,Low,Medium,6
CLM0044,United States,North America,18.3,0.58,5401,4.75,High,Low,6
CLM0045,Pakistan,Asia,17.7,1.33,1384,5.96,High,Medium,51
CLM0046,Germany,Europe,17.3,2.41,3265,2.29,Medium,High,17
CLM0047,United States,North America,24.1,1.98,1357,5.26,Medium,Low,42
CLM0048,Germany,Europe,25.8,1.25,872,2.13,High,Low,35
CLM0049,Nigeria,Africa,17.4,2.11,662,5.96,Low,Medium,21
CLM0050,United Kingdom,Europe,26.2,2.06,5703,1.15,Low,Medium,46
CLM0051,Nigeria,Africa,22.5,1.54,3053,1.3,High,High,31
CLM0052,United States,North America,11.4,1.34,2203,1.06,High,Medium,42
CLM0053,Brazil,South America,24.7,1.75,4489,3.77,High,Medium,36
CLM0054,Australia,Oceania,9.5,1.83,1537,4.47,Medium,Medium,7
CLM0055,India,Asia,14.6,0.88,2694,5.91,Medium,Medium,21
CLM0056,India,Asia,22.4,1.74,4840,2.83,High,Medium,54
CLM0057,Brazil,South America,5.7,1.19,3859,1.63,High,Low,40
CLM0058,Nigeria,Africa,11.4,1.19,4446,2.69,High,Low,34
CLM0059,United States,North America,11.3,0.62,4696,5.18,Medium,Medium,32
CLM0060,Germany,Europe,16.1,1.17,5543,4.69,Medium,Low,31
CLM0061,Brazil,South America,28.5,2.19,4885,3.57,High,Low,17
CLM0062,Brazil,South America,18.1,1.37,4086,4.41,Medium,High,34
CLM0063,Australia,Oceania,13.6,1.16,623,4.18,Low,High,56
CLM0064,China,Asia,11.1,1.84,2714,1.94,Medium,Medium,47
CLM0065,Brazil,South America,15.7,1.32,5456,1.9,Low,Low,26
CLM0066,Pakistan,Asia,13.5,2.14,5645,2.43,Medium,High,59
CLM0067,Australia,Oceania,11.4,2.15,3710,2.94,High,Low,15
CLM0068,Germany,Europe,16.1,0.67,401,3.2,Medium,Medium,13
CLM0069,Germany,Europe,10.8,1.18,4350,5.79,Low,Low,40
CLM0070,India,Asia,24.0,1.12,441,3.81,High,Medium,8
CLM0071,Pakistan,Asia,29.8,1.83,354,4.05,Low,High,51
CLM0072,United Kingdom,Europe,20.7,0.76,3833,4.84,High,High,57
CLM0073,India,Asia,14.9,1.43,1488,3.79,High,Medium,6
CLM0074,China,Asia,26.1,1.07,3818,5.39,Medium,Low,13
CLM0075,Pakistan,Asia,29.3,2.46,2682,5.31,Medium,Low,47
CLM0076,Nigeria,Africa,26.8,0.55,3332,3.19,High,Medium,46
CLM0077,United States,North America,6.5,2.3,2657,3.07,Low,Medium,34
CLM0078,United States,North America,23.0,0.72,5677,1.97,High,Medium,12
CLM0079,India,Asia,12.4,1.7,364,4.46,High,Low,45
CLM0080,Australia,Oceania,23.5,1.24,950,4.15,Low,Low,6
CLM0081,Brazil,South America,15.4,1.8,1457,1.42,High,Medium,30
CLM0082,Pakistan,Asia,9.1,2.27,1699,3.37,Low,Medium,59
CLM0083,Australia,Oceania,19.4,0.63,5973,4.95,Low,Medium,18
CLM0084,Pakistan,Asia,17.9,0.55,2075,2.89,Low,Medium,8
CLM0085,China,Asia,8.6,0.93,3392,5.42,Low,Low,17
CLM0086,India,Asia,8.7,1.33,886,3.5,Low,Medium,8
CLM0087,Nigeria,Africa,13.7,0.59,4902,3.55,Low,High,41
CLM0088,Germany,Europe,21.3,1.0,4094,4.88,Medium,Low,33
CLM0089,United States,North America,13.0,2.18,5512,4.87,High,Medium,19
CLM0090,Brazil,South America,18.1,1.83,2743,4.9,Medium,Medium,51
CLM0091,China,Asia,16.0,0.66,5068,3.88,Low,Medium,35
CLM0092,Germany,Europe,8.6,1.31,4681,5.14,High,High,60
CLM0093,India,Asia,25.7,0.79,1275,5.24,Low,Medium,22
CLM0094,Nigeria,Africa,10.9,1.86,2804,3.38,Medium,High,35
CLM0095,United States,North America,14.4,1.82,5777,3.12,Medium,High,16
CLM0096,Germany,Europe,18.4,2.39,5509,3.18,Low,High,23
CLM0097,Canada,North America,11.8,1.16,687,5.86,Medium,Low,35
CLM0098,Nigeria,Africa,25.8,0.72,5685,5.39,Low,Low,40
CLM0099,Nigeria,Africa,17.3,0.55,2393,1.23,Low,Medium,7
CLM0100,United States,North America,17.3,2.44,3274,4.29,High,Medium,53
CLM0101,United Kingdom,Europe,7.9,1.91,5752,5.51,Medium,High,40
CLM0102,Australia,Oceania,28.8,0.56,1091,1.37,High,Medium,46
CLM0103,Brazil,South America,26.8,1.51,5527,2.25,Low,Medium,17
CLM0104,Nigeria,Africa,9.8,1.37,5343,1.25,Medium,Medium,18
CLM0105,Brazil,South America,24.8,1.24,3116,4.92,Medium,Low,24
CLM0106,India,Asia,17.7,1.16,1645,3.61,High,High,23
CLM0107,Australia,Oceania,11.0,1.37,1421,3.47,High,Low,59
CLM0108,United Kingdom,Europe,27.2,0.82,1716,2.27,Medium,Medium,37
CLM0109,Australia,Oceania,11.3,1.13,3163,2.5,Low,High,5
CLM0110,Pakistan,Asia,10.4,0.53,3620,4.33,Medium,Medium,56
CLM0111,Canada,North America,13.6,0.95,5576,1.78,Medium,High,10
CLM0112,United States,North America,25.1,1.59,5709,3.62,High,Low,30
CLM0113,United States,North America,12.4,0.97,598,2.2,Medium,Low,60
CLM0114,Nigeria,Africa,26.0,1.87,5316,3.78,Low,Medium,39
CLM0115,Nigeria,Africa,6.7,2.09,4286,5.57,Low,Low,10
CLM0116,Australia,Oceania,6.8,0.95,5173,3.15,Medium,Low,58
CLM0117,China,Asia,8.6,0.68,459,2.06,High,Medium,36
CLM0118,Pakistan,Asia,17.9,1.49,2156,1.59,Low,Medium,22
CLM0119,Australia,Oceania,23.4,0.92,4138,5.31,Low,Low,19
CLM0120,India,Asia,10.7,2.18,1594,5.67,High,High,25
CLM0121,India,Asia,14.5,1.95,4678,1.79,Medium,Low,16
CLM0122,India,Asia,18.7,1.94,314,5.32,High,Low,6
CLM0123,China,Asia,5.2,0.61,5163,3.93,Medium,Medium,38
CLM0124,Germany,Europe,21.1,0.82,1288,5.55,Medium,Low,11
CLM0125,Nigeria,Africa,28.0,1.71,3465,1.07,Medium,Low,37
CLM0126,India,Asia,9.0,2.09,2421,1.3,Low,High,59
CLM0127,Germany,Europe,15.4,2.03,2191,2.77,Low,Low,29
CLM0128,Australia,Oceania,27.5,1.2,4992,4.49,Medium,Medium,7
CLM0129,United Kingdom,Europe,11.4,2.45,3190,4.57,Medium,High,51
CLM0130,India,Asia,24.0,2.39,3286,4.06,Medium,High,36
CLM0131,United Kingdom,Europe,10.1,1.07,5129,3.72,High,Medium,38
CLM0132,Australia,Oceania,14.0,1.76,5975,4.91,Low,Medium,17
CLM0133,India,Asia,15.8,0.63,1758,2.7,Medium,Low,27
CLM0134,Australia,Oceania,17.3,1.15,4225,3.29,High,Medium,56
CLM0135,Brazil,South America,19.8,0.96,517,4.57,High,Low,46
CLM0136,Nigeria,Africa,16.5,1.3,4404,2.81,Medium,Low,15
CLM0137,United Kingdom,Europe,9.6,1.22,2671,4.82,Low,High,55
CLM0138,Nigeria,Africa,24.8,1.26,2858,1.83,Medium,Medium,49
CLM0139,Germany,Europe,20.1,1.41,1729,4.34,Low,Low,46
CLM0140,Nigeria,Africa,16.9,2.41,387,3.73,Medium,Medium,35
CLM0141,China,Asia,5.0,1.46,5188,4.11,High,High,40
CLM0142,Brazil,South America,17.6,0.57,444,3.83,Medium,Medium,23
CLM0143,Germany,Europe,10.9,2.3,3153,4.68,Low,Medium,36
CLM0144,Germany,Europe,29.6,1.14,5662,1.04,Low,High,15
CLM0145,India,Asia,19.9,0.87,760,2.8,High,High,60
CLM0146,United Kingdom,Europe,12.4,1.61,1047,1.34,Medium,High,32
CLM0147,China,Asia,14.8,1.87,4113,4.95,Low,Medium,31
CLM0148,Nigeria,Africa,11.1,1.01,1646,3.54,High,Medium,19
CLM0149,Brazil,South America,10.6,1.74,4009,1.31,High,Medium,15
CLM0150,Brazil,South America,18.8,1.88,5268,1.55,Medium,High,45
CLM0151,United Kingdom,Europe,13.6,0.89,985,3.11,High,Low,13
CLM0152,Brazil,South America,6.6,0.96,1130,1.15,Medium,High,48
CLM0153,United Kingdom,Europe,16.2,1.05,3631,1.33,High,Medium,51
CLM0154,Australia,Oceania,22.2,1.45,1755,5.61,High,Low,47
CLM0155,United States,North America,9.9,1.9,4587,2.39,Low,High,59
CLM0156,United States,North America,22.0,1.76,2539,5.68,Low,Low,43
CLM0157,Australia,Oceania,13.2,1.98,3350,4.2,Low,High,36
CLM0158,Brazil,South America,15.5,1.56,5304,5.86,Low,Medium,51
CLM0159,Pakistan,Asia,21.3,0.68,5070,3.92,High,High,8
CLM0160,Nigeria,Africa,14.3,0.9,3325,2.74,High,Medium,45
CLM0161,Nigeria,Africa,6.7,2.24,1544,3.02,Medium,Medium,34
CLM0162,United Kingdom,Europe,22.5,2.05,1520,5.73,Medium,High,23
CLM0163,United Kingdom,Europe,14.0,1.65,5679,5.03,Low,Low,33
CLM0164,Australia,Oceania,19.5,1.75,3163,4.77,Medium,Medium,11
CLM0165,United States,North America,28.5,1.19,475,3.3,Low,High,35
CLM0166,Pakistan,Asia,13.6,0.95,5498,3.61,Medium,Medium,20
CLM0167,United States,North America,5.4,2.43,2370,5.27,High,Low,41
CLM0168,India,Asia,12.8,0.67,3156,4.89,Low,High,25
CLM0169,Nigeria,Africa,17.7,0.65,4448,1.97,High,Low,27
CLM0170,Pakistan,Asia,26.5,1.46,5470,2.43,High,Medium,25
CLM0171,Australia,Oceania,18.1,0.71,4241,3.64,Low,Low,50
CLM0172,Canada,North America,13.5,2.25,5433,3.93,Medium,Medium,19
CLM0173,Nigeria,Africa,7.2,0.62,3711,2.49,Low,Low,12
CLM0174,Australia,Oceania,13.3,2.35,3476,1.63,High,Low,29
CLM0175,United Kingdom,Europe,25.9,1.98,3482,5.44,High,Low,20
CLM0176,Australia,Oceania,21.2,2.44,2839,2.3,Low,Medium,19
CLM0177,Brazil,South America,24.3,1.69,5686,4.55,Low,High,37
CLM0178,Brazil,South America,16.6,2.32,4033,1.84,Low,Medium,35
CLM0179,Australia,Oceania,8.2,1.14,2408,2.03,Medium,Low,26
CLM0180,Germany,Europe,23.3,1.93,380,3.12,Medium,Medium,23
CLM0181,Pakistan,Asia,19.4,0.72,1393,5.67,Medium,Low,7
CLM0182,Germany,Europe,29.4,2.0,1044,1.3,Medium,High,42
CLM0183,China,Asia,5.2,1.7,785,5.35,Medium,High,50
CLM0184,China,Asia,11.9,2.03,3194,3.81,Low,High,51
CLM0185,Canada,North America,17.0,2.26,5231,3.27,Low,Low,32
CLM0186,China,Asia,25.3,1.87,5844,2.42,Low,Medium,11
CLM0187,India,Asia,16.6,1.66,4514,3.92,Medium,High,38
CLM0188,Germany,Europe,22.2,1.62,1878,3.05,High,High,29
CLM0189,Nigeria,Africa,14.2,2.44,1006,1.64,High,High,33
CLM0190,Brazil,South America,14.3,1.88,5304,2.32,High,High,43
CLM0191,Nigeria,Africa,19.8,1.12,2622,3.52,High,Medium,16
CLM0192,Germany,Europe,29.9,1.38,1389,3.59,Low,Low,46
CLM0193,China,Asia,21.9,2.41,1578,5.69,High,Low,52
CLM0194,Nigeria,Africa,8.6,1.32,1311,5.04,High,High,15
CLM0195,United States,North America,14.9,1.65,3077,4.62,Low,Medium,33
CLM0196,Brazil,South America,20.6,0.91,1096,3.67,Medium,Medium,33
CLM0197,Nigeria,Africa,28.9,2.04,4259,3.14,Low,Medium,18
CLM0198,Canada,North America,18.0,1.93,2831,5.17,High,High,16
CLM0199,Australia,Oceania,10.1,1.74,4833,5.25,Low,Low,38
CLM0200,Nigeria,Africa,9.7,2.24,2987,2.04,Low,High,48
CLM0201,Nigeria,Africa,15.6,1.8,1916,4.04,High,Medium,58
CLM0202,Brazil,South America,7.4,1.43,4516,3.22,Medium,Medium,29
CLM0203,Canada,North America,18.5,1.65,3528,3.57,Low,Medium,31
CLM0204,Nigeria,Africa,28.5,1.6,5785,2.77,High,Medium,51
CLM0205,India,Asia,5.2,0.67,4815,5.92,High,Low,39
CLM0206,Brazil,South America,11.7,0.58,1913,3.3,High,Low,45
CLM0207,China,Asia,13.4,1.6,4840,3.07,High,High,12
CLM0208,Canada,North America,28.2,1.34,2011,4.95,Medium,High,10
CLM0209,China,Asia,28.0,2.01,2186,3.03,Low,Medium,60
CLM0210,Brazil,South America,19.4,1.63,2881,2.79,Medium,Medium,48
CLM0211,United States,North America,13.0,1.43,3456,2.26,High,Low,53
CLM0212,India,Asia,23.2,1.97,1822,2.55,High,Low,9
CLM0213,United States,North America,8.5,1.2,4034,3.15,Medium,Medium,55
CLM0214,Brazil,South America,27.3,0.99,4092,3.47,Low,Medium,45
CLM0215,India,Asia,27.8,2.22,4665,1.42,Medium,High,34
CLM0216,Germany,Europe,24.7,2.11,677,2.63,Low,Medium,43
CLM0217,United Kingdom,Europe,8.5,1.17,5205,4.09,High,High,21
CLM0218,Nigeria,Africa,11.9,0.8,1112,2.16,High,High,42
CLM0219,Australia,Oceania,28.3,0.84,4293,5.64,Low,Medium,27
CLM0220,United States,North America,18.4,1.27,5147,5.97,Low,Low,7
CLM0221,Pakistan,Asia,18.4,2.06,5783,1.26,Medium,Low,37
CLM0222,United Kingdom,Europe,16.5,1.92,1665,3.63,High,Low,14
CLM0223,China,Asia,29.2,0.87,4736,4.55,High,Medium,58
CLM0224,Germany,Europe,14.3,1.96,5668,1.71,High,Low,44
CLM0225,China,Asia,16.3,1.95,517,5.05,High,Medium,31
CLM0226,Germany,Europe,18.8,1.57,5613,5.71,High,High,59
CLM0227,India,Asia,6.8,0.9,1128,5.96,High,Low,15
CLM0228,Pakistan,Asia,17.5,1.31,2002,5.68,Medium,Low,25
CLM0229,Australia,Oceania,15.3,1.52,2137,4.01,High,Low,22
CLM0230,Nigeria,Africa,18.3,1.69,5699,3.79,High,Low,14
CLM0231,Pakistan,Asia,24.7,2.42,2388,3.94,Medium,High,44
CLM0232,Brazil,South America,9.0,1.32,3998,1.88,High,Medium,11
CLM0233,United States,North America,24.7,1.8,2478,2.74,Low,Medium,33
CLM0234,Brazil,South America,21.2,2.11,1780,4.38,High,Medium,57
CLM0235,United States,North America,22.5,0.96,2787,4.29,Low,High,42
CLM0236,United Kingdom,Europe,19.1,0.88,4149,4.81,High,Medium,38
CLM0237,Canada,North America,18.8,0.6,325,3.16,High,Medium,57
CLM0238,Pakistan,Asia,22.1,0.77,4429,3.41,Medium,High,30
CLM0239,China,Asia,19.1,1.38,5084,1.74,High,Low,50
CLM0240,India,Asia,25.4,1.84,383,2.6,Low,High,19
CLM0241,Germany,Europe,16.1,1.56,670,4.33,Low,Medium,5
CLM0242,Australia,Oceania,10.6,1.61,464,1.38,Low,Low,17
CLM0243,Brazil,South America,8.6,1.86,2816,4.94,High,Low,10
CLM0244,China,Asia,10.5,0.86,2795,2.68,High,High,35
CLM0245,Canada,North America,5.4,1.28,898,4.81,Low,Low,30
CLM0246,Brazil,South America,27.8,2.1,1854,4.35,Medium,High,22
CLM0247,China,Asia,11.8,2.24,1197,1.62,High,High,20
CLM0248,Germany,Europe,27.7,2.39,1015,3.28,Medium,Low,44
CLM0249,Brazil,South America,5.9,1.88,2354,3.53,Low,Medium,57
CLM0250,United States,North America,5.1,0.73,2451,3.11,Medium,Medium,20
CLM0251,India,Asia,13.8,2.38,1785,4.85,Low,Medium,9
CLM0252,Nigeria,Africa,9.8,0.67,3957,3.12,High,Low,18
CLM0253,China,Asia,12.7,0.7,4347,2.6,Low,Low,44
CLM0254,China,Asia,9.5,0.92,5676,1.56,High,High,14
CLM0255,Nigeria,Africa,16.2,1.85,4062,2.18,Low,Medium,16
CLM0256,Germany,Europe,19.3,1.13,1603,3.75,Medium,High,17
CLM0257,United States,North America,26.9,2.03,2352,4.92,Medium,Low,26
CLM0258,China,Asia,8.8,2.05,2297,3.66,Low,Low,43
CLM0259,Australia,Oceania,17.0,1.25,2834,1.67,Medium,High,18
CLM0260,Germany,Europe,18.7,0.7,5859,3.47,High,High,21
CLM0261,Brazil,South America,28.5,0.55,4682,5.23,Low,Medium,11
CLM0262,Pakistan,Asia,8.5,0.53,4497,4.53,Low,High,55
CLM0263,Brazil,South America,12.6,1.33,2567,3.61,Medium,Medium,60
CLM0264,Brazil,South America,29.1,0.83,5048,5.37,High,Medium,32
CLM0265,Australia,Oceania,29.6,1.82,4930,1.38,Low,Medium,6
CLM0266,United Kingdom,Europe,18.9,2.48,3775,3.66,Low,Low,55
CLM0267,Nigeria,Africa,6.2,0.6,645,2.02,High,High,6
CLM0268,United States,North America,28.4,2.09,4803,1.25,High,High,22
CLM0269,India,Asia,5.7,1.95,3530,2.27,Medium,High,54
CLM0270,Australia,Oceania,5.7,1.93,1738,3.72,High,Low,48
CLM0271,Germany,Europe,19.8,1.05,1551,2.42,Low,High,30
CLM0272,United States,North America,28.8,0.75,3169,5.69,Medium,Low,39
CLM0273,United States,North America,14.6,0.79,3452,2.72,Medium,Medium,54
CLM0274,Nigeria,Africa,27.2,2.36,894,3.14,Low,Low,7
CLM0275,Australia,Oceania,5.2,2.05,1337,1.05,Medium,Medium,43
CLM0276,China,Asia,7.4,1.75,5066,1.03,Medium,High,14
CLM0277,Nigeria,Africa,15.1,1.24,435,5.83,High,Low,14
CLM0278,Australia,Oceania,21.0,1.25,1042,4.16,Medium,High,12
CLM0279,Germany,Europe,9.3,2.36,1588,1.8,High,High,56
CLM0280,United States,North America,7.9,2.0,2334,2.43,High,Medium,42
CLM0281,Germany,Europe,21.3,2.02,4291,5.65,Low,Low,47
CLM0282,United States,North America,27.9,2.4,3224,4.96,Medium,Low,17
CLM0283,Pakistan,Asia,26.7,1.78,4855,3.11,Low,High,47
CLM0284,India,Asia,23.5,1.62,1932,2.12,High,Medium,49
CLM0285,Germany,Europe,19.8,1.4,3267,3.78,Low,Low,58
CLM0286,India,Asia,10.5,0.62,4770,5.54,High,Medium,38
CLM0287,China,Asia,12.2,2.16,5354,4.53,High,Low,48
CLM0288,Australia,Oceania,29.2,0.86,1568,1.67,Low,Low,32
CLM0289,Nigeria,Africa,26.1,1.8,2111,4.22,Low,High,19
CLM0290,Pakistan,Asia,28.9,2.26,4543,2.29,High,Medium,50
CLM0291,Canada,North America,9.9,0.87,719,4.96,High,High,28
CLM0292,Australia,Oceania,12.9,1.7,4196,4.6,Medium,Medium,12
CLM0293,Canada,North America,9.8,0.88,2691,5.0,Medium,Low,35
CLM0294,India,Asia,8.9,1.05,5711,4.74,High,Low,11
CLM0295,United States,North America,22.1,0.52,5148,5.35,Medium,Low,47
CLM0296,United Kingdom,Europe,15.5,2.44,3636,5.49,High,Medium,36
CLM0297,China,Asia,5.1,0.9,5737,4.02,Low,Medium,52
CLM0298,Australia,Oceania,6.2,1.97,3605,5.83,Low,High,39
CLM0299,India,Asia,26.7,1.01,5355,5.92,High,Medium,30
CLM0300,China,Asia,28.9,0.68,3575,3.38,Medium,Low,14
CLM0301,Canada,North America,5.4,0.7,1745,1.38,Low,Low,48
CLM0302,Pakistan,Asia,21.0,1.25,4316,2.43,Medium,High,27
CLM0303,Nigeria,Africa,18.6,1.78,3807,5.21,Low,Medium,42
CLM0304,Germany,Europe,18.4,1.94,1489,1.41,Low,Low,45
CLM0305,Australia,Oceania,9.3,1.2,1711,5.61,Medium,Low,42
CLM0306,Germany,Europe,26.4,1.56,5042,2.93,Low,High,57
CLM0307,Nigeria,Africa,8.3,0.57,3538,3.44,High,Medium,27
CLM0308,Canada,North America,9.8,1.82,2485,3.13,Medium,High,47
CLM0309,Pakistan,Asia,10.7,1.39,625,5.03,Medium,Low,60
CLM0310,Canada,North America,10.0,2.19,5998,4.95,Medium,Medium,35
CLM0311,United States,North America,18.9,0.99,3513,1.57,High,High,9
CLM0312,United Kingdom,Europe,27.9,1.1,1796,3.42,High,Medium,41
CLM0313,Brazil,South America,9.6,1.9,957,5.73,Medium,Low,28
CLM0314,United Kingdom,Europe,5.1,2.43,2062,4.95,Low,Medium,44
CLM0315,China,Asia,22.4,2.3,4993,4.75,High,Low,24
CLM0316,Nigeria,Africa,21.9,1.97,5640,3.78,High,High,44
CLM0317,United States,North America,13.1,1.12,3317,1.69,Medium,Medium,49
CLM0318,United Kingdom,Europe,15.4,1.89,1613,2.97,High,High,5
CLM0319,Brazil,South America,22.0,1.9,3400,4.7,Medium,Medium,15
CLM0320,United States,North America,15.7,2.12,3826,2.66,Low,Medium,35
CLM0321,United States,North America,26.3,1.25,4361,5.64,Medium,Low,24
CLM0322,Brazil,South America,13.9,0.76,2066,1.93,High,Low,54
CLM0323,Brazil,South America,19.4,0.65,1148,4.66,Low,Low,23
CLM0324,India,Asia,11.1,0.6,3393,3.87,Low,Medium,16
CLM0325,Nigeria,Africa,18.4,2.35,1262,5.09,Medium,Low,47
CLM0326,United States,North America,18.6,1.09,969,1.79,Low,Medium,45
CLM0327,India,Asia,7.0,0.66,5282,3.25,Medium,Low,5
CLM0328,Brazil,South America,25.3,1.92,5539,3.55,High,High,29
CLM0329,United States,North America,21.1,1.6,5135,3.06,Low,Medium,57
CLM0330,Canada,North America,7.0,1.91,5764,3.02,High,High,29
CLM0331,Pakistan,Asia,29.0,0.58,2084,1.05,High,High,56
CLM0332,Australia,Oceania,15.1,0.71,3915,2.3,Medium,High,59
CLM0333,Pakistan,Asia,28.6,2.04,5766,1.21,Medium,Low,13
CLM0334,United Kingdom,Europe,8.3,2.45,1602,5.72,Medium,Low,46
CLM0335,Brazil,South America,7.4,0.77,1206,5.2,High,Medium,24
CLM0336,India,Asia,10.9,0.74,2440,5.29,Low,Medium,58
CLM0337,Germany,Europe,17.0,0.57,4760,2.66,Medium,Medium,17
CLM0338,Nigeria,Africa,7.2,1.7,1222,3.23,High,Low,5
CLM0339,India,Asia,23.5,1.23,1538,1.79,High,Low,31
CLM0340,Australia,Oceania,29.4,0.73,1266,5.91,Low,High,47
CLM0341,United States,North America,21.3,1.86,810,2.63,Medium,Medium,47
CLM0342,Australia,Oceania,15.5,1.31,1398,5.6,Low,Low,20
CLM0343,United Kingdom,Europe,7.9,2.03,4008,4.21,Low,Medium,39
CLM0344,Brazil,South America,8.0,1.57,2463,4.96,High,High,42
CLM0345,Pakistan,Asia,27.4,1.66,2095,2.39,Medium,High,34
CLM0346,Germany,Europe,29.3,2.47,2058,4.81,Low,Low,45
CLM0347,Germany,Europe,12.0,1.16,786,5.96,High,Medium,59
CLM0348,United States,North America,13.2,1.18,1784,1.31,Medium,Medium,29
CLM0349,United Kingdom,Europe,5.6,0.63,2091,2.67,High,Medium,43
CLM0350,United States,North America,9.8,2.14,4678,1.88,Medium,Medium,32
CLM0351,China,Asia,18.1,2.0,4113,4.99,High,Low,56
CLM0352,Australia,Oceania,27.1,2.05,372,2.1,Medium,Medium,31
CLM0353,Pakistan,Asia,25.0,0.98,5574,5.51,Low,Low,13
CLM0354,Pakistan,Asia,19.7,2.24,4495,4.15,Medium,Low,50
CLM0355,Nigeria,Africa,27.9,1.05,4693,1.07,Medium,High,24
CLM0356,China,Asia,23.8,1.39,3396,3.36,Medium,Medium,34
CLM0357,Nigeria,Africa,6.5,1.42,839,3.6,High,Low,52
CLM0358,China,Asia,19.5,2.48,5487,3.54,High,Medium,18
CLM0359,United States,North America,22.6,2.18,2222,5.59,High,Low,55
CLM0360,Australia,Oceania,28.0,1.79,436,2.06,High,High,32
CLM0361,Germany,Europe,6.9,1.96,2376,5.24,Medium,Medium,17
CLM0362,Nigeria,Africa,22.7,1.44,1359,3.2,High,Low,38
CLM0363,Canada,North America,21.2,1.91,5076,5.63,Medium,Medium,55
CLM0364,China,Asia,10.8,0.98,2330,5.49,Low,Low,24
CLM0365,China,Asia,29.2,1.04,5650,2.79,High,Medium,17
CLM0366,Nigeria,Africa,8.5,2.26,3664,4.51,High,Medium,16
CLM0367,Australia,Oceania,16.7,0.89,5260,5.86,Low,Medium,58
CLM0368,Brazil,South America,25.6,0.55,2424,2.72,Medium,Medium,60
CLM0369,China,Asia,21.6,1.24,5362,3.73,Medium,Medium,26
CLM0370,Canada,North America,6.7,2.0,1381,3.04,High,High,40
CLM0371,Nigeria,Africa,6.1,1.48,1249,3.1,Medium,Medium,19
CLM0372,China,Asia,19.2,0.92,355,4.84,Medium,High,38
CLM0373,Brazil,South America,16.8,1.41,996,3.41,Medium,Medium,54
CLM0374,China,Asia,13.2,1.91,5602,1.59,Medium,Low,20
CLM0375,Canada,North America,18.0,0.63,455,5.99,High,High,30
CLM0376,India,Asia,8.6,1.34,5248,2.97,Low,Low,26
CLM0377,Australia,Oceania,17.7,1.88,5391,5.83,Low,High,42
CLM0378,Brazil,South America,7.6,1.08,1789,2.71,High,High,7
CLM0379,United Kingdom,Europe,8.9,2.44,4065,2.61,Low,High,57
CLM0380,Germany,Europe,19.7,1.91,4600,5.61,Low,High,13
CLM0381,Germany,Europe,21.3,2.49,4145,5.4,Medium,Low,47
CLM0382,United States,North America,11.2,2.08,5175,4.31,Low,Medium,34
CLM0383,Nigeria,Africa,16.8,1.76,765,4.8,High,Medium,17
CLM0384,Germany,Europe,26.4,0.85,3007,4.41,Low,Low,50
CLM0385,Australia,Oceania,24.9,1.34,2209,2.76,Medium,Medium,54
CLM0386,Pakistan,Asia,9.6,1.21,1809,2.25,High,Low,48
CLM0387,Nigeria,Africa,6.2,1.68,3925,1.3,Medium,High,11
CLM0388,Australia,Oceania,8.0,2.38,1658,4.09,Low,High,56
CLM0389,United Kingdom,Europe,27.5,0.77,5907,2.61,High,Low,10
CLM0390,Australia,Oceania,29.0,0.89,2909,1.74,High,Low,29
CLM0391,Canada,North America,11.0,1.1,5707,1.86,Medium,High,33
CLM0392,Canada,North America,20.2,1.47,2081,3.61,High,Medium,52
CLM0393,Brazil,South America,20.9,1.48,2126,3.25,Low,High,9
CLM0394,Germany,Europe,26.0,1.55,3240,5.88,Medium,Medium,50
CLM0395,Canada,North America,19.4,0.66,3269,2.03,Medium,Low,43
CLM0396,Pakistan,Asia,20.9,1.68,4347,5.74,High,Low,20
CLM0397,United States,North America,15.9,1.38,4720,2.3,Medium,Low,19
CLM0398,United Kingdom,Europe,9.3,1.14,649,1.53,Low,Low,10
CLM0399,Brazil,South America,17.6,2.4,1990,4.8,Low,High,43
CLM0400,Pakistan,Asia,13.8,2.44,5948,3.1,Low,Low,30
CLM0401,Brazil,South America,28.3,1.61,2372,5.38,Low,Medium,52
CLM0402,Australia,Oceania,18.5,1.85,3788,4.48,Low,Low,50
CLM0403,Canada,North America,15.7,2.25,1066,1.64,High,Medium,49
CLM0404,United Kingdom,Europe,24.2,2.19,5323,1.98,High,Low,31
CLM0405,Germany,Europe,10.5,0.78,1598,3.09,High,High,15
CLM0406,Germany,Europe,13.4,1.41,5881,3.94,Medium,Medium,55
CLM0407,India,Asia,20.8,1.4,1724,4.89,Low,Low,41
CLM0408,Germany,Europe,19.1,0.56,5165,5.21,Medium,Low,26
CLM0409,United Kingdom,Europe,25.9,0.97,2459,4.87,Low,Medium,33
CLM0410,Brazil,South America,25.1,1.14,2139,5.36,High,Low,54
CLM0411,China,Asia,26.6,1.36,4341,2.12,Medium,Medium,7
CLM0412,Australia,Oceania,18.7,1.11,1863,1.58,High,Medium,36
CLM0413,United States,North America,21.0,1.09,2435,3.08,Low,High,47
CLM0414,Canada,North America,19.6,1.05,5310,4.06,Medium,High,28
CLM0415,Nigeria,Africa,24.1,2.01,3299,5.67,Low,Medium,40
CLM0416,India,Asia,8.1,1.66,4633,5.86,Medium,High,49
CLM0417,Nigeria,Africa,21.8,1.87,5942,5.17,Medium,Medium,55
CLM0418,Nigeria,Africa,29.5,0.98,3329,3.38,Medium,Low,6
CLM0419,Brazil,South America,21.3,2.27,3671,3.96,Medium,High,22
CLM0420,Nigeria,Africa,5.4,1.93,5507,1.21,Medium,Medium,16
CLM0421,Canada,North America,20.3,1.63,2446,5.69,High,Medium,40
CLM0422,Canada,North America,23.0,0.99,4559,3.07,High,High,37
CLM0423,Pakistan,Asia,25.4,0.8,3530,5.71,Low,Low,58
CLM0424,Australia,Oceania,17.5,1.46,5598,1.91,High,Medium,56
CLM0425,Canada,North America,21.0,1.14,4510,4.82,Medium,Medium,21
CLM0426,United Kingdom,Europe,7.4,1.28,2746,3.91,Low,Medium,25
CLM0427,India,Asia,29.4,0.98,2302,1.49,Medium,High,26
CLM0428,Canada,North America,13.9,1.44,4877,3.36,High,Low,9
CLM0429,China,Asia,21.0,1.78,2478,4.01,Medium,Low,29
CLM0430,Australia,Oceania,24.8,1.45,4761,5.2,Low,High,11
CLM0431,Canada,North America,21.2,2.48,3767,5.1,Medium,High,21
CLM0432,Nigeria,Africa,13.4,1.95,4369,3.78,Medium,Low,58
CLM0433,Pakistan,Asia,18.3,2.25,653,5.01,Medium,High,46
CLM0434,China,Asia,25.2,1.74,1094,4.89,Medium,Medium,50
CLM0435,India,Asia,8.0,0.77,560,3.3,High,Low,23
CLM0436,Australia,Oceania,23.4,1.72,1528,3.23,Low,Medium,31
CLM0437,China,Asia,26.2,0.76,4936,5.22,Medium,High,54
CLM0438,Nigeria,Africa,16.5,1.6,2962,1.05,Medium,Medium,29
CLM0439,Canada,North America,29.5,1.01,913,3.15,High,Low,21
CLM0440,United States,North America,16.5,1.4,5486,4.7,Medium,Low,59
CLM0441,Canada,North America,25.0,1.07,3107,3.87,Low,High,41
CLM0442,United States,North America,13.6,1.02,3367,2.26,High,Low,13
CLM0443,Canada,North America,25.6,2.05,3313,2.81,High,High,13
CLM0444,United Kingdom,Europe,18.3,1.64,4599,3.98,Medium,Low,46
CLM0445,China,Asia,11.6,0.81,5817,1.64,Medium,High,12
CLM0446,Nigeria,Africa,17.9,1.01,5145,4.76,Low,Low,50
CLM0447,Germany,Europe,29.9,1.12,5925,2.55,Low,Medium,40
CLM0448,Pakistan,Asia,5.2,1.83,1718,2.97,Medium,Low,19
CLM0449,United Kingdom,Europe,13.7,1.88,4301,3.74,High,High,29
CLM0450,United States,North America,18.9,2.33,3390,5.53,High,Low,28
CLM0451,India,Asia,20.9,0.78,660,2.71,Low,Low,53
CLM0452,China,Asia,19.3,0.63,2431,3.06,Low,Medium,10
CLM0453,Germany,Europe,29.2,1.97,5552,5.5,Low,Medium,7
CLM0454,Canada,North America,17.4,2.48,5221,2.36,High,High,8
CLM0455,India,Asia,14.2,1.39,2266,3.48,Medium,Low,46
CLM0456,Brazil,South America,16.4,0.96,4512,5.22,Medium,Medium,36
CLM0457,Brazil,South America,21.6,1.51,2036,3.99,Low,Low,7
CLM0458,Germany,Europe,27.8,1.89,4173,5.13,Low,High,38
CLM0459,Brazil,South America,7.3,1.01,5475,2.01,Low,Medium,41
CLM0460,Pakistan,Asia,12.0,1.99,4865,3.45,Medium,Medium,13
CLM0461,United States,North America,9.5,0.84,909,4.39,Low,High,52
CLM0462,Nigeria,Africa,16.1,1.44,3552,3.31,High,Medium,55
CLM0463,Nigeria,Africa,23.2,1.81,1230,2.38,Low,High,57
CLM0464,China,Asia,8.7,2.29,3606,4.2,Low,Medium,27
CLM0465,Pakistan,Asia,29.8,0.5,5439,2.75,Low,High,51
CLM0466,Pakistan,Asia,25.6,1.78,1665,5.08,High,High,54
CLM0467,United States,North America,5.7,2.34,4929,4.75,Medium,High,8
CLM0468,China,Asia,7.4,2.44,2453,1.77,High,Medium,41
CLM0469,United Kingdom,Europe,21.1,1.97,5056,4.63,Low,Medium,22
CLM0470,United Kingdom,Europe,16.6,2.25,2410,1.89,Low,Low,24
CLM0471,Nigeria,Africa,8.5,1.45,2360,3.84,Low,High,52
CLM0472,Nigeria,Africa,5.5,1.97,2697,3.48,High,Low,37
CLM0473,Brazil,South America,24.4,1.48,1698,5.62,Low,High,56
CLM0474,Nigeria,Africa,9.3,2.4,3156,5.45,High,High,53
CLM0475,Brazil,South America,10.8,0.8,4034,1.91,High,Low,41
CLM0476,India,Asia,19.8,1.75,5346,3.14,Medium,Medium,15
CLM0477,Germany,Europe,8.5,2.47,3982,3.53,High,Medium,23
CLM0478,Brazil,South America,28.8,2.34,2087,3.33,Low,Low,8
CLM0479,China,Asia,24.8,1.34,4508,4.31,Medium,High,55
CLM0480,India,Asia,11.4,1.25,1700,5.67,High,High,55
CLM0481,Brazil,South America,8.0,1.5,2788,3.73,High,High,30
CLM0482,United Kingdom,Europe,29.4,1.54,4230,5.43,Medium,Low,9
CLM0483,India,Asia,18.5,2.49,3713,5.64,Medium,Medium,8
CLM0484,United Kingdom,Europe,28.2,0.86,4377,3.08,Medium,Low,56
CLM0485,Nigeria,Africa,12.5,1.39,911,1.2,Low,Low,5
CLM0486,Brazil,South America,15.5,2.33,2137,3.29,High,Medium,45
CLM0487,India,Asia,7.0,2.05,1648,5.3,High,Medium,18
CLM0488,United States,North America,24.5,1.21,4548,2.69,Low,Medium,34
CLM0489,Germany,Europe,24.6,1.04,2096,5.65,High,Low,19
CLM0490,Nigeria,Africa,18.1,1.39,2573,5.3,Low,High,5
CLM0491,United States,North America,22.4,0.91,2297,3.46,Low,Low,13
CLM0492,Pakistan,Asia,10.0,0.79,3502,3.56,Medium,Medium,5
CLM0493,United States,North America,6.5,1.69,1700,4.58,Medium,Medium,45
CLM0494,Brazil,South America,26.8,1.6,2900,4.06,Low,Medium,19
CLM0495,United States,North America,6.3,1.94,3702,5.57,Low,Medium,33
CLM0496,Pakistan,Asia,28.9,1.43,4132,5.84,High,High,20
CLM0497,China,Asia,21.1,1.26,1049,1.61,Low,Medium,6
CLM0498,Brazil,South America,18.2,2.08,1912,3.84,High,Medium,23
CLM0499,United Kingdom,Europe,18.5,1.79,2712,2.51,Low,Low,8
CLM0500,United States,North America,14.4,1.14,3805,3.91,Low,Medium,25
CLM0501,United States,North America,10.4,2.48,1736,5.61,Medium,Medium,36
CLM0502,United States,North America,7.5,0.66,390,4.46,Medium,Low,50
CLM0503,Pakistan,Asia,21.9,1.69,497,4.41,Medium,Medium,28
CLM0504,Australia,Oceania,7.8,0.58,2521,3.18,Medium,Low,28
CLM0505,Germany,Europe,24.5,2.25,2413,3.2,Medium,Low,41
CLM0506,Nigeria,Africa,22.9,1.52,507,2.6,High,Medium,42
CLM0507,China,Asia,24.1,1.94,5228,4.09,Medium,Low,42
CLM0508,Australia,Oceania,13.0,1.6,520,4.32,Low,High,52
CLM0509,Canada,North America,14.9,2.04,1663,3.49,Low,Medium,39
CLM0510,United Kingdom,Europe,18.6,2.33,2112,2.25,Low,Low,21
CLM0511,Canada,North America,20.0,0.75,5884,2.48,Medium,High,16
CLM0512,Brazil,South America,9.4,0.94,4693,4.02,High,High,22
CLM0513,India,Asia,15.5,1.4,5715,5.36,Low,Low,53
CLM0514,Pakistan,Asia,9.3,0.66,5309,3.54,High,Low,44
CLM0515,Germany,Europe,20.9,0.83,2625,4.25,Low,High,55
CLM0516,Germany,Europe,26.6,1.5,4477,2.1,Medium,Low,57
CLM0517,Nigeria,Africa,17.7,0.53,1252,1.73,Low,Low,21
CLM0518,Nigeria,Africa,14.0,0.92,5980,1.24,High,Low,46
CLM0519,India,Asia,29.3,1.22,3160,1.21,Medium,High,13
CLM0520,Nigeria,Africa,14.0,2.07,4687,5.75,Low,Low,31
CLM0521,Germany,Europe,25.6,2.08,2416,3.0,Low,Medium,36
CLM0522,Canada,North America,11.2,1.39,2104,5.72,Low,Medium,16
CLM0523,United States,North America,28.7,1.96,4909,2.84,High,High,24
CLM0524,Germany,Europe,23.1,0.53,4519,3.31,Medium,High,22
CLM0525,Australia,Oceania,15.5,1.23,2945,3.04,High,High,23
CLM0526,China,Asia,16.9,1.48,2173,4.72,Medium,Medium,56
CLM0527,Brazil,South America,17.3,1.16,4919,5.63,Low,High,36
CLM0528,Nigeria,Africa,16.1,1.97,2920,2.97,Low,High,24
CLM0529,Pakistan,Asia,5.7,1.26,5867,1.42,High,Medium,14
CLM0530,Australia,Oceania,7.5,0.7,1607,3.83,Medium,Medium,32
CLM0531,China,Asia,21.1,2.07,351,5.82,Medium,High,26
CLM0532,Brazil,South America,27.5,1.33,3240,4.4,Low,Medium,10
CLM0533,Germany,Europe,26.1,1.47,4641,2.22,High,High,29
CLM0534,Nigeria,Africa,15.2,2.14,5709,3.93,Low,Medium,26
CLM0535,China,Asia,22.6,1.87,1429,4.16,Low,Low,58
CLM0536,Canada,North America,28.1,2.29,2897,2.97,High,High,51
CLM0537,Pakistan,Asia,8.4,1.48,3659,3.94,Low,High,56
CLM0538,Nigeria,Africa,9.3,1.65,4320,5.49,Medium,High,19
CLM0539,China,Asia,16.7,1.94,5688,2.1,Low,Medium,32
CLM0540,United Kingdom,Europe,25.5,2.3,4416,4.72,Medium,Low,25
CLM0541,Germany,Europe,14.0,2.13,3904,4.7,Medium,Low,15
CLM0542,United States,North America,20.5,1.77,1004,1.25,Low,High,57
CLM0543,Australia,Oceania,17.2,0.5,5083,5.18,Low,Low,11
CLM0544,United States,North America,16.3,1.72,1681,3.45,Medium,Low,48
CLM0545,India,Asia,16.1,1.34,3665,3.48,Medium,Medium,20
CLM0546,Germany,Europe,18.5,1.62,2543,4.56,Medium,High,16
CLM0547,Australia,Oceania,14.1,0.84,5354,1.19,Medium,Low,30
CLM0548,Germany,Europe,16.5,1.57,2933,1.19,High,High,13
CLM0549,United Kingdom,Europe,17.9,0.93,4616,2.32,High,Low,15
CLM0550,United States,North America,12.7,1.39,2896,3.83,High,Low,47
CLM0551,India,Asia,11.2,2.42,2021,1.45,Low,High,8
CLM0552,Australia,Oceania,23.4,0.72,4248,5.47,High,High,10
CLM0553,Canada,North America,22.2,1.46,2973,5.0,Low,High,18
CLM0554,Canada,North America,21.8,0.78,714,3.12,Medium,Low,33
CLM0555,Canada,North America,26.2,1.36,2220,5.95,Low,High,27
CLM0556,Australia,Oceania,21.5,0.5,1974,3.02,High,High,52
CLM0557,Australia,Oceania,19.0,1.49,2525,4.44,Low,Low,20
CLM0558,China,Asia,7.5,1.05,5691,5.88,Medium,High,57
CLM0559,India,Asia,28.1,1.38,3126,2.56,Medium,Medium,22
CLM0560,Australia,Oceania,9.5,2.38,2995,3.37,High,Low,34
CLM0561,China,Asia,24.3,1.73,4988,5.03,Low,Medium,8
CLM0562,United States,North America,7.3,1.11,5628,2.75,Medium,High,13
CLM0563,Brazil,South America,25.1,2.32,2555,1.22,Medium,Medium,43
CLM0564,Brazil,South America,10.9,2.11,4879,5.0,High,Low,34
CLM0565,Brazil,South America,28.0,0.75,3111,5.08,Low,High,6
CLM0566,India,Asia,16.7,2.13,4329,3.7,Medium,Medium,11
CLM0567,India,Asia,10.0,2.44,2403,4.04,High,Medium,25
CLM0568,China,Asia,11.2,1.52,5929,1.95,Medium,High,56
CLM0569,Brazil,South America,17.9,1.83,3260,5.89,Medium,Low,29
CLM0570,United Kingdom,Europe,25.5,0.9,1170,1.5,Medium,Low,21
CLM0571,Canada,North America,14.2,0.78,742,1.75,High,Medium,35
CLM0572,Canada,North America,7.9,2.05,1852,4.89,Medium,Low,25
CLM0573,Nigeria,Africa,9.1,1.41,4370,1.93,High,Medium,16
CLM0574,Canada,North America,20.4,1.16,3701,3.95,Medium,Medium,7
CLM0575,Australia,Oceania,19.9,1.48,3475,2.42,High,Medium,31
CLM0576,Brazil,South America,26.3,1.42,3957,5.52,High,Low,14
CLM0577,China,Asia,13.8,1.06,1778,3.85,Low,Medium,40
CLM0578,Canada,North America,5.5,0.97,4522,5.39,Medium,Medium,16
CLM0579,Brazil,South America,16.1,1.41,4119,2.61,Medium,Medium,30
CLM0580,India,Asia,14.5,0.6,4237,5.16,Medium,Low,57
CLM0581,Nigeria,Africa,20.5,2.23,5527,4.75,High,High,8
CLM0582,Nigeria,Africa,26.2,1.07,1815,4.91,High,High,42
CLM0583,Pakistan,Asia,19.2,1.48,2858,1.29,Low,Medium,15
CLM0584,Australia,Oceania,15.3,1.33,4498,4.23,Low,High,56
CLM0585,Germany,Europe,12.2,1.23,3976,4.98,High,High,41
CLM0586,China,Asia,16.9,0.85,3665,4.73,Medium,High,26
CLM0587,Nigeria,Africa,11.8,2.27,3256,5.7,Medium,Low,58
CLM0588,Germany,Europe,19.7,0.55,2197,1.25,Low,Medium,16
CLM0589,United Kingdom,Europe,11.9,1.84,5946,5.83,Medium,High,47
CLM0590,Canada,North America,10.4,2.2,1842,1.12,Medium,Low,51
CLM0591,Australia,Oceania,24.9,0.78,459,5.7,Low,High,9
CLM0592,Germany,Europe,24.4,0.59,5652,5.97,Medium,High,11
CLM0593,Canada,North America,14.0,1.12,4314,4.1,Medium,High,29
CLM0594,United States,North America,21.3,2.1,2706,4.26,High,Low,14
CLM0595,Australia,Oceania,17.1,1.51,5606,4.76,High,Low,60
CLM0596,Pakistan,Asia,5.8,1.73,2244,3.7,Medium,Medium,56
CLM0597,Brazil,South America,8.0,1.9,1367,2.15,High,High,58
CLM0598,Australia,Oceania,17.4,0.55,5971,5.37,High,Low,24
CLM0599,Canada,North America,18.6,0.75,3701,3.24,High,Low,56
CLM0600,Nigeria,Africa,15.3,0.51,4335,4.94,High,Low,43
CLM0601,China,Asia,17.2,1.42,2592,4.12,High,High,60
CLM0602,Australia,Oceania,21.8,1.59,3516,2.89,High,Medium,5
CLM0603,Brazil,South America,23.7,0.78,3282,4.55,Medium,Low,24
CLM0604,Nigeria,Africa,9.1,1.52,3577,2.62,High,High,40
CLM0605,India,Asia,18.0,0.9,5939,1.43,Medium,Low,14
CLM0606,Brazil,South America,16.5,1.86,5835,2.14,Low,Medium,18
CLM0607,Brazil,South America,7.3,0.98,935,1.11,Medium,Low,57
CLM0608,Germany,Europe,5.3,1.22,2747,4.41,Low,High,40
CLM0609,India,Asia,19.3,1.82,1361,4.43,High,Low,29
CLM0610,India,Asia,11.2,0.53,2507,2.6,Low,High,34
CLM0611,Australia,Oceania,24.6,2.25,3538,2.86,High,Low,10
CLM0612,India,Asia,13.0,0.68,828,1.75,Low,Low,52
CLM0613,United States,North America,17.6,0.91,616,2.53,High,Low,12
CLM0614,Nigeria,Africa,27.7,1.84,4534,5.03,Medium,High,24
CLM0615,United Kingdom,Europe,6.3,2.13,2215,5.59,Medium,Low,9
CLM0616,Germany,Europe,28.0,2.36,1435,2.53,Low,Low,35
CLM0617,Brazil,South America,15.7,1.26,5571,2.32,High,High,55
CLM0618,Pakistan,Asia,15.9,2.16,4902,2.5,Low,Low,22
CLM0619,United Kingdom,Europe,9.2,1.39,4998,4.92,High,Low,43
CLM0620,United States,North America,22.3,1.56,3204,5.12,Medium,Medium,18
CLM0621,Pakistan,Asia,17.2,1.21,3102,4.4,Low,Medium,43
CLM0622,Germany,Europe,7.7,2.17,1908,4.57,High,Medium,50
CLM0623,Pakistan,Asia,18.5,0.93,4117,1.13,High,Low,36
CLM0624,United States,North America,26.6,2.02,1143,5.46,Medium,Low,13
CLM0625,China,Asia,21.6,2.4,375,4.31,Low,Medium,54
CLM0626,United Kingdom,Europe,26.9,0.63,2020,2.19,High,Medium,22
CLM0627,United Kingdom,Europe,18.7,0.79,4412,5.86,High,Medium,50
CLM0628,Germany,Europe,18.4,1.58,990,3.65,High,Medium,17
CLM0629,Brazil,South America,21.7,1.64,2792,3.93,Low,High,43
CLM0630,Pakistan,Asia,21.5,0.51,1483,2.22,Medium,Medium,15
CLM0631,United Kingdom,Europe,6.0,2.04,2658,1.44,High,High,5
CLM0632,Brazil,South America,23.0,1.03,3412,2.56,High,Medium,44
CLM0633,Brazil,South America,28.4,2.45,5728,1.81,Medium,High,5
CLM0634,China,Asia,12.6,1.89,3062,3.52,High,High,38
CLM0635,Canada,North America,12.4,1.13,1089,5.42,Medium,Low,25
CLM0636,China,Asia,17.1,1.66,3717,5.23,Medium,High,20
CLM0637,United Kingdom,Europe,14.0,2.24,3201,4.39,Low,High,57
CLM0638,Pakistan,Asia,23.5,0.55,5411,1.94,Low,Medium,56
CLM0639,Pakistan,Asia,8.1,0.86,2452,3.1,High,Low,41
CLM0640,Pakistan,Asia,18.8,1.74,4164,1.58,Medium,Medium,46
CLM0641,United States,North America,6.6,2.28,4394,3.89,High,Low,8
CLM0642,United Kingdom,Europe,13.7,2.15,2543,3.51,Medium,High,12
CLM0643,Nigeria,Africa,14.6,2.41,4403,5.39,High,Medium,31
CLM0644,Australia,Oceania,17.4,1.5,2877,3.22,Medium,Medium,29
CLM0645,Nigeria,Africa,18.4,2.46,2891,1.71,Low,Low,53
CLM0646,Brazil,South America,7.9,1.06,2148,2.14,Medium,High,32
CLM0647,Australia,Oceania,5.0,2.37,2235,1.05,Low,High,5
CLM0648,India,Asia,8.8,1.19,1287,2.85,Low,High,45
CLM0649,Australia,Oceania,25.0,1.07,360,2.07,Medium,High,32
CLM0650,Brazil,South America,10.1,1.85,3142,2.23,Medium,Low,48
CLM0651,Australia,Oceania,28.2,1.28,3009,2.34,Medium,High,5
CLM0652,Nigeria,Africa,22.7,1.09,5679,1.87,Medium,Medium,11
CLM0653,Pakistan,Asia,6.9,2.15,5643,5.63,Medium,Low,5
CLM0654,India,Asia,8.3,0.56,1156,3.58,Low,High,29
CLM0655,United States,North America,21.0,1.64,2209,2.51,Low,Low,15
CLM0656,Canada,North America,25.6,1.14,1819,1.95,Medium,Low,20
CLM0657,Brazil,South America,17.6,0.9,3266,1.64,High,Medium,51
CLM0658,Germany,Europe,11.5,1.59,5232,1.86,High,High,28
CLM0659,United Kingdom,Europe,21.1,2.48,4448,2.16,Medium,Medium,50
CLM0660,United Kingdom,Europe,13.9,1.67,3997,5.36,Medium,Medium,25
CLM0661,Germany,Europe,7.4,0.6,5585,1.54,Medium,Medium,48
CLM0662,United Kingdom,Europe,29.4,0.65,1050,5.62,Low,Medium,16
CLM0663,Germany,Europe,25.7,1.64,2978,5.46,Low,High,59
CLM0664,United Kingdom,Europe,29.9,1.57,3198,2.71,Low,High,19
CLM0665,China,Asia,9.8,2.49,993,1.04,Low,Medium,16
CLM0666,United Kingdom,Europe,11.9,1.45,2973,5.42,Medium,Low,31
CLM0667,China,Asia,17.0,1.77,585,2.63,Medium,Low,23
CLM0668,Germany,Europe,22.3,0.56,4765,4.71,Low,Medium,23
CLM0669,Australia,Oceania,11.0,2.07,4780,4.31,Low,Medium,44
CLM0670,Canada,North America,8.5,2.15,3800,4.8,High,High,47
CLM0671,Australia,Oceania,13.6,1.96,4065,3.05,High,Medium,41
CLM0672,Germany,Europe,8.3,0.54,802,4.77,Low,Low,56
CLM0673,Nigeria,Africa,20.2,2.32,1825,4.67,High,Medium,55
CLM0674,United States,North America,7.2,2.27,1157,2.55,High,High,25
CLM0675,Germany,Europe,24.3,1.02,2172,1.42,Medium,High,9
CLM0676,China,Asia,8.9,1.76,2185,2.36,Low,Medium,49
CLM0677,Nigeria,Africa,17.9,1.75,5248,2.12,Low,High,6
CLM0678,Canada,North America,22.0,2.21,5178,1.96,Low,Low,5
CLM0679,Brazil,South America,10.2,0.72,1226,2.15,Medium,Low,14
CLM0680,Canada,North America,5.9,2.41,4510,1.96,High,Medium,43
CLM0681,United Kingdom,Europe,26.2,2.45,3489,3.65,Low,Medium,10
CLM0682,Pakistan,Asia,27.0,1.52,3659,5.87,Low,Low,36
CLM0683,Nigeria,Africa,6.5,1.92,2903,2.68,Low,Low,44
CLM0684,India,Asia,23.9,1.38,3064,3.3,High,Low,47
CLM0685,Canada,North America,26.6,0.64,3758,2.13,Medium,High,7
CLM0686,Pakistan,Asia,29.3,1.06,4376,5.01,High,High,24
CLM0687,United Kingdom,Europe,11.1,1.83,2419,3.18,Low,Medium,55
CLM0688,United States,North America,21.9,1.29,3099,4.29,Medium,Low,10
CLM0689,United States,North America,25.0,1.55,2647,2.06,High,High,27
CLM0690,Canada,North America,5.3,0.97,5944,3.94,High,Medium,45
CLM0691,China,Asia,29.4,2.09,520,1.16,Low,Medium,45
CLM0692,United Kingdom,Europe,5.9,1.58,4684,2.36,Medium,High,27
CLM0693,India,Asia,21.7,1.67,5581,2.16,Medium,Low,18
CLM0694,Brazil,South America,13.3,1.02,5847,4.35,Low,High,25
CLM0695,Nigeria,Africa,29.9,1.56,2634,2.97,Low,High,53
CLM0696,United Kingdom,Europe,12.1,0.59,3030,4.25,Medium,Low,8
CLM0697,United Kingdom,Europe,16.1,1.78,5173,5.11,Medium,Low,40
CLM0698,United Kingdom,Europe,5.3,1.78,3294,2.57,High,Medium,49
CLM0699,United Kingdom,Europe,16.1,1.39,3430,3.73,Medium,Medium,18
CLM0700,United Kingdom,Europe,20.5,1.61,564,3.35,Low,High,37
CLM0701,Australia,Oceania,9.2,1.33,4790,5.77,High,Low,17
CLM0702,Canada,North America,23.1,2.15,662,3.44,High,Medium,59
CLM0703,Pakistan,Asia,24.0,0.51,2600,5.3,Medium,Low,59
CLM0704,Australia,Oceania,8.9,0.53,5927,5.49,Low,High,50
CLM0705,Germany,Europe,18.3,1.81,1300,4.36,High,Low,45
CLM0706,Germany,Europe,10.7,0.63,3403,5.37,Low,High,45
CLM0707,India,Asia,22.1,1.18,2778,2.96,Medium,Medium,51
CLM0708,Nigeria,Africa,9.6,1.64,5204,5.12,Low,High,7
CLM0709,Australia,Oceania,16.0,0.99,2172,1.79,High,Medium,18
CLM0710,Canada,North America,14.6,1.23,3425,4.42,Low,Low,51
CLM0711,China,Asia,27.2,0.78,2051,2.94,High,Medium,49
CLM0712,Brazil,South America,16.9,1.18,4994,5.29,Medium,Medium,24
CLM0713,United States,North America,8.9,2.3,429,5.23,High,Low,47
CLM0714,Nigeria,Africa,21.8,1.43,3446,2.64,Medium,Medium,46
CLM0715,United States,North America,28.8,0.77,1190,3.04,Low,Medium,54
CLM0716,Canada,North America,20.0,0.95,1741,1.87,Low,Low,48
CLM0717,Pakistan,Asia,9.6,2.34,5764,4.05,Medium,Low,11
CLM0718,China,Asia,28.2,0.67,2449,4.03,Low,Medium,17
CLM0719,India,Asia,29.4,1.6,977,4.24,Medium,Medium,31
CLM0720,China,Asia,8.1,2.15,4390,2.55,Medium,Medium,33
CLM0721,Brazil,South America,18.0,2.44,4151,4.72,Low,High,8
CLM0722,Germany,Europe,25.1,1.38,1945,2.28,High,Medium,5
CLM0723,United Kingdom,Europe,24.0,0.56,3296,5.79,Low,High,48
CLM0724,India,Asia,7.9,1.52,1938,4.77,Medium,High,44
CLM0725,United Kingdom,Europe,19.7,0.57,2083,3.93,High,Low,35
CLM0726,United Kingdom,Europe,17.7,1.12,895,1.93,Medium,Low,50
CLM0727,India,Asia,25.6,0.57,1600,4.71,High,Medium,51
CLM0728,China,Asia,6.5,0.64,3323,5.21,High,Medium,25
CLM0729,Canada,North America,8.2,0.61,4213,1.43,Low,High,30
CLM0730,Nigeria,Africa,12.1,1.6,4784,4.92,High,Medium,21
CLM0731,Canada,North America,28.7,1.4,2753,3.63,Medium,Low,16
CLM0732,Brazil,South America,19.8,1.16,841,5.61,High,Medium,10
CLM0733,United States,North America,22.2,1.83,4601,5.88,High,Low,11
CLM0734,China,Asia,21.3,2.04,5082,4.75,High,Medium,55
CLM0735,Brazil,South America,21.9,0.86,5778,2.35,Low,Low,13
CLM0736,Canada,North America,19.8,0.86,3551,1.71,High,Medium,52
CLM0737,Nigeria,Africa,20.3,1.82,5863,3.65,High,High,57
CLM0738,Canada,North America,24.2,2.45,877,4.72,Medium,Medium,21
CLM0739,Nigeria,Africa,24.5,1.99,4489,1.51,High,Low,19
CLM0740,Australia,Oceania,25.8,1.97,1392,5.66,High,Medium,45
CLM0741,Canada,North America,7.2,1.25,5297,1.85,High,Medium,16
CLM0742,Brazil,South America,22.1,0.85,3044,1.58,Low,Medium,18
CLM0743,Australia,Oceania,11.3,0.81,2266,5.24,Low,Low,22
CLM0744,United Kingdom,Europe,8.4,2.05,2352,5.8,Medium,High,38
CLM0745,China,Asia,6.8,1.3,5354,1.63,High,Low,26
CLM0746,Australia,Oceania,11.6,2.13,1687,2.77,Low,Medium,55
CLM0747,United Kingdom,Europe,12.6,1.64,2316,2.35,High,High,44
CLM0748,Canada,North America,20.7,1.57,521,5.71,Medium,Medium,21
CLM0749,United States,North America,23.7,2.32,5601,2.2,Medium,High,53
CLM0750,Australia,Oceania,6.8,1.42,1523,3.88,Medium,Medium,30
CLM0751,India,Asia,27.4,2.35,1690,2.71,Low,Medium,54
CLM0752,United Kingdom,Europe,6.0,1.49,557,2.86,High,High,23
CLM0753,Canada,North America,24.5,1.46,3449,1.09,High,High,49
CLM0754,Brazil,South America,11.9,0.74,833,2.57,Low,Low,22
CLM0755,Pakistan,Asia,24.1,2.37,3319,2.03,Medium,Medium,54
CLM0756,United Kingdom,Europe,27.5,1.06,5702,4.58,Low,Low,49
CLM0757,United States,North America,29.6,1.53,5276,2.86,Medium,Low,28
CLM0758,Germany,Europe,22.0,1.08,4210,4.21,Medium,Low,24
CLM0759,Germany,Europe,28.2,1.49,3811,1.5,Low,Low,51
CLM0760,United Kingdom,Europe,29.4,2.44,1176,1.56,Medium,High,33
CLM0761,Canada,North America,12.7,1.94,2465,5.94,Low,Medium,31
CLM0762,China,Asia,29.3,1.41,1708,5.33,Low,Low,10
CLM0763,Canada,North America,21.2,0.54,4907,5.15,Medium,Medium,52
CLM0764,Canada,North America,25.8,1.39,5672,5.96,High,Low,53
CLM0765,Pakistan,Asia,23.7,2.11,4044,3.67,Medium,High,59
CLM0766,Australia,Oceania,7.4,1.42,3617,5.69,Medium,High,50
CLM0767,Brazil,South America,27.9,2.42,5348,3.17,High,Low,38
CLM0768,Brazil,South America,25.0,1.35,2226,4.68,High,Low,57
CLM0769,United Kingdom,Europe,25.1,0.8,1174,1.48,Medium,Low,8
CLM0770,India,Asia,7.4,0.68,5328,4.7,Low,High,37
CLM0771,Nigeria,Africa,27.5,2.25,2478,3.18,Low,Medium,11
CLM0772,Canada,North America,11.3,1.8,4450,4.69,Medium,Low,14
CLM0773,United States,North America,22.0,1.5,1289,5.98,Low,Medium,11
CLM0774,China,Asia,12.3,0.81,3518,5.25,Low,Low,14
CLM0775,India,Asia,28.9,1.1,4358,5.46,High,High,14
CLM0776,United Kingdom,Europe,12.7,1.99,3322,1.83,High,High,11
CLM0777,United Kingdom,Europe,25.3,2.28,4215,1.25,High,Low,40
CLM0778,Pakistan,Asia,7.8,1.19,781,3.66,Low,High,51
CLM0779,Pakistan,Asia,9.8,1.63,1960,1.39,Low,High,38
CLM0780,United States,North America,12.2,0.55,2142,2.49,High,Medium,41
CLM0781,United States,North America,22.0,0.62,3915,4.1,Medium,Low,14
CLM0782,India,Asia,26.2,0.81,5883,4.71,Low,High,20
CLM0783,Canada,North America,13.0,2.39,769,2.33,Low,Medium,45
CLM0784,Australia,Oceania,29.9,1.04,4003,5.58,High,Medium,5
CLM0785,China,Asia,14.4,2.19,1891,3.54,Medium,Medium,55
CLM0786,Canada,North America,14.6,1.19,973,2.92,High,Low,25
CLM0787,United Kingdom,Europe,9.1,0.96,3676,1.35,Low,Medium,27
CLM0788,United Kingdom,Europe,5.8,0.7,3281,4.63,Low,Medium,23
CLM0789,United States,North America,28.2,2.45,1914,4.48,Low,High,16
CLM0790,United States,North America,26.8,1.05,3623,5.08,High,High,34
CLM0791,Pakistan,Asia,25.1,0.99,4054,1.84,High,Medium,43
CLM0792,Germany,Europe,27.6,2.44,2546,4.73,High,Low,21
CLM0793,India,Asia,11.8,1.13,984,2.74,Low,Low,54
CLM0794,Pakistan,Asia,28.5,0.72,4030,5.32,Medium,High,60
CLM0795,United States,North America,27.8,1.88,4415,3.72,Low,Low,60
CLM0796,United States,North America,21.6,1.12,5847,2.5,Medium,High,19
CLM0797,United Kingdom,Europe,11.1,1.25,4036,1.37,High,Low,17
CLM0798,China,Asia,18.9,1.46,4441,5.55,Low,Medium,40
CLM0799,United States,North America,18.2,0.88,1579,2.99,High,Medium,51
CLM0800,Canada,North America,17.4,1.41,5652,4.89,Medium,Low,16
CLM0801,Canada,North America,18.2,0.67,4092,1.34,Low,High,49
CLM0802,India,Asia,6.4,1.98,718,1.75,Medium,High,19
CLM0803,Australia,Oceania,15.7,2.34,3555,4.15,High,Medium,32
CLM0804,Germany,Europe,11.6,1.96,3957,4.47,Low,Low,47
CLM0805,Pakistan,Asia,5.7,1.83,4814,2.27,High,Medium,50
CLM0806,Nigeria,Africa,19.5,1.45,3764,3.36,Low,Medium,37
CLM0807,China,Asia,20.8,0.84,4066,1.15,Medium,Medium,31
CLM0808,Pakistan,Asia,25.9,0.57,1134,5.19,Low,High,55
CLM0809,Canada,North America,22.7,2.29,2836,5.46,High,Low,30
CLM0810,Canada,North America,23.7,1.4,5194,4.57,Low,Low,25
CLM0811,Nigeria,Africa,28.6,0.71,5895,2.76,Medium,Medium,13
CLM0812,Pakistan,Asia,21.7,1.06,3087,2.38,Medium,Medium,18
CLM0813,Canada,North America,16.2,1.71,1719,4.95,High,Low,17
CLM0814,Nigeria,Africa,14.5,2.24,1908,5.93,Medium,Low,10
CLM0815,China,Asia,12.1,2.2,4976,3.45,High,Low,31
CLM0816,Germany,Europe,25.2,1.11,347,1.33,Low,Medium,54
CLM0817,Brazil,South America,10.9,1.73,3607,3.83,High,Medium,49
CLM0818,Nigeria,Africa,13.7,1.95,2503,2.67,Low,Low,6
CLM0819,United States,North America,15.1,2.33,804,3.2,High,High,13
CLM0820,United States,North America,13.0,0.87,5499,2.47,Medium,High,58
CLM0821,Canada,North America,12.1,1.96,1131,4.74,Medium,Low,7
CLM0822,Pakistan,Asia,27.1,0.55,2579,2.63,Low,High,34
CLM0823,United States,North America,11.1,1.2,1097,1.16,Medium,High,39
CLM0824,Germany,Europe,21.1,0.82,1414,5.19,Low,Medium,18
CLM0825,United Kingdom,Europe,15.9,2.08,2604,2.13,Medium,Medium,45
CLM0826,Brazil,South America,5.3,0.8,2945,1.36,High,Low,52
CLM0827,United Kingdom,Europe,23.7,2.0,5248,3.26,High,Low,32
CLM0828,Germany,Europe,9.0,1.55,4235,1.68,Low,Medium,20
CLM0829,China,Asia,27.1,0.93,2085,5.35,Low,Low,23
CLM0830,Australia,Oceania,11.1,1.94,2304,2.82,Low,Low,31
CLM0831,Pakistan,Asia,22.6,0.57,2610,2.11,Medium,Medium,53
CLM0832,Brazil,South America,21.8,2.4,1703,5.4,High,Low,5
CLM0833,Pakistan,Asia,11.0,0.77,4452,1.82,Low,Low,56
CLM0834,Pakistan,Asia,29.4,0.98,4525,3.77,Low,Medium,52
CLM0835,Nigeria,Africa,18.6,1.81,5490,4.13,High,High,58
CLM0836,United Kingdom,Europe,16.7,1.32,2092,1.57,Low,High,59
CLM0837,Australia,Oceania,24.8,1.48,2594,1.68,Medium,Low,45
CLM0838,Nigeria,Africa,16.9,0.86,4669,2.6,Low,Low,55
CLM0839,United States,North America,23.3,1.6,5252,1.22,High,High,20
CLM0840,Pakistan,Asia,24.8,1.4,772,1.67,Medium,Low,18
CLM0841,Pakistan,Asia,26.1,0.92,578,2.09,Low,Medium,30
CLM0842,United Kingdom,Europe,11.5,1.45,1024,2.09,High,High,34
CLM0843,India,Asia,12.9,1.44,5453,5.9,High,Medium,18
CLM0844,China,Asia,18.1,2.4,4345,1.51,Medium,Low,34
CLM0845,United Kingdom,Europe,23.2,0.96,3134,2.66,High,Medium,10
CLM0846,United Kingdom,Europe,26.5,2.5,3421,2.82,Medium,High,45
CLM0847,Germany,Europe,26.7,1.97,3237,3.85,Low,High,44
CLM0848,Brazil,South America,8.8,0.7,2213,1.69,Low,Medium,33
CLM0849,Brazil,South America,21.4,1.83,790,4.09,Low,High,14
CLM0850,China,Asia,5.6,1.76,2565,4.48,Medium,Low,22
CLM0851,India,Asia,6.7,1.23,2465,4.79,Low,High,58
CLM0852,Canada,North America,11.6,2.01,5617,2.49,High,High,42
CLM0853,United States,North America,28.9,2.48,544,2.08,Low,Medium,46
CLM0854,Canada,North America,5.4,1.44,1375,4.22,Medium,High,26
CLM0855,India,Asia,18.1,0.55,3144,3.92,High,Medium,53
CLM0856,Australia,Oceania,29.0,0.55,3825,2.71,Low,High,58
CLM0857,Australia,Oceania,15.7,1.68,2154,5.55,High,High,32
CLM0858,Pakistan,Asia,8.9,0.81,4784,3.25,High,Medium,34
CLM0859,Australia,Oceania,5.3,1.22,860,2.48,Low,Medium,18
CLM0860,Germany,Europe,23.2,1.27,4258,2.08,High,Low,44
CLM0861,Canada,North America,24.7,2.0,355,2.46,High,Medium,22
CLM0862,Germany,Europe,21.1,1.05,5078,5.95,High,Medium,45
CLM0863,Nigeria,Africa,23.8,2.39,1150,5.18,Low,High,21
CLM0864,Canada,North America,20.6,1.72,1228,1.37,Medium,High,41
CLM0865,India,Asia,27.9,1.31,3656,5.15,High,Low,23
CLM0866,India,Asia,19.0,1.07,4429,2.51,Low,Medium,10
CLM0867,Nigeria,Africa,29.5,1.28,1838,1.96,Medium,Low,44
CLM0868,Germany,Europe,9.6,1.15,4279,4.89,Low,High,18
CLM0869,United Kingdom,Europe,6.0,1.0,2319,5.17,Low,Medium,49
CLM0870,India,Asia,26.2,1.84,5829,4.39,Medium,High,24
CLM0871,Brazil,South America,22.3,1.36,5158,5.01,Low,Medium,16
CLM0872,United Kingdom,Europe,14.6,0.86,3142,2.58,Medium,Medium,40
CLM0873,Nigeria,Africa,25.5,0.75,3711,4.76,High,High,39
CLM0874,United Kingdom,Europe,8.4,0.67,4332,3.3,Low,Medium,7
CLM0875,China,Asia,25.0,2.41,5928,4.04,High,Medium,24
CLM0876,China,Asia,28.5,0.62,1687,5.47,Medium,High,42
CLM0877,Australia,Oceania,10.2,1.9,5433,2.68,High,Low,56
CLM0878,Canada,North America,25.4,1.46,4825,2.77,High,Medium,46
CLM0879,Brazil,South America,21.7,1.8,4434,2.69,Medium,Medium,49
CLM0880,Brazil,South America,28.3,1.51,4242,3.81,Medium,Medium,31
CLM0881,Australia,Oceania,27.2,2.01,364,3.53,Low,Medium,46
CLM0882,Brazil,South America,9.7,1.45,480,2.45,Medium,Low,47
CLM0883,United States,North America,14.2,0.98,2494,5.38,Low,Low,40
CLM0884,China,Asia,8.2,1.31,1816,4.18,Medium,High,44
CLM0885,Australia,Oceania,8.9,0.69,302,2.27,High,Medium,55
CLM0886,Canada,North America,18.7,2.17,5810,1.8,Medium,High,41
CLM0887,China,Asia,22.6,1.16,1166,3.75,High,High,5
CLM0888,Australia,Oceania,7.0,1.54,4297,4.63,High,Medium,32
CLM0889,Pakistan,Asia,21.2,1.08,2517,4.73,Low,Medium,57
CLM0890,United States,North America,6.8,2.05,4932,5.05,High,High,5
CLM0891,China,Asia,20.4,1.2,1619,2.06,High,High,41
CLM0892,Nigeria,Africa,15.9,0.6,3391,3.1,High,Medium,32
CLM0893,Nigeria,Africa,11.0,1.05,1346,1.84,Low,Medium,49
CLM0894,Canada,North America,7.6,1.72,3013,5.29,Low,Medium,11
CLM0895,United Kingdom,Europe,12.2,1.62,3586,5.32,Medium,Medium,57
CLM0896,United Kingdom,Europe,29.7,1.36,424,4.4,High,Medium,9
CLM0897,Australia,Oceania,23.0,1.07,941,4.32,High,High,20
CLM0898,Australia,Oceania,28.9,2.26,1630,3.19,Medium,Low,55
CLM0899,Pakistan,Asia,24.1,0.71,5096,3.3,Low,High,6
CLM0900,Canada,North America,23.1,0.57,3548,3.11,Low,High,29
CLM0901,Germany,Europe,29.3,2.13,2462,3.84,Low,High,25
CLM0902,Nigeria,Africa,10.1,1.46,1087,2.65,Medium,Medium,6
CLM0903,Germany,Europe,15.1,1.23,2665,1.47,High,Medium,24
CLM0904,United Kingdom,Europe,27.5,0.85,5675,5.56,High,Medium,32
CLM0905,Nigeria,Africa,14.8,2.02,2855,4.22,High,Medium,5
CLM0906,India,Asia,10.5,1.36,946,2.7,High,Medium,6
CLM0907,India,Asia,18.4,2.05,3556,1.49,High,Medium,59
CLM0908,Nigeria,Africa,8.2,1.73,778,4.78,High,Low,45
CLM0909,Pakistan,Asia,20.0,1.54,3937,4.17,Medium,Low,41
CLM0910,India,Asia,27.8,2.15,3889,2.08,High,Medium,10
CLM0911,India,Asia,23.6,0.71,5800,1.02,Low,Low,19
CLM0912,China,Asia,6.6,1.1,4825,2.36,Low,Low,37
CLM0913,Canada,North America,5.1,1.6,2109,4.99,Medium,Low,52
CLM0914,Germany,Europe,11.5,0.62,4618,4.13,High,Medium,19
CLM0915,Pakistan,Asia,28.4,0.65,4703,3.02,Low,High,55
CLM0916,Australia,Oceania,26.7,2.05,2312,2.6,High,Medium,35
CLM0917,China,Asia,5.4,1.41,2610,5.32,Low,Low,17
CLM0918,Brazil,South America,18.7,1.97,4078,4.27,Medium,High,11
CLM0919,Pakistan,Asia,23.0,1.01,3466,4.81,Low,High,19
CLM0920,Germany,Europe,21.3,1.27,3206,2.57,Low,Low,51
CLM0921,Germany,Europe,27.3,1.24,4573,2.55,Medium,Medium,43
CLM0922,Nigeria,Africa,11.4,1.0,3266,5.88,Low,Low,40
CLM0923,Pakistan,Asia,18.9,1.49,2284,5.59,High,Medium,47
CLM0924,Pakistan,Asia,24.7,1.19,5278,3.09,High,Medium,30
CLM0925,United States,North America,10.3,1.71,424,3.89,Medium,Medium,8
CLM0926,United States,North America,26.4,0.96,3837,4.47,Medium,Low,54
CLM0927,Nigeria,Africa,27.0,0.61,4240,4.07,Medium,Medium,39
CLM0928,Germany,Europe,14.7,0.65,1801,2.21,Medium,High,7
CLM0929,United Kingdom,Europe,10.0,1.34,1344,5.48,Medium,Low,40
CLM0930,Australia,Oceania,28.7,1.61,2116,4.98,Medium,High,51
CLM0931,China,Asia,6.8,1.56,1267,1.1,High,High,23
CLM0932,Australia,Oceania,7.5,1.64,5376,1.08,Medium,Low,12
CLM0933,Pakistan,Asia,19.5,0.81,576,4.98,Low,Medium,28
CLM0934,Germany,Europe,16.3,1.13,5224,3.85,Medium,Medium,23
CLM0935,Brazil,South America,26.0,2.46,4925,5.06,Medium,Medium,14
CLM0936,Australia,Oceania,16.4,0.73,404,2.43,Medium,Low,34
CLM0937,Canada,North America,25.0,1.93,2640,3.62,High,High,41
CLM0938,Brazil,South America,12.8,1.4,3336,5.25,Low,High,39
CLM0939,United States,North America,17.8,0.87,1948,4.04,High,High,41
CLM0940,China,Asia,20.7,2.1,4380,4.7,Medium,Low,30
CLM0941,United Kingdom,Europe,7.5,0.98,5001,3.78,High,Medium,16
CLM0942,India,Asia,14.8,0.99,2879,2.79,Low,High,55
CLM0943,Canada,North America,20.3,0.81,4020,1.34,Low,Medium,41
CLM0944,Brazil,South America,16.8,1.89,1737,1.87,Low,Medium,27
CLM0945,Brazil,South America,26.6,0.86,5151,3.24,Medium,Low,20
CLM0946,Germany,Europe,19.1,1.85,4226,4.47,Low,Medium,55
CLM0947,Pakistan,Asia,5.2,2.4,1413,1.46,High,High,7
CLM0948,United Kingdom,Europe,12.5,2.35,4432,2.97,Medium,Low,60
CLM0949,Canada,North America,26.3,0.53,4607,1.13,High,Low,50
CLM0950,United Kingdom,Europe,29.5,0.88,2177,1.61,High,High,48
CLM0951,United States,North America,27.4,2.23,5831,4.1,High,High,24
CLM0952,India,Asia,17.4,0.59,4670,5.74,Low,Low,32
CLM0953,Pakistan,Asia,7.6,2.15,4647,2.72,High,Low,39
CLM0954,Australia,Oceania,21.2,2.14,3550,4.16,Low,Low,25
CLM0955,Brazil,South America,20.9,2.38,3215,1.09,High,High,55
CLM0956,China,Asia,9.9,0.59,3774,3.09,High,Medium,26
CLM0957,United States,North America,23.2,0.68,3815,4.05,Medium,High,54
CLM0958,Germany,Europe,6.6,1.26,5817,2.55,High,Medium,7
CLM0959,Brazil,South America,26.9,2.16,2222,1.48,High,Low,16
CLM0960,China,Asia,22.0,0.96,3129,1.58,Low,Low,49
CLM0961,Australia,Oceania,7.6,2.02,2702,4.82,Low,Low,48
CLM0962,United Kingdom,Europe,29.4,2.28,2082,1.38,Medium,Low,8
CLM0963,Australia,Oceania,9.7,2.39,2973,3.71,Low,Low,21
CLM0964,India,Asia,23.7,2.41,390,1.72,High,Low,24
CLM0965,United States,North America,28.3,2.13,2356,4.8,Medium,Low,29
CLM0966,Germany,Europe,17.7,1.45,1971,4.25,Medium,Medium,55
CLM0967,United Kingdom,Europe,27.2,0.79,374,4.7,Low,High,57
CLM0968,India,Asia,9.3,1.24,3214,3.82,Low,Low,7
CLM0969,Canada,North America,18.6,2.5,2089,5.61,Low,High,15
CLM0970,Nigeria,Africa,6.8,1.53,5667,5.34,Low,Medium,24
CLM0971,Pakistan,Asia,13.3,2.25,5448,3.43,Medium,Medium,56
CLM0972,China,Asia,26.5,1.55,5989,3.71,Medium,High,38
CLM0973,Brazil,South America,13.0,0.9,2460,4.51,High,High,26
CLM0974,Pakistan,Asia,26.6,0.89,3829,5.35,Low,Medium,53
CLM0975,Pakistan,Asia,24.4,1.98,5303,1.55,Low,High,19
CLM0976,Australia,Oceania,21.3,0.55,404,3.88,Medium,High,45
CLM0977,India,Asia,25.6,1.09,4957,5.53,High,High,31
CLM0978,United Kingdom,Europe,8.4,0.87,2025,5.91,Medium,High,52
CLM0979,Australia,Oceania,10.8,0.73,5945,3.89,Low,Medium,58
CLM0980,Nigeria,Africa,9.5,2.36,1631,2.37,High,Medium,19
CLM0981,Germany,Europe,16.0,1.99,3360,3.64,High,Medium,43
CLM0982,India,Asia,5.2,1.32,4782,1.84,High,Medium,13
CLM0983,Germany,Europe,11.0,2.35,2403,3.44,High,High,45
CLM0984,Australia,Oceania,28.7,0.84,1202,4.01,Medium,High,49
CLM0985,Brazil,South America,16.6,2.31,5895,2.7,High,Medium,15
CLM0986,Australia,Oceania,5.9,1.58,5301,5.52,High,Low,30
CLM0987,United Kingdom,Europe,13.2,0.53,5324,4.35,Low,Low,24
CLM0988,China,Asia,23.6,0.72,4734,5.36,Medium,Medium,56
CLM0989,China,Asia,22.2,2.37,5998,3.08,Medium,Medium,19
CLM0990,Brazil,South America,8.7,0.51,4368,5.97,High,Low,5
CLM0991,Brazil,South America,27.9,2.34,3916,3.19,Low,High,21
CLM0992,Nigeria,Africa,24.5,2.35,5144,3.91,Medium,Medium,24
CLM0993,United States,North America,13.6,2.09,436,4.76,High,High,11
CLM0994,Canada,North America,16.3,0.59,908,1.93,Medium,Medium,30
CLM0995,Brazil,South America,28.5,2.23,3326,1.39,High,Low,12
CLM0996,Pakistan,Asia,24.6,2.3,515,3.83,Low,High,50
CLM0997,India,Asia,9.4,2.46,3283,4.63,High,Medium,15
CLM0998,India,Asia,5.9,2.11,1891,4.45,Medium,Medium,47
CLM0999,Brazil,South America,13.1,1.6,2230,3.61,Low,Low,29
CLM1000,United States,North America,6.8,1.14,3693,5.5,Medium,Medium,41
CLM1001,India,Asia,23.6,1.63,956,5.86,High,Medium,26
CLM1002,Canada,North America,8.0,2.11,993,2.73,High,High,56
CLM1003,Brazil,South America,18.1,1.84,1825,3.02,High,Medium,24
CLM1004,India,Asia,9.3,1.55,3124,5.57,Medium,High,56
CLM1005,Brazil,South America,12.8,1.26,796,3.85,Low,Low,49
CLM1006,Australia,Oceania,22.6,0.95,2193,3.07,Medium,High,18
CLM1007,United States,North America,14.1,1.2,3864,3.87,Medium,High,56
CLM1008,Canada,North America,7.3,1.75,3091,2.98,High,High,58
CLM1009,Brazil,South America,21.7,2.29,894,3.29,Low,Low,57
CLM1010,Pakistan,Asia,5.1,1.64,4465,5.03,High,Medium,43
CLM1011,Germany,Europe,28.8,2.11,3258,1.6,High,Low,40
CLM1012,Pakistan,Asia,6.7,1.81,4376,4.48,Medium,Low,28
CLM1013,Pakistan,Asia,11.1,2.12,5326,5.64,High,Low,6
CLM1014,Brazil,South America,23.8,0.84,1646,1.96,High,Medium,14
CLM1015,India,Asia,13.0,1.95,5626,1.83,High,Medium,34
CLM1016,Brazil,South America,22.4,0.89,1372,5.52,Medium,Medium,26
CLM1017,Pakistan,Asia,26.6,1.79,3596,1.12,Medium,High,55
CLM1018,India,Asia,26.0,1.13,5088,3.61,Low,High,38
CLM1019,China,Asia,25.9,0.57,1139,4.72,Low,Medium,28
CLM1020,India,Asia,12.6,1.34,5640,3.08,High,Medium,36
CLM1021,Pakistan,Asia,9.4,0.54,3528,1.75,Low,Medium,46
CLM1022,Australia,Oceania,9.2,2.12,5946,1.0,High,Low,21
CLM1023,China,Asia,20.2,0.79,5897,1.0,Medium,High,49
CLM1024,Germany,Europe,23.0,1.75,4099,3.41,Low,Low,16
CLM1025,Canada,North America,26.0,2.06,5390,5.35,Medium,Low,20
CLM1026,China,Asia,9.1,2.29,5880,4.76,Medium,Low,41
CLM1027,Brazil,South America,17.4,0.52,3027,5.91,High,Low,31
CLM1028,Australia,Oceania,16.8,1.95,4918,2.25,Low,Low,30
CLM1029,India,Asia,19.8,1.36,870,3.29,High,Medium,58
CLM1030,India,Asia,23.6,2.43,3249,4.35,Medium,High,51
CLM1031,Brazil,South America,16.3,1.33,3175,3.57,Low,Low,41
CLM1032,United States,North America,20.0,1.56,3951,5.28,High,Medium,12
CLM1033,China,Asia,14.1,2.02,5651,5.22,Medium,Medium,12
CLM1034,United States,North America,25.1,1.32,1436,2.5,Medium,Low,15
CLM1035,United Kingdom,Europe,16.6,1.89,3035,5.61,Medium,High,11
CLM1036,India,Asia,28.9,1.58,4217,5.82,Low,Medium,19
CLM1037,China,Asia,17.8,0.82,513,2.95,High,Medium,7
CLM1038,Nigeria,Africa,14.6,1.23,3112,2.08,Medium,Medium,11
CLM1039,United Kingdom,Europe,17.1,1.18,4356,4.62,High,Medium,31
CLM1040,Brazil,South America,23.4,0.71,4312,5.6,Medium,High,7
CLM1041,Nigeria,Africa,28.1,0.63,3167,3.48,High,Low,30
CLM1042,India,Asia,20.4,2.43,884,2.55,Low,High,29
CLM1043,Brazil,South America,29.9,2.2,2489,2.53,High,Low,13
CLM1044,Pakistan,Asia,21.6,1.18,5648,5.62,Low,Low,30
CLM1045,Brazil,South America,23.3,1.89,1638,5.67,Medium,High,47
CLM1046,China,Asia,12.7,1.57,4352,3.96,Medium,Medium,15
CLM1047,Germany,Europe,14.7,1.08,5156,5.59,Medium,Medium,7
CLM1048,Brazil,South America,29.0,1.6,5648,2.1,High,Medium,20
CLM1049,Australia,Oceania,24.0,1.55,2955,1.36,Medium,High,56
CLM1050,Brazil,South America,17.3,1.16,4120,5.71,Medium,Medium,6
CLM1051,Germany,Europe,24.5,2.11,1096,3.53,High,High,10
CLM1052,United States,North America,28.4,1.13,1244,5.04,Medium,Medium,56
CLM1053,China,Asia,26.1,2.06,5366,5.13,High,Low,49
CLM1054,Australia,Oceania,19.9,1.04,1308,4.03,High,Low,50
CLM1055,China,Asia,15.0,1.79,1274,3.21,High,High,33
CLM1056,China,Asia,15.3,1.78,5580,4.33,Low,Medium,8
CLM1057,China,Asia,27.9,1.37,3908,4.82,Medium,High,51
CLM1058,Canada,North America,7.0,1.14,375,5.13,Medium,Medium,6
CLM1059,United Kingdom,Europe,20.9,2.41,5845,2.16,Low,Low,44
CLM1060,Nigeria,Africa,15.1,0.82,638,5.42,High,High,31
CLM1061,Germany,Europe,27.1,1.19,5767,1.88,Low,Low,6
CLM1062,Pakistan,Asia,26.4,1.76,3431,4.14,High,High,32
CLM1063,Germany,Europe,12.6,2.24,3650,5.12,Low,High,9
CLM1064,United States,North America,25.2,1.6,3318,3.87,Low,High,12
CLM1065,Brazil,South America,17.1,1.48,1438,1.52,Medium,Medium,39
CLM1066,Brazil,South America,26.3,1.19,1510,5.04,Medium,Low,35
CLM1067,China,Asia,9.7,1.15,1936,1.92,High,High,22
CLM1068,Australia,Oceania,12.3,1.57,1873,4.46,Medium,High,10
CLM1069,United States,North America,5.2,0.75,1514,3.43,High,Medium,27
CLM1070,India,Asia,12.7,1.14,4958,3.37,High,Low,58
CLM1071,Pakistan,Asia,24.4,2.43,4769,1.54,High,High,29
CLM1072,Australia,Oceania,6.3,1.41,5759,1.15,Low,Medium,47
CLM1073,United Kingdom,Europe,18.1,1.49,868,4.82,Low,High,15
CLM1074,Nigeria,Africa,16.2,0.76,3475,4.07,High,High,24
CLM1075,Germany,Europe,28.8,1.89,525,3.48,High,High,35
CLM1076,United Kingdom,Europe,16.4,1.54,4885,1.88,Medium,High,11
CLM1077,United Kingdom,Europe,6.9,1.53,5675,5.13,Low,High,18
CLM1078,Pakistan,Asia,14.2,2.29,1113,1.16,Medium,High,25
CLM1079,United States,North America,11.0,2.02,1063,4.99,Medium,Medium,36
CLM1080,Germany,Europe,11.1,0.88,5069,5.67,Medium,Low,57
CLM1081,Nigeria,Africa,12.8,1.75,4935,5.16,Low,Medium,25
CLM1082,United States,North America,17.2,2.17,4725,3.48,High,Medium,60
CLM1083,Nigeria,Africa,11.8,1.94,4823,2.46,Medium,Low,53
CLM1084,Germany,Europe,27.3,1.86,611,3.58,Medium,Low,36
CLM1085,Nigeria,Africa,9.6,1.51,3640,1.2,Medium,Low,16
CLM1086,United Kingdom,Europe,13.2,1.41,1150,1.21,Low,High,39
CLM1087,Germany,Europe,14.6,2.5,2535,3.32,Medium,High,24
CLM1088,United States,North America,27.5,1.87,932,3.34,Low,Low,45
CLM1089,Canada,North America,9.9,1.16,5109,3.47,High,Medium,46
CLM1090,Nigeria,Africa,15.0,1.76,2636,3.81,Low,High,24
CLM1091,India,Asia,8.7,0.76,2800,5.09,High,Medium,36
CLM1092,Nigeria,Africa,12.7,2.33,1633,3.3,Medium,Low,21
CLM1093,Nigeria,Africa,27.0,1.97,3844,4.63,Low,High,5
CLM1094,United States,North America,9.8,1.6,4758,3.72,Low,High,25
CLM1095,Brazil,South America,29.8,2.11,4179,4.89,High,Low,48
CLM1096,Germany,Europe,12.5,0.91,3049,2.69,High,Medium,50
CLM1097,Nigeria,Africa,16.9,0.53,852,1.82,High,High,29
CLM1098,Pakistan,Asia,6.4,2.19,1686,2.78,Medium,Low,32
CLM1099,Germany,Europe,25.0,1.73,4889,4.13,Medium,Medium,54
CLM1100,Brazil,South America,10.6,1.86,1213,3.63,Medium,Medium,51
CLM1101,India,Asia,13.8,1.62,2097,2.03,Low,Low,38
CLM1102,United Kingdom,Europe,6.8,0.76,1159,1.08,High,Low,17
CLM1103,Nigeria,Africa,21.1,2.12,3329,1.52,High,Low,31
CLM1104,India,Asia,18.3,1.22,1099,1.77,Low,Medium,15
CLM1105,Germany,Europe,10.6,2.36,5804,1.2,Low,High,6
CLM1106,United States,North America,9.4,1.85,4328,1.0,Medium,Medium,9
CLM1107,Australia,Oceania,19.8,0.72,726,1.33,Medium,High,7
CLM1108,China,Asia,8.4,1.69,2470,2.68,Medium,High,38
CLM1109,China,Asia,6.4,2.17,3123,5.24,Medium,High,23
CLM1110,India,Asia,14.1,2.23,5377,4.69,Medium,Medium,20
CLM1111,Germany,Europe,29.7,1.85,5539,5.24,Medium,Low,54
CLM1112,Pakistan,Asia,27.8,0.74,509,4.64,Medium,High,49
CLM1113,Brazil,South America,25.5,2.3,803,4.16,High,High,15
CLM1114,Brazil,South America,27.1,0.71,5606,3.6,Low,Medium,25
CLM1115,Canada,North America,12.7,0.7,3662,2.4,High,High,36
CLM1116,Nigeria,Africa,14.9,0.99,1258,5.53,Low,Low,53
CLM1117,Canada,North America,9.8,0.62,649,1.23,Low,Medium,12
CLM1118,India,Asia,12.3,1.79,3403,4.85,Low,Medium,49
CLM1119,Brazil,South America,12.8,0.57,3189,2.38,High,Low,38
CLM1120,United States,North America,12.5,1.02,3788,2.46,Low,Medium,41
CLM1121,Canada,North America,18.5,1.64,5524,3.93,High,Medium,7
CLM1122,Nigeria,Africa,28.4,2.4,523,2.89,High,Medium,29
CLM1123,United Kingdom,Europe,26.0,0.86,5792,2.74,Medium,Medium,15
CLM1124,China,Asia,19.8,2.44,5635,3.67,Low,Low,13
CLM1125,Nigeria,Africa,12.7,0.79,512,2.0,Medium,Medium,27
CLM1126,Germany,Europe,16.8,0.88,1245,1.27,High,Low,48
CLM1127,Canada,North America,12.3,0.76,1413,2.69,High,High,39
CLM1128,China,Asia,25.2,0.51,5427,5.17,Low,Medium,12
CLM1129,China,Asia,21.3,2.26,1830,5.65,Low,High,12
CLM1130,India,Asia,14.4,2.41,3578,5.81,Medium,Low,40
CLM1131,United Kingdom,Europe,6.6,0.62,750,4.27,Medium,Low,47
CLM1132,Nigeria,Africa,26.2,1.2,1079,1.92,Medium,High,36
CLM1133,Australia,Oceania,14.1,1.13,2151,2.62,High,High,11
CLM1134,Nigeria,Africa,10.9,1.28,388,3.65,Medium,Medium,14
CLM1135,Germany,Europe,20.8,1.89,4937,2.59,Medium,Medium,29
CLM1136,Pakistan,Asia,22.8,1.68,3662,3.39,Medium,High,21
CLM1137,United States,North America,10.3,1.58,1736,5.51,Medium,Medium,33
CLM1138,Brazil,South America,14.1,1.74,3706,2.84,Low,High,32
CLM1139,Australia,Oceania,6.3,1.33,2386,4.06,Medium,High,31
CLM1140,United Kingdom,Europe,20.8,2.28,753,4.69,High,Medium,18
CLM1141,India,Asia,21.8,1.49,3153,2.54,High,High,30
CLM1142,China,Asia,16.6,1.31,1317,5.1,High,Medium,56
CLM1143,United States,North America,10.5,1.01,1265,2.23,High,Medium,27
CLM1144,Germany,Europe,16.6,0.67,4133,4.25,Low,Low,31
CLM1145,United Kingdom,Europe,20.0,2.23,1270,5.21,Low,Medium,51
CLM1146,Australia,Oceania,25.8,0.99,1428,1.18,Low,High,8
CLM1147,India,Asia,16.0,1.51,2974,5.55,Medium,High,59
CLM1148,Canada,North America,8.1,0.74,3291,3.12,Low,High,14
CLM1149,Nigeria,Africa,5.8,1.45,2702,4.58,Low,High,46
CLM1150,Australia,Oceania,16.2,0.83,353,5.05,Medium,High,16
CLM1151,Nigeria,Africa,26.8,0.88,3732,1.24,High,Low,33
CLM1152,China,Asia,26.8,2.26,2108,2.74,Medium,High,45
CLM1153,Brazil,South America,7.8,1.15,5617,1.63,Medium,Low,23
CLM1154,United States,North America,8.2,2.36,4403,5.46,High,High,35
CLM1155,Canada,North America,28.7,2.06,3539,2.49,Medium,High,20
CLM1156,Canada,North America,7.2,0.97,4272,3.29,High,High,38
CLM1157,Nigeria,Africa,21.8,0.57,3312,5.44,Medium,Medium,56
CLM1158,United Kingdom,Europe,25.0,1.03,1061,1.55,Medium,Medium,20
CLM1159,Australia,Oceania,23.8,1.24,4063,3.49,Low,High,48
CLM1160,United States,North America,17.3,2.04,1811,5.5,High,Medium,17
CLM1161,Canada,North America,9.0,1.98,5031,3.02,Low,Medium,28
CLM1162,China,Asia,25.8,1.67,888,1.75,High,Low,58
CLM1163,United States,North America,9.6,2.34,2898,5.11,Medium,Low,19
CLM1164,Germany,Europe,12.5,0.6,701,2.27,Low,Low,41
CLM1165,Australia,Oceania,10.7,1.68,3449,2.84,Low,Medium,54
CLM1166,Australia,Oceania,10.3,0.67,2450,1.97,Medium,Medium,12
CLM1167,Nigeria,Africa,28.9,0.9,681,4.16,Low,High,20
CLM1168,Pakistan,Asia,10.0,1.59,5169,4.16,Medium,Medium,14
CLM1169,Brazil,South America,26.5,1.55,485,4.65,Medium,Medium,32
CLM1170,Germany,Europe,16.8,1.39,4687,3.33,Medium,High,31
CLM1171,Australia,Oceania,27.7,1.87,3668,2.98,Medium,Low,43
CLM1172,Germany,Europe,5.2,0.78,4128,2.84,Medium,Low,7
CLM1173,China,Asia,20.6,1.07,4363,2.27,Low,High,36
CLM1174,China,Asia,25.8,1.43,2016,3.51,Low,Medium,27
CLM1175,United States,North America,26.2,0.58,1714,3.28,High,Low,21
CLM1176,United States,North America,29.4,2.37,2805,5.49,Medium,Low,15
CLM1177,Australia,Oceania,12.3,0.82,5097,1.52,High,High,36
CLM1178,India,Asia,11.3,0.81,4259,4.86,High,Medium,11
CLM1179,Pakistan,Asia,9.0,1.54,5139,3.48,Medium,Low,33
CLM1180,India,Asia,10.4,2.42,4210,2.65,Low,Medium,40
CLM1181,India,Asia,7.9,0.56,446,3.71,High,Low,12
CLM1182,United States,North America,22.0,1.34,4776,2.11,Medium,High,44
CLM1183,Brazil,South America,5.8,0.61,303,4.79,High,Medium,54
CLM1184,India,Asia,9.0,1.86,4727,4.36,Low,High,30
CLM1185,Pakistan,Asia,5.7,2.49,3023,1.79,High,Low,23
CLM1186,Brazil,South America,15.2,1.64,463,2.56,Medium,Low,27
CLM1187,United States,North America,13.2,1.13,4009,1.76,Medium,Medium,41
CLM1188,United States,North America,26.6,1.23,4651,3.58,Medium,High,36
CLM1189,Germany,Europe,7.8,1.12,3128,5.19,Low,Low,25
CLM1190,Germany,Europe,19.7,2.06,1307,2.46,Medium,Low,20
CLM1191,Germany,Europe,9.3,1.12,3340,1.41,Low,Low,55
CLM1192,Australia,Oceania,23.3,0.72,5975,1.39,High,Low,41
CLM1193,United States,North America,10.6,2.27,864,2.0,High,Low,34
CLM1194,United States,North America,13.0,2.14,5853,1.73,Medium,Low,27
CLM1195,China,Asia,5.7,2.44,3230,4.33,Medium,Low,42
CLM1196,Pakistan,Asia,27.3,1.25,3852,2.15,High,High,52
CLM1197,India,Asia,19.9,0.63,5216,3.65,Medium,High,34
CLM1198,Nigeria,Africa,9.8,2.31,3558,4.99,Low,High,59
CLM1199,Nigeria,Africa,7.9,0.83,372,1.02,Low,Low,15
CLM1200,Australia,Oceania,13.4,0.6,2242,3.33,Medium,Medium,46
CLM1201,India,Asia,10.8,2.3,2336,2.34,Medium,Low,34
CLM1202,Brazil,South America,8.1,1.35,326,1.6,Low,High,44
CLM1203,India,Asia,16.9,2.48,2952,4.89,Medium,High,32
CLM1204,Germany,Europe,14.0,2.39,4341,1.62,Low,High,8
CLM1205,India,Asia,6.8,0.99,5224,3.75,Medium,Low,29
CLM1206,Nigeria,Africa,12.5,0.71,1346,1.18,Medium,Medium,60
CLM1207,Pakistan,Asia,6.5,1.12,4852,4.69,High,Low,9
CLM1208,United States,North America,21.0,2.24,3205,3.46,Low,High,12
CLM1209,Canada,North America,26.7,2.1,5349,4.18,Low,Low,28
CLM1210,Canada,North America,15.1,1.63,2302,2.26,Medium,High,5
CLM1211,Canada,North America,27.6,1.26,2065,4.56,High,Medium,12
CLM1212,India,Asia,16.8,1.49,3817,1.87,Low,Medium,40
CLM1213,Canada,North America,15.6,0.6,2366,2.15,High,Medium,26
CLM1214,Nigeria,Africa,28.6,0.96,3689,5.81,Medium,Medium,25
CLM1215,United States,North America,11.5,1.07,5151,1.79,High,Low,42
CLM1216,Canada,North America,23.8,1.08,4707,4.81,Medium,High,13
CLM1217,Brazil,South America,26.7,1.06,4702,1.66,Low,Medium,24
CLM1218,Canada,North America,17.5,1.69,1135,3.65,Low,High,23
CLM1219,United States,North America,22.5,2.34,5376,3.81,High,High,48
CLM1220,Brazil,South America,11.5,1.94,4145,1.32,High,Medium,60
CLM1221,United Kingdom,Europe,7.0,2.21,5161,3.1,Low,Medium,52
CLM1222,India,Asia,21.6,2.25,1691,4.07,Medium,Low,11
CLM1223,Brazil,South America,6.8,0.56,933,4.05,High,Medium,47
CLM1224,China,Asia,27.1,1.81,5840,1.16,Medium,Low,48
CLM1225,United Kingdom,Europe,21.8,2.43,1772,3.76,Medium,Medium,49
CLM1226,Australia,Oceania,12.3,1.94,5255,3.02,Medium,High,9
CLM1227,United Kingdom,Europe,19.4,1.45,1818,4.03,Low,Medium,47
CLM1228,Canada,North America,13.0,1.8,4745,1.02,Low,Low,45
CLM1229,United Kingdom,Europe,14.7,1.85,5788,3.07,Low,Low,28
CLM1230,Pakistan,Asia,11.3,2.2,1719,4.57,Medium,Medium,36
CLM1231,India,Asia,23.7,0.97,2947,5.31,Medium,Medium,27
CLM1232,Germany,Europe,28.8,0.72,5363,4.48,High,Low,10
CLM1233,United States,North America,25.6,0.69,3396,2.5,Medium,High,33
CLM1234,Germany,Europe,10.2,2.45,1700,5.28,Low,Medium,5
CLM1235,United Kingdom,Europe,28.3,2.03,3511,2.17,Medium,Low,58
CLM1236,Australia,Oceania,21.0,1.38,2726,4.53,Medium,Medium,23
CLM1237,Nigeria,Africa,16.3,1.52,4959,1.21,Medium,Medium,36
CLM1238,China,Asia,7.5,0.82,4845,1.19,Low,Low,46
CLM1239,Australia,Oceania,22.0,0.9,1782,1.93,High,High,21
CLM1240,Brazil,South America,16.0,1.4,2350,5.64,High,High,59
CLM1241,Nigeria,Africa,18.1,1.19,1529,2.22,Medium,High,25
CLM1242,Australia,Oceania,20.1,2.45,4432,2.49,Low,High,28
CLM1243,United States,North America,22.5,1.03,5336,5.48,Low,High,27
CLM1244,Germany,Europe,26.1,0.66,826,4.03,High,Medium,49
CLM1245,India,Asia,23.1,0.78,3783,4.18,Low,High,56
CLM1246,China,Asia,15.7,1.3,1219,5.53,High,High,49
CLM1247,Australia,Oceania,21.0,1.01,3136,2.88,Low,High,39
CLM1248,Nigeria,Africa,22.0,0.51,5287,1.32,Low,High,54
CLM1249,United States,North America,10.8,1.59,4598,4.2,Low,High,8
CLM1250,India,Asia,28.0,0.79,5031,5.85,Low,Low,11
CLM1251,China,Asia,25.8,1.21,5805,4.47,Low,High,24
CLM1252,Australia,Oceania,6.9,2.29,1609,4.08,Low,High,54
CLM1253,Australia,Oceania,28.2,2.27,2073,4.49,High,High,16
CLM1254,Australia,Oceania,8.0,1.05,2233,1.28,High,Low,7
CLM1255,India,Asia,21.9,1.31,1776,2.13,Medium,Low,54
CLM1256,Germany,Europe,16.3,2.02,2297,4.41,Low,Medium,34
CLM1257,India,Asia,17.4,1.93,5085,3.83,Medium,Medium,59
CLM1258,India,Asia,21.4,1.0,4086,4.63,Low,High,58
CLM1259,India,Asia,19.5,1.68,935,5.89,Low,Medium,51
CLM1260,Australia,Oceania,18.8,2.34,2554,2.8,High,High,9
CLM1261,Canada,North America,7.4,1.73,5224,1.45,Low,Medium,55
CLM1262,United Kingdom,Europe,27.9,2.45,5673,2.64,High,Low,20
CLM1263,United States,North America,5.9,2.26,5569,5.55,Medium,Medium,34
CLM1264,China,Asia,7.8,2.29,3132,3.11,Medium,Low,58
CLM1265,Germany,Europe,28.9,2.19,3641,3.71,Medium,Medium,8
CLM1266,United States,North America,24.7,1.08,1234,2.02,Medium,Low,18
CLM1267,United States,North America,20.7,1.25,2036,4.85,Medium,High,34
CLM1268,Pakistan,Asia,9.6,1.61,5463,4.57,High,Low,16
CLM1269,United States,North America,10.4,1.65,4667,5.3,High,Medium,12
CLM1270,Canada,North America,10.7,0.73,1537,5.85,Low,Medium,38
CLM1271,Australia,Oceania,7.7,1.66,1521,3.43,Medium,Low,9
CLM1272,Germany,Europe,16.1,1.31,4261,1.1,Low,Low,34
CLM1273,India,Asia,8.9,1.89,4034,3.46,Low,Low,42
CLM1274,United States,North America,12.0,1.31,3689,1.74,Low,Low,43
CLM1275,Canada,North America,18.3,1.54,1914,4.6,High,Low,31
CLM1276,India,Asia,29.3,0.9,4528,5.52,Medium,High,11
CLM1277,Canada,North America,8.7,1.78,4358,2.81,Medium,Low,50
CLM1278,China,Asia,15.0,1.94,3439,1.66,Medium,Low,35
CLM1279,United States,North America,22.9,2.06,5649,3.56,Medium,High,12
CLM1280,United Kingdom,Europe,15.1,1.19,2842,1.98,Low,Low,44
CLM1281,Brazil,South America,25.5,0.78,1998,5.82,High,Low,41
CLM1282,United States,North America,29.3,1.7,2578,4.75,Medium,High,15
CLM1283,United Kingdom,Europe,16.1,1.07,4861,5.13,High,High,56
CLM1284,China,Asia,26.8,0.77,5482,3.37,High,Medium,24
CLM1285,India,Asia,28.2,0.78,3115,5.07,Medium,High,36
CLM1286,Nigeria,Africa,13.1,2.17,3777,1.89,Medium,High,12
CLM1287,Canada,North America,15.0,0.9,2040,1.89,High,High,37
CLM1288,Australia,Oceania,10.6,0.7,3754,1.84,Low,Low,22
CLM1289,India,Asia,12.3,2.18,5486,2.44,Low,Medium,53
CLM1290,Canada,North America,28.3,1.71,2286,2.97,Medium,High,10
CLM1291,Pakistan,Asia,16.1,0.81,771,2.2,High,Medium,58
CLM1292,Australia,Oceania,16.1,2.23,2319,1.58,Medium,Low,35
CLM1293,Pakistan,Asia,29.3,2.32,1307,3.04,Low,Low,26
CLM1294,United States,North America,25.8,0.83,2136,5.6,High,Medium,50
CLM1295,United States,North America,22.9,1.79,978,3.91,Low,High,45
CLM1296,Nigeria,Africa,27.1,1.28,1587,1.42,Low,Medium,14
CLM1297,Canada,North America,24.4,1.67,558,2.91,Medium,Medium,36
CLM1298,Canada,North America,27.9,1.04,2089,4.75,High,Medium,37
CLM1299,Nigeria,Africa,6.3,0.68,5457,3.45,High,Low,38
CLM1300,United Kingdom,Europe,14.6,1.66,5850,5.13,High,High,22
CLM1301,India,Asia,5.6,2.06,5701,4.5,High,High,39
CLM1302,China,Asia,8.8,2.26,4537,5.97,High,High,58
CLM1303,Germany,Europe,19.9,0.77,987,2.22,Medium,Medium,58
CLM1304,Nigeria,Africa,13.8,2.29,3480,4.65,Low,Low,32
CLM1305,Brazil,South America,28.3,1.49,337,4.4,Low,Low,40
CLM1306,United Kingdom,Europe,26.6,1.89,5514,3.73,Medium,Medium,54
CLM1307,Australia,Oceania,16.6,2.2,4451,5.92,High,High,56
CLM1308,United States,North America,17.5,1.14,2060,4.43,Low,Medium,29
CLM1309,Pakistan,Asia,23.2,0.68,4666,2.49,Medium,Low,25
CLM1310,Germany,Europe,20.8,0.84,4852,4.84,Low,High,58
CLM1311,United Kingdom,Europe,18.4,1.22,3530,4.88,Low,Medium,28
CLM1312,Brazil,South America,27.4,1.1,1707,1.15,High,Low,23
CLM1313,Brazil,South America,6.7,1.6,2236,1.59,Medium,Medium,38
CLM1314,Nigeria,Africa,14.0,2.42,5006,1.18,High,High,21
CLM1315,United States,North America,27.5,1.1,2906,3.08,Medium,High,52
CLM1316,Pakistan,Asia,24.4,1.42,2025,3.28,High,Medium,25
CLM1317,India,Asia,6.9,1.93,1354,4.4,Medium,High,51
CLM1318,Germany,Europe,23.4,1.96,5012,2.56,Medium,Low,21
CLM1319,United Kingdom,Europe,27.3,0.75,4559,2.34,Low,Medium,50
CLM1320,Australia,Oceania,27.1,0.59,3799,4.82,Medium,Low,57
CLM1321,Pakistan,Asia,17.1,1.79,3690,1.71,High,Low,56
CLM1322,China,Asia,16.5,1.26,2670,2.62,Low,Low,60
CLM1323,Germany,Europe,16.5,2.42,1966,6.0,High,Medium,21
CLM1324,Germany,Europe,23.0,2.34,4199,5.93,Low,Medium,12
CLM1325,India,Asia,15.1,1.47,1127,1.42,Medium,Low,40
CLM1326,Pakistan,Asia,6.3,0.92,4556,1.78,Medium,High,9
CLM1327,China,Asia,24.1,0.74,4146,4.28,Medium,Medium,43
CLM1328,China,Asia,29.0,1.43,4231,5.68,High,Medium,26
CLM1329,United States,North America,14.9,1.07,5808,3.41,Medium,Low,26
CLM1330,Pakistan,Asia,11.0,2.18,3664,1.7,Low,High,17
CLM1331,Nigeria,Africa,13.9,2.28,4672,1.06,Medium,High,27
CLM1332,Australia,Oceania,5.3,0.65,4794,1.63,Low,Medium,26
CLM1333,India,Asia,10.5,1.7,2639,4.71,Low,Low,21
CLM1334,United Kingdom,Europe,25.7,1.22,3267,1.66,Medium,High,51
CLM1335,Pakistan,Asia,9.3,0.75,567,5.26,Medium,Medium,23
CLM1336,Pakistan,Asia,14.0,2.22,1087,1.57,High,High,36
CLM1337,Germany,Europe,16.3,1.43,401,4.68,Medium,High,15
CLM1338,India,Asia,25.8,0.63,4497,4.04,Medium,Low,18
CLM1339,China,Asia,16.2,0.59,2299,1.34,High,Low,13
CLM1340,Nigeria,Africa,9.0,1.55,1415,2.84,Low,High,28
CLM1341,Australia,Oceania,11.5,2.03,5047,2.72,Medium,High,60
CLM1342,Brazil,South America,27.9,1.19,3047,4.53,Low,High,15
CLM1343,United States,North America,14.5,2.11,1790,2.5,High,Medium,9
CLM1344,Pakistan,Asia,17.2,1.08,685,3.51,Medium,Medium,26
CLM1345,Pakistan,Asia,26.2,0.93,1459,1.09,Low,Low,26
CLM1346,China,Asia,18.3,2.4,5876,2.74,Medium,Medium,41
CLM1347,Brazil,South America,5.3,0.85,2139,2.97,High,High,37
CLM1348,Canada,North America,12.2,1.11,3661,3.59,Medium,Low,54
CLM1349,United States,North America,28.7,0.92,5672,3.84,Low,High,7
CLM1350,Nigeria,Africa,6.6,1.96,1476,5.05,Low,Medium,32
CLM1351,Canada,North America,15.7,2.02,5782,4.01,Low,High,50
CLM1352,India,Asia,27.4,2.21,2359,2.37,Low,Low,38
CLM1353,India,Asia,15.3,1.5,2190,2.02,High,Low,6
CLM1354,Canada,North America,10.5,1.24,4552,4.9,Low,High,17
CLM1355,India,Asia,14.1,1.0,2297,2.73,High,Medium,14
CLM1356,Germany,Europe,24.7,0.82,5489,3.45,Medium,Medium,32
CLM1357,India,Asia,29.6,2.03,4950,2.47,Low,Low,19
CLM1358,Brazil,South America,23.7,1.42,5027,5.21,High,Medium,24
CLM1359,Canada,North America,5.1,0.8,5803,1.38,Low,Medium,32
CLM1360,China,Asia,16.6,1.0,3978,2.37,Medium,Medium,27
CLM1361,China,Asia,7.1,1.32,467,1.29,Low,Medium,51
CLM1362,Nigeria,Africa,6.4,2.18,1714,3.94,Low,Low,31
CLM1363,United States,North America,14.7,1.76,3409,3.39,Low,Medium,15
CLM1364,Brazil,South America,10.3,0.8,1633,3.92,High,Medium,21
CLM1365,China,Asia,12.5,0.68,4108,1.34,Low,Low,60
CLM1366,Germany,Europe,24.0,2.26,4495,1.14,High,High,15
CLM1367,Pakistan,Asia,5.2,0.9,4159,1.19,Low,Medium,19
CLM1368,Australia,Oceania,15.3,1.46,5144,1.54,Medium,High,50
CLM1369,Australia,Oceania,27.1,2.33,5855,5.78,High,Medium,16
CLM1370,India,Asia,9.0,0.64,1155,5.9,Medium,Low,42
CLM1371,Germany,Europe,6.1,1.2,1430,3.7,High,Low,45
CLM1372,Canada,North America,21.9,2.31,3372,5.34,High,Low,48
CLM1373,Germany,Europe,14.5,2.44,5925,1.01,High,Low,33
CLM1374,Australia,Oceania,21.9,1.86,4558,5.78,High,Medium,60
CLM1375,Pakistan,Asia,19.2,1.19,570,3.26,Low,Medium,49
CLM1376,United States,North America,8.2,1.65,884,3.07,Low,High,16
CLM1377,China,Asia,5.0,1.87,5218,3.25,Low,Low,32
CLM1378,Germany,Europe,17.5,1.99,987,5.03,Medium,High,21
CLM1379,Australia,Oceania,23.6,1.45,5485,4.52,High,Medium,28
CLM1380,China,Asia,12.0,0.58,3429,1.3,Low,Medium,36
CLM1381,Australia,Oceania,12.5,1.44,2659,5.49,Medium,High,60
CLM1382,United Kingdom,Europe,24.6,0.54,4605,4.21,Medium,Low,26
CLM1383,Canada,North America,28.3,2.45,379,1.68,Medium,Low,43
CLM1384,Australia,Oceania,8.3,1.51,402,5.8,High,Low,35
CLM1385,United States,North America,29.7,1.53,4453,5.22,Medium,Low,20
CLM1386,United States,North America,29.6,0.73,5126,2.26,Low,High,49
CLM1387,India,Asia,15.7,0.76,436,1.91,Medium,Low,28
CLM1388,Nigeria,Africa,16.1,1.59,4551,4.21,Low,Medium,31
CLM1389,Germany,Europe,24.8,1.61,5159,1.0,Medium,High,21
CLM1390,India,Asia,26.7,0.65,3832,3.62,Medium,Low,44
CLM1391,Australia,Oceania,29.7,0.9,4121,1.84,Low,Medium,33
CLM1392,Australia,Oceania,22.4,1.71,5747,5.96,High,Medium,50
CLM1393,India,Asia,29.3,2.33,5170,5.83,Low,Low,45
CLM1394,Germany,Europe,20.4,0.61,2716,1.97,High,Medium,10
CLM1395,Canada,North America,26.4,1.94,4787,2.23,High,Medium,21
CLM1396,United Kingdom,Europe,20.9,1.88,1910,3.06,High,Medium,18
CLM1397,Nigeria,Africa,14.7,1.2,5617,4.1,High,High,41
CLM1398,Nigeria,Africa,26.6,2.06,2959,3.88,Medium,High,43
CLM1399,India,Asia,15.7,1.32,3818,5.85,High,Medium,28
CLM1400,India,Asia,28.8,1.15,5822,2.07,Low,High,37
CLM1401,United States,North America,20.0,2.34,2530,2.84,High,Low,18
CLM1402,Australia,Oceania,14.8,2.42,2982,1.93,High,High,55
CLM1403,Pakistan,Asia,15.4,0.89,1342,2.68,Low,Medium,7
CLM1404,Brazil,South America,7.8,1.39,877,4.12,High,High,18
CLM1405,India,Asia,29.8,2.31,948,3.9,Medium,High,58
CLM1406,Germany,Europe,20.9,1.67,1999,5.98,Medium,High,13
CLM1407,Brazil,South America,21.0,1.17,4601,3.44,Low,Medium,39
CLM1408,China,Asia,25.6,0.95,4031,4.43,Low,High,26
CLM1409,Brazil,South America,16.7,0.62,4544,5.94,High,Medium,56
CLM1410,China,Asia,9.0,1.64,3658,1.72,Low,Low,35
CLM1411,United Kingdom,Europe,23.9,2.0,3307,1.97,Low,Low,15
CLM1412,India,Asia,16.6,2.0,943,5.67,Medium,Medium,29
CLM1413,United States,North America,19.5,1.88,5224,4.88,Low,Medium,5
CLM1414,Nigeria,Africa,27.9,0.79,3159,1.19,Medium,High,21
CLM1415,China,Asia,16.0,0.74,3441,5.2,Medium,Low,16
CLM1416,Australia,Oceania,19.6,1.91,5797,3.49,High,Medium,5
CLM1417,Brazil,South America,17.3,1.4,3986,5.38,High,Medium,22
CLM1418,Germany,Europe,28.0,2.45,4102,5.33,High,High,24
CLM1419,Nigeria,Africa,26.9,0.86,705,5.9,High,High,20
CLM1420,Australia,Oceania,12.9,1.77,3184,1.65,Medium,Medium,31
CLM1421,Pakistan,Asia,24.0,1.24,5867,4.26,Medium,High,22
CLM1422,Brazil,South America,8.9,0.66,4964,1.75,High,High,50
CLM1423,United States,North America,20.5,2.03,1554,3.81,Low,Low,9
CLM1424,Canada,North America,12.7,1.97,4701,3.22,High,Low,23
CLM1425,Canada,North America,19.5,0.96,4436,2.65,Medium,Medium,41
CLM1426,Germany,Europe,29.5,1.35,2369,3.04,Low,High,53
CLM1427,Canada,North America,21.6,0.98,5149,5.15,Low,High,60
CLM1428,India,Asia,19.1,2.07,1090,5.0,Low,Medium,46
CLM1429,United Kingdom,Europe,15.4,1.44,4411,5.43,High,High,58
CLM1430,Germany,Europe,11.7,0.51,907,2.11,Low,Medium,10
CLM1431,Pakistan,Asia,16.2,1.64,1754,5.75,Medium,Low,10
CLM1432,Canada,North America,23.5,0.59,3759,3.02,Medium,Medium,46
CLM1433,Canada,North America,14.9,0.88,4698,1.6,High,Low,36
CLM1434,Pakistan,Asia,25.7,0.65,2927,4.49,High,Low,46
CLM1435,India,Asia,14.3,2.17,1736,2.42,Low,High,11
CLM1436,Canada,North America,19.2,0.51,3243,3.72,Low,Low,46
CLM1437,Canada,North America,13.0,2.23,3497,3.73,Medium,Low,57
CLM1438,Pakistan,Asia,23.6,0.79,3628,1.05,High,Medium,15
CLM1439,United Kingdom,Europe,7.2,2.12,2405,3.62,High,Low,51
CLM1440,India,Asia,24.4,1.18,3983,4.36,Medium,Low,57
CLM1441,United States,North America,13.3,0.57,1014,4.62,Medium,Low,48
CLM1442,Germany,Europe,18.4,0.63,4758,1.37,Low,Medium,33
CLM1443,Nigeria,Africa,11.1,1.19,2444,1.5,High,Low,58
CLM1444,United Kingdom,Europe,13.6,0.77,1955,5.75,High,High,41
CLM1445,Nigeria,Africa,8.9,1.62,5706,2.47,High,High,58
CLM1446,China,Asia,17.0,0.67,5708,2.77,Low,Low,38
CLM1447,Germany,Europe,24.8,1.67,5434,2.66,High,Medium,48
CLM1448,Germany,Europe,25.7,1.71,899,2.04,Low,Medium,48
CLM1449,Canada,North America,19.6,1.27,2768,3.55,Low,High,16
CLM1450,Brazil,South America,7.3,0.78,631,1.1,Low,Low,36
CLM1451,Canada,North America,22.4,1.97,2072,4.1,Medium,Low,25
CLM1452,China,Asia,25.5,1.63,1775,2.89,Medium,Low,15
CLM1453,India,Asia,10.8,1.14,3913,4.76,High,High,33
CLM1454,United States,North America,28.5,0.76,5148,3.76,Medium,Low,59
CLM1455,United Kingdom,Europe,11.9,1.88,503,3.31,High,Medium,6
CLM1456,Canada,North America,26.5,1.23,4914,1.29,Medium,Low,43
CLM1457,United Kingdom,Europe,9.2,0.94,1159,2.79,Low,High,33
CLM1458,Germany,Europe,14.7,1.95,4641,2.41,High,Low,14
CLM1459,Nigeria,Africa,7.6,1.99,1151,2.99,High,High,23
CLM1460,China,Asia,10.3,0.73,5336,4.22,Low,Low,41
CLM1461,Australia,Oceania,15.1,1.59,2995,3.71,Medium,Medium,7
CLM1462,Germany,Europe,14.6,0.82,4183,4.75,High,Low,17
CLM1463,China,Asia,25.4,2.35,909,1.17,Medium,Medium,11
CLM1464,Canada,North America,28.4,1.86,4674,2.27,Medium,Low,38
CLM1465,India,Asia,23.5,1.96,2176,1.88,Low,Low,37
CLM1466,Germany,Europe,10.2,1.46,1245,4.0,Low,Medium,22
CLM1467,Pakistan,Asia,28.0,2.34,2931,2.06,Medium,Low,8
CLM1468,United Kingdom,Europe,28.9,0.54,3128,4.19,Medium,Low,40
CLM1469,India,Asia,7.8,1.0,1138,3.71,Low,High,45
CLM1470,Australia,Oceania,9.7,0.78,5655,2.76,High,Low,11
CLM1471,Canada,North America,17.8,0.92,538,3.37,Low,Medium,53
CLM1472,Germany,Europe,19.5,0.75,1257,3.06,Medium,Medium,8
CLM1473,India,Asia,10.9,0.91,5135,3.98,Low,High,5
CLM1474,Pakistan,Asia,20.8,0.9,2387,4.1,Low,Low,11
CLM1475,United Kingdom,Europe,21.5,0.76,2851,3.11,Low,Medium,52
CLM1476,Germany,Europe,16.3,2.09,4564,2.52,Low,Medium,14
CLM1477,Canada,North America,26.9,1.25,1640,3.03,High,Low,8
CLM1478,Australia,Oceania,7.0,2.3,5749,1.2,High,Medium,29
CLM1479,Nigeria,Africa,20.5,1.15,5149,2.24,Low,Medium,43
CLM1480,Pakistan,Asia,10.0,0.84,1977,3.22,High,Low,45
CLM1481,Pakistan,Asia,17.6,2.29,1778,2.73,Medium,Low,33
CLM1482,Germany,Europe,10.1,2.41,1645,1.85,Low,Low,37
CLM1483,China,Asia,16.3,0.91,5142,4.44,Medium,Medium,6
CLM1484,Nigeria,Africa,8.9,1.09,4649,2.51,Medium,Medium,5
CLM1485,Canada,North America,20.3,0.51,2226,1.94,High,Medium,51
CLM1486,Canada,North America,14.6,1.98,5321,5.9,Low,Low,54
CLM1487,United States,North America,5.0,0.98,3839,2.61,Medium,Medium,38
CLM1488,United Kingdom,Europe,28.7,1.91,4735,1.4,Medium,Low,33
CLM1489,Brazil,South America,9.3,2.44,5917,2.37,Medium,Medium,26
CLM1490,Australia,Oceania,16.8,2.47,1680,1.87,High,Low,29
CLM1491,China,Asia,16.4,0.96,4165,3.06,High,Medium,11
CLM1492,Australia,Oceania,23.6,0.62,1874,1.21,Low,High,48
CLM1493,India,Asia,10.3,1.32,5710,3.9,Low,Low,7
CLM1494,Brazil,South America,26.5,1.28,5980,1.48,Low,Low,8
CLM1495,United States,North America,21.9,1.85,569,2.89,High,High,58
CLM1496,United Kingdom,Europe,26.2,2.47,671,5.21,Medium,Low,46
CLM1497,Nigeria,Africa,8.0,1.49,2092,2.57,Low,Medium,26
CLM1498,Pakistan,Asia,24.4,1.65,3954,3.11,Medium,Low,22
CLM1499,Pakistan,Asia,26.3,2.3,2824,5.34,Low,High,37
CLM1500,United Kingdom,Europe,22.0,1.71,3250,2.59,High,Medium,20
CLM1501,Germany,Europe,18.3,1.1,408,2.14,Medium,High,26
CLM1502,China,Asia,10.0,1.25,5072,1.11,Low,High,43
CLM1503,United States,North America,7.9,0.71,1623,5.91,Medium,Low,52
CLM1504,Nigeria,Africa,9.2,1.0,2207,3.22,Medium,Low,30
CLM1505,Pakistan,Asia,23.2,0.64,1153,1.88,Medium,Medium,46
CLM1506,Australia,Oceania,21.8,1.9,4310,4.4,High,High,54
CLM1507,Canada,North America,22.8,0.65,4894,3.61,Medium,Low,36
CLM1508,China,Asia,9.9,0.61,3103,3.59,High,Medium,33
CLM1509,Australia,Oceania,22.5,1.67,3062,5.27,Medium,High,57
CLM1510,Nigeria,Africa,17.0,0.57,832,4.19,Low,Medium,60
CLM1511,United States,North America,22.5,1.95,4580,4.75,Low,Low,14
CLM1512,Germany,Europe,8.9,0.67,1878,4.28,High,Low,22
CLM1513,Germany,Europe,20.2,1.45,4872,1.22,Low,High,47
CLM1514,United Kingdom,Europe,17.2,1.26,3925,2.78,Medium,Low,14
CLM1515,Australia,Oceania,14.2,2.37,1247,5.62,Low,Medium,19
CLM1516,Canada,North America,22.5,1.13,1808,1.11,Medium,Low,18
CLM1517,Pakistan,Asia,13.2,1.09,2436,2.63,Low,Low,54
CLM1518,Brazil,South America,29.5,1.91,3787,5.54,Low,Low,47
CLM1519,Pakistan,Asia,5.6,0.88,609,3.14,High,Low,30
CLM1520,Germany,Europe,20.3,1.23,2988,3.87,Medium,Low,47
CLM1521,China,Asia,23.7,2.36,3900,3.51,Medium,High,47
CLM1522,Pakistan,Asia,27.6,1.3,4058,3.96,High,Low,56
CLM1523,United States,North America,7.5,1.09,3092,2.52,Medium,High,27
CLM1524,Canada,North America,10.8,2.06,4436,4.96,High,Low,28
CLM1525,United Kingdom,Europe,6.7,2.04,719,3.1,Medium,Low,33
CLM1526,Nigeria,Africa,7.0,1.77,4225,2.89,Low,Medium,26
CLM1527,Pakistan,Asia,5.9,1.88,5612,3.01,Medium,Medium,36
CLM1528,Brazil,South America,6.1,2.15,509,5.4,Low,High,42
CLM1529,Germany,Europe,26.5,1.21,2008,1.47,High,Low,33
CLM1530,Nigeria,Africa,21.3,2.5,1938,3.38,High,Medium,57
CLM1531,Nigeria,Africa,29.7,0.93,2078,5.86,Medium,Low,51
CLM1532,Pakistan,Asia,14.7,0.92,3651,4.05,Medium,Low,6
CLM1533,Germany,Europe,27.0,1.31,2921,2.68,High,Medium,57
CLM1534,Australia,Oceania,12.4,1.46,5189,4.08,High,High,46
CLM1535,Nigeria,Africa,17.1,2.35,693,1.34,Medium,Medium,56
CLM1536,Nigeria,Africa,24.0,0.52,2348,3.65,High,High,58
CLM1537,United Kingdom,Europe,15.7,2.28,5599,5.64,Low,High,40
CLM1538,India,Asia,22.5,1.96,5981,5.37,Medium,High,15
CLM1539,India,Asia,23.2,0.92,2325,4.25,Low,Medium,59
CLM1540,Nigeria,Africa,17.8,2.25,4422,2.2,Low,Low,29
CLM1541,Pakistan,Asia,15.2,2.05,5038,2.27,Medium,High,22
CLM1542,United States,North America,26.9,0.98,2967,4.41,Low,Medium,24
CLM1543,Canada,North America,27.0,1.87,5442,5.76,Low,High,32
CLM1544,Brazil,South America,27.2,1.53,5585,5.07,Medium,Medium,5
CLM1545,Canada,North America,12.7,2.01,2010,5.28,Medium,Low,12
CLM1546,Pakistan,Asia,5.7,1.43,5864,5.35,Medium,Low,6
CLM1547,Germany,Europe,21.1,2.32,4716,3.35,Low,Medium,23
CLM1548,United States,North America,15.1,2.49,5012,1.57,Medium,Low,49
CLM1549,Nigeria,Africa,28.7,2.47,542,4.64,Low,High,50
CLM1550,Pakistan,Asia,28.6,1.88,4594,2.03,High,High,58
CLM1551,Canada,North America,5.0,0.81,3824,5.05,Low,Low,12
CLM1552,China,Asia,12.5,2.31,544,2.68,Medium,Medium,39
CLM1553,Canada,North America,28.8,1.24,1073,1.97,Medium,High,15
CLM1554,Australia,Oceania,25.2,1.81,4001,2.04,Medium,Low,31
CLM1555,Pakistan,Asia,10.5,2.2,5823,3.73,High,High,5
CLM1556,India,Asia,21.6,1.33,2970,1.21,Medium,Medium,23
CLM1557,Brazil,South America,19.4,2.31,3676,1.81,High,Medium,11
CLM1558,India,Asia,7.9,0.65,2501,1.09,Medium,Low,56
CLM1559,Germany,Europe,13.8,0.82,1187,4.04,High,High,27
CLM1560,India,Asia,6.2,1.43,1087,5.25,Medium,Medium,19
CLM1561,Brazil,South America,25.3,1.72,4710,5.01,Medium,High,21
CLM1562,Nigeria,Africa,5.2,2.41,1062,3.67,High,Low,54
CLM1563,Nigeria,Africa,15.9,1.39,4263,1.19,High,Medium,5
CLM1564,United States,North America,16.4,0.55,1427,5.15,High,High,28
CLM1565,China,Asia,16.9,1.89,2420,4.83,Medium,Medium,37
CLM1566,United Kingdom,Europe,10.9,1.05,1135,5.06,Low,High,60
CLM1567,Pakistan,Asia,5.7,1.25,420,2.49,Low,High,18
CLM1568,Australia,Oceania,28.0,2.25,5647,1.33,Low,Medium,20
CLM1569,Pakistan,Asia,13.6,2.1,4902,4.37,Low,Medium,25
CLM1570,Canada,North America,10.9,2.05,5100,5.17,Medium,Low,45
CLM1571,Brazil,South America,7.8,1.36,1282,2.54,Low,Low,50
CLM1572,Australia,Oceania,7.7,0.97,2728,3.07,Medium,High,36
CLM1573,India,Asia,14.2,1.03,3694,5.98,Medium,High,5
CLM1574,Pakistan,Asia,9.0,1.07,4692,1.47,Low,Low,16
CLM1575,Australia,Oceania,23.4,2.49,4330,1.44,High,Medium,9
CLM1576,Australia,Oceania,8.1,1.75,3900,2.37,Low,Low,5
CLM1577,Canada,North America,8.6,1.57,5029,1.24,High,Medium,29
CLM1578,China,Asia,5.5,0.77,5629,3.08,Low,High,31
CLM1579,China,Asia,29.1,2.16,3099,3.65,Medium,Low,38
CLM1580,India,Asia,9.7,0.95,3442,3.61,Medium,Low,7
CLM1581,Canada,North America,18.8,0.82,2901,2.07,Low,Low,27
CLM1582,Pakistan,Asia,11.9,2.15,5129,3.39,High,High,5
CLM1583,Pakistan,Asia,7.2,1.99,2494,4.68,Low,Medium,30
CLM1584,United States,North America,25.5,2.42,1423,2.07,High,High,32
CLM1585,Nigeria,Africa,28.4,2.15,3253,5.32,Medium,High,17
CLM1586,Canada,North America,27.7,2.07,1915,4.1,Low,High,37
CLM1587,United Kingdom,Europe,24.0,1.02,2597,5.3,High,Low,42
CLM1588,Australia,Oceania,15.1,0.55,2565,4.28,Low,Low,46
CLM1589,India,Asia,28.3,1.48,5881,4.73,Medium,Medium,14
CLM1590,Pakistan,Asia,10.3,1.01,1648,2.54,Low,Medium,20
CLM1591,United States,North America,10.4,1.12,2708,3.46,High,Low,59
CLM1592,United Kingdom,Europe,13.2,1.18,4023,4.01,High,Medium,14
CLM1593,Brazil,South America,7.0,2.24,1385,1.46,High,Low,7
CLM1594,Brazil,South America,18.2,1.39,3658,4.89,Medium,Low,17
CLM1595,Brazil,South America,19.2,0.6,3077,1.55,Low,Low,42
CLM1596,Germany,Europe,6.9,0.93,764,1.9,Medium,Medium,32
CLM1597,China,Asia,9.8,0.57,1397,2.12,Medium,Medium,29
CLM1598,United Kingdom,Europe,24.1,2.21,4246,4.61,Medium,Medium,13
CLM1599,Germany,Europe,17.8,1.59,5121,2.83,Medium,High,58
CLM1600,United States,North America,24.9,1.45,5871,4.74,Low,Medium,49
CLM1601,Canada,North America,21.6,0.73,5091,5.68,Low,High,49
CLM1602,Germany,Europe,26.6,2.26,1892,4.13,Medium,Low,9
CLM1603,United States,North America,25.2,1.54,1850,4.53,Medium,High,10
CLM1604,United Kingdom,Europe,29.0,1.63,5012,4.81,Low,Low,10
CLM1605,Germany,Europe,5.1,1.19,1580,2.47,High,Medium,55
CLM1606,Brazil,South America,5.7,2.39,3727,3.74,Low,Medium,30
CLM1607,China,Asia,15.2,0.91,1625,3.59,Low,High,10
CLM1608,China,Asia,22.1,2.32,3097,4.75,Medium,Medium,34
CLM1609,India,Asia,9.2,0.75,3727,3.78,Low,High,15
CLM1610,Pakistan,Asia,14.2,1.16,4300,5.0,Medium,High,57
CLM1611,Canada,North America,16.3,1.3,2820,3.54,High,High,16
CLM1612,Canada,North America,6.4,1.67,549,5.35,Low,Low,42
CLM1613,Nigeria,Africa,7.5,0.7,2486,2.52,High,High,46
CLM1614,Brazil,South America,12.4,0.93,3647,3.59,Medium,Low,25
CLM1615,India,Asia,27.5,1.44,1682,3.61,Low,Low,57
CLM1616,China,Asia,28.8,1.62,2055,1.51,High,Medium,59
CLM1617,Brazil,South America,22.1,1.36,2913,5.09,Low,High,38
CLM1618,China,Asia,19.3,0.8,648,1.11,High,High,6
CLM1619,Nigeria,Africa,14.6,2.12,4907,3.84,Medium,Low,12
CLM1620,United States,North America,20.6,1.84,561,1.04,Low,Low,58
CLM1621,Germany,Europe,21.6,0.87,304,1.3,High,Medium,57
CLM1622,Canada,North America,25.2,0.66,3034,2.11,Medium,Medium,49
CLM1623,Nigeria,Africa,20.3,2.37,1209,2.5,Low,Low,54
CLM1624,India,Asia,26.6,0.98,3757,1.61,Low,High,43
CLM1625,Germany,Europe,5.4,0.59,3236,5.09,Medium,High,33
CLM1626,Brazil,South America,23.8,0.6,4150,1.09,Low,Medium,48
CLM1627,Canada,North America,5.4,1.57,5045,1.79,Low,Medium,11
CLM1628,India,Asia,5.5,2.34,4235,1.38,Medium,Medium,7
CLM1629,Germany,Europe,22.2,1.86,2686,1.07,Medium,High,21
CLM1630,United States,North America,6.0,0.67,4429,2.13,Medium,Medium,47
CLM1631,India,Asia,13.2,0.76,2778,3.02,High,Low,22
CLM1632,India,Asia,25.0,1.29,3574,4.69,Low,Medium,6
CLM1633,Brazil,South America,25.8,1.9,3440,4.82,High,Medium,28
CLM1634,United States,North America,25.9,0.7,4060,3.86,Medium,High,18
CLM1635,Germany,Europe,5.1,0.62,2995,2.57,High,Medium,60
CLM1636,Germany,Europe,28.0,1.79,5459,5.58,High,Medium,16
CLM1637,Pakistan,Asia,27.2,0.78,2317,1.22,Medium,High,21
CLM1638,India,Asia,14.1,0.54,3631,5.0,High,High,55
CLM1639,China,Asia,6.2,1.84,405,2.75,Low,Low,12
CLM1640,Pakistan,Asia,9.3,1.18,4650,1.1,Low,High,59
CLM1641,China,Asia,12.1,1.53,2913,5.23,Medium,Low,47
CLM1642,India,Asia,26.9,1.52,1251,1.74,Medium,High,29
CLM1643,Pakistan,Asia,17.2,0.93,4516,5.49,Low,Medium,21
CLM1644,Germany,Europe,7.2,1.17,2230,2.08,Medium,Medium,18
CLM1645,United Kingdom,Europe,9.0,2.07,4946,4.55,Low,Medium,47
CLM1646,United States,North America,15.1,2.0,5478,3.8,High,Low,16
CLM1647,Germany,Europe,22.2,2.06,1291,2.48,Medium,High,37
CLM1648,China,Asia,19.8,2.26,2899,4.37,Medium,Low,7
CLM1649,Brazil,South America,11.9,1.33,4615,4.95,Low,High,29
CLM1650,Canada,North America,21.0,1.75,725,5.97,High,Medium,55
CLM1651,Germany,Europe,5.8,0.54,4181,5.92,Medium,Low,28
CLM1652,Brazil,South America,17.7,2.36,4565,1.29,Low,High,10
CLM1653,Australia,Oceania,19.5,2.04,2816,1.79,High,High,25
CLM1654,Canada,North America,8.9,1.68,5432,5.36,Medium,Low,53
CLM1655,Germany,Europe,5.7,1.45,3954,1.26,High,Medium,40
CLM1656,Brazil,South America,24.3,1.0,5827,2.57,High,High,28
CLM1657,China,Asia,26.1,1.11,5751,2.18,Low,Medium,48
CLM1658,United States,North America,27.1,1.01,1932,5.31,Low,Medium,55
CLM1659,India,Asia,19.6,1.43,1708,2.25,Low,Low,25
CLM1660,United Kingdom,Europe,25.2,2.37,4658,1.59,Low,High,20
CLM1661,Germany,Europe,28.9,0.97,1826,3.49,High,Low,38
CLM1662,Australia,Oceania,7.1,1.73,4649,1.94,High,High,15
CLM1663,United States,North America,29.8,1.61,3270,3.82,High,High,58
CLM1664,China,Asia,21.9,1.08,622,1.06,Low,Low,18
CLM1665,Germany,Europe,19.4,1.7,5346,1.11,Low,Medium,11
CLM1666,Brazil,South America,21.3,1.49,2037,2.1,Medium,Low,21
CLM1667,Pakistan,Asia,24.5,1.07,5960,3.85,Medium,Medium,18
CLM1668,Canada,North America,26.4,1.34,1297,5.21,Medium,Low,30
CLM1669,Brazil,South America,11.4,1.67,401,2.44,High,High,44
CLM1670,Germany,Europe,16.4,2.03,1340,2.96,Low,High,23
CLM1671,Brazil,South America,26.8,2.08,5885,4.6,Low,Medium,26
CLM1672,Australia,Oceania,16.5,1.91,3143,2.07,Medium,Medium,60
CLM1673,Canada,North America,11.8,1.98,3388,4.91,High,High,40
CLM1674,Pakistan,Asia,5.3,1.95,4000,1.18,Low,High,39
CLM1675,United States,North America,15.5,0.6,3657,3.65,High,Medium,33
CLM1676,United Kingdom,Europe,13.9,2.12,5119,2.18,Medium,Medium,42
CLM1677,China,Asia,6.2,1.46,2600,5.57,High,High,50
CLM1678,Nigeria,Africa,29.4,2.22,1242,4.73,High,High,28
CLM1679,Pakistan,Asia,28.7,1.89,1965,4.69,Medium,Medium,32
CLM1680,United States,North America,5.4,1.62,2847,2.73,Medium,Medium,43
CLM1681,Nigeria,Africa,17.5,0.57,801,2.5,Medium,Medium,53
CLM1682,Canada,North America,28.1,1.93,4255,5.85,Low,Low,42
CLM1683,United States,North America,5.4,2.34,4902,4.58,Medium,Low,43
CLM1684,United States,North America,14.3,1.4,3219,3.92,High,Medium,18
CLM1685,Australia,Oceania,22.4,1.32,3651,3.21,Low,High,35
CLM1686,Nigeria,Africa,9.7,1.54,1789,1.04,Medium,High,56
CLM1687,Pakistan,Asia,21.9,2.46,1780,5.08,Medium,Medium,58
CLM1688,Brazil,South America,12.4,0.86,895,2.29,Low,High,36
CLM1689,United Kingdom,Europe,10.1,1.61,5674,4.93,Medium,Low,56
CLM1690,Pakistan,Asia,25.3,1.47,3368,5.49,High,Low,25
CLM1691,Nigeria,Africa,16.6,2.41,955,4.33,Low,Low,37
CLM1692,United States,North America,6.1,0.91,4874,5.4,Low,High,44
CLM1693,United States,North America,27.0,2.09,1734,4.04,High,Medium,39
CLM1694,China,Asia,5.4,1.67,3472,3.44,Medium,Low,23
CLM1695,Australia,Oceania,11.0,2.09,1915,4.47,Low,High,33
CLM1696,Pakistan,Asia,18.2,1.69,4254,2.6,Medium,Medium,9
CLM1697,India,Asia,11.6,1.22,3329,2.26,Medium,Medium,34
CLM1698,India,Asia,16.4,1.48,4445,2.28,High,Medium,35
CLM1699,Brazil,South America,11.5,2.36,1491,5.02,Low,Medium,36
CLM1700,China,Asia,14.3,2.09,5391,4.26,Low,Medium,54
CLM1701,Germany,Europe,27.4,1.14,5486,4.38,Low,Medium,28
CLM1702,Canada,North America,26.1,1.73,890,5.38,High,High,6
CLM1703,United Kingdom,Europe,17.7,2.26,2635,3.19,Medium,Medium,43
CLM1704,Brazil,South America,24.2,2.06,4261,4.77,Low,High,53
CLM1705,Pakistan,Asia,8.5,2.4,5563,4.32,Low,High,13
CLM1706,Australia,Oceania,9.2,2.41,3332,2.58,High,High,28
CLM1707,China,Asia,20.4,2.08,3670,1.26,Low,Medium,56
CLM1708,United Kingdom,Europe,11.3,2.03,4460,5.4,Medium,Medium,32
CLM1709,Pakistan,Asia,20.1,1.35,790,3.05,High,Medium,46
CLM1710,India,Asia,19.7,0.64,923,4.02,High,High,19
CLM1711,Nigeria,Africa,8.6,1.42,5499,3.7,High,Medium,41
CLM1712,China,Asia,9.0,1.28,5715,1.27,Low,Low,60
CLM1713,China,Asia,23.5,0.77,464,5.69,Low,Low,11
CLM1714,Pakistan,Asia,11.6,2.43,2660,4.85,Low,Medium,52
CLM1715,Brazil,South America,7.3,0.59,5571,2.47,Low,Low,39
CLM1716,United Kingdom,Europe,18.9,1.31,3516,2.74,High,High,47
CLM1717,Pakistan,Asia,15.2,0.66,611,5.34,Low,High,46
CLM1718,Australia,Oceania,10.8,2.48,3233,2.78,Low,Low,5
CLM1719,United Kingdom,Europe,10.8,0.85,579,1.99,Medium,Medium,35
CLM1720,Brazil,South America,12.9,2.31,5922,4.88,Medium,Medium,57
CLM1721,Germany,Europe,11.7,1.36,3529,1.64,Medium,High,16
CLM1722,China,Asia,20.1,2.45,822,3.74,Low,Low,37
CLM1723,India,Asia,13.4,1.22,5197,1.62,High,High,43
CLM1724,Australia,Oceania,16.4,2.48,4718,4.7,Low,High,60
CLM1725,China,Asia,20.7,1.26,2742,3.64,Medium,Medium,41
CLM1726,United Kingdom,Europe,25.7,0.52,5808,2.18,High,Low,45
CLM1727,United Kingdom,Europe,13.9,1.94,4170,5.06,High,Medium,12
CLM1728,Australia,Oceania,8.8,2.31,2544,1.31,Low,Low,33
CLM1729,India,Asia,27.9,1.2,1411,1.51,High,Low,34
CLM1730,China,Asia,25.8,2.45,4591,3.07,High,Low,28
CLM1731,Germany,Europe,24.1,1.41,5444,4.11,Medium,High,20
CLM1732,United States,North America,22.2,1.54,982,2.6,Low,High,50
CLM1733,Germany,Europe,12.3,1.48,4894,4.81,Medium,High,17
CLM1734,Germany,Europe,16.6,2.42,2074,2.84,High,Low,48
CLM1735,India,Asia,29.4,1.76,618,4.28,Low,High,33
CLM1736,United Kingdom,Europe,29.8,2.15,4523,4.23,Low,Medium,48
CLM1737,Brazil,South America,29.2,2.39,4156,3.99,Low,Low,56
CLM1738,Canada,North America,26.9,1.57,4565,5.57,Low,Medium,20
CLM1739,Pakistan,Asia,26.7,2.24,5121,1.72,High,Medium,30
CLM1740,Pakistan,Asia,18.2,0.95,4876,2.97,Medium,Low,24
CLM1741,Canada,North America,27.9,0.91,3426,3.58,Low,Medium,29
CLM1742,United States,North America,27.0,2.13,2785,3.66,Low,Medium,40
CLM1743,United States,North America,16.6,2.15,2874,1.33,High,Low,22
CLM1744,Nigeria,Africa,27.5,2.19,1111,1.31,High,Low,39
CLM1745,Nigeria,Africa,10.5,1.16,1415,4.47,Medium,Low,18
CLM1746,United Kingdom,Europe,25.7,1.48,417,3.62,Low,Medium,8
CLM1747,India,Asia,5.5,2.01,3113,5.19,Low,Low,29
CLM1748,Pakistan,Asia,18.1,0.8,5933,3.08,Low,Medium,15
CLM1749,China,Asia,26.8,2.18,5196,3.63,High,Medium,40
CLM1750,Nigeria,Africa,14.2,1.74,1709,3.18,High,Low,20
CLM1751,Nigeria,Africa,11.8,2.19,4688,5.91,Medium,Medium,13
CLM1752,Germany,Europe,14.0,2.07,312,2.1,High,Medium,18
CLM1753,United States,North America,14.4,0.63,2750,3.48,Medium,High,41
CLM1754,United States,North America,13.7,1.4,3187,4.17,High,High,23
CLM1755,Nigeria,Africa,26.2,2.49,3231,2.7,Medium,Medium,47
CLM1756,Germany,Europe,28.1,1.54,1577,3.58,High,Low,36
CLM1757,Brazil,South America,19.6,0.64,1977,3.76,High,Low,17
CLM1758,Pakistan,Asia,19.2,2.14,4575,5.5,Medium,Medium,22
CLM1759,United Kingdom,Europe,12.3,1.48,4735,3.65,High,Medium,47
CLM1760,Brazil,South America,5.4,0.69,5699,5.5,Low,High,19
CLM1761,Germany,Europe,10.9,0.74,3060,5.26,High,Low,21
CLM1762,Brazil,South America,27.7,0.91,3585,2.22,High,Low,51
CLM1763,India,Asia,25.9,1.49,2589,5.29,High,Low,37
CLM1764,India,Asia,17.1,1.9,1496,5.4,Low,High,55
CLM1765,Australia,Oceania,27.8,0.93,5106,1.17,Medium,High,33
CLM1766,Nigeria,Africa,7.8,1.44,4101,3.17,Low,Low,54
CLM1767,Pakistan,Asia,6.0,1.26,772,5.65,High,Low,15
CLM1768,Germany,Europe,27.4,1.98,3996,3.48,High,Medium,55
CLM1769,Brazil,South America,22.3,0.89,2512,4.49,High,High,25
CLM1770,China,Asia,23.4,0.97,471,4.64,Medium,Medium,54
CLM1771,United Kingdom,Europe,20.5,1.16,458,3.37,Low,Low,41
CLM1772,Canada,North America,14.3,1.29,3372,3.42,Medium,Medium,48
CLM1773,India,Asia,29.1,1.64,2807,1.55,Medium,Medium,38
CLM1774,Nigeria,Africa,16.9,1.31,3739,4.78,Low,Low,25
CLM1775,Brazil,South America,28.7,0.74,871,4.61,High,Low,25
CLM1776,Canada,North America,27.8,1.86,2497,2.32,Medium,Low,35
CLM1777,Australia,Oceania,22.7,0.5,1615,4.32,High,Medium,22
CLM1778,Australia,Oceania,9.0,1.22,674,4.64,Medium,High,34
CLM1779,India,Asia,22.4,1.75,763,2.36,High,Low,9
CLM1780,India,Asia,6.8,1.69,467,4.41,Medium,Medium,15
CLM1781,Australia,Oceania,23.0,1.14,2016,4.46,Medium,Medium,15
CLM1782,China,Asia,25.4,2.0,2314,4.85,Low,Medium,14
CLM1783,Germany,Europe,15.0,0.73,1527,4.91,Low,High,59
CLM1784,United States,North America,13.5,1.17,2559,3.88,Low,Medium,25
CLM1785,India,Asia,24.4,1.79,2263,1.67,Medium,Medium,38
CLM1786,China,Asia,14.6,1.73,4632,2.41,Medium,Low,51
CLM1787,Pakistan,Asia,17.6,2.06,3996,1.1,Low,Medium,52
CLM1788,United Kingdom,Europe,22.3,1.75,746,3.47,Medium,High,23
CLM1789,United States,North America,23.8,2.19,3020,4.72,High,Low,33
CLM1790,Brazil,South America,22.8,0.53,604,2.59,Medium,Medium,48
CLM1791,Pakistan,Asia,20.7,1.18,5857,4.38,Medium,High,19
CLM1792,India,Asia,24.0,1.1,2742,2.39,Low,Medium,54
CLM1793,United Kingdom,Europe,23.7,2.28,5514,1.21,Low,Low,19
CLM1794,United States,North America,17.8,0.52,4942,2.91,High,Medium,32
CLM1795,United Kingdom,Europe,28.8,1.76,2966,2.94,High,High,20
CLM1796,Germany,Europe,29.3,1.08,4655,5.22,High,High,31
CLM1797,Germany,Europe,16.4,1.52,5944,4.1,High,High,20
CLM1798,Nigeria,Africa,20.6,2.27,4549,4.63,Low,High,60
CLM1799,Australia,Oceania,27.9,1.77,5425,5.41,Medium,High,38
CLM1800,United Kingdom,Europe,6.0,1.63,330,4.88,High,High,51
CLM1801,Brazil,South America,19.6,0.78,1870,3.8,Low,Low,14
CLM1802,Germany,Europe,13.7,1.55,5427,1.89,Low,Low,8
CLM1803,Brazil,South America,12.7,1.46,3786,2.22,Low,Medium,15
CLM1804,United Kingdom,Europe,24.8,1.24,1546,1.9,High,High,31
CLM1805,Canada,North America,16.1,1.54,3314,5.95,Medium,Medium,39
CLM1806,Canada,North America,19.3,1.78,3032,5.97,Low,High,17
CLM1807,Germany,Europe,25.9,1.25,5866,4.74,Low,Low,14
CLM1808,United States,North America,23.6,0.81,2854,5.56,Low,Medium,51
CLM1809,Nigeria,Africa,25.6,1.44,4264,4.7,Medium,High,46
CLM1810,India,Asia,11.8,0.9,501,1.76,High,Medium,6
CLM1811,Australia,Oceania,19.9,2.22,1537,4.58,High,Low,18
CLM1812,Germany,Europe,17.5,0.81,1290,1.49,High,Low,16
CLM1813,Germany,Europe,11.2,2.21,5691,4.86,High,High,19
CLM1814,Pakistan,Asia,17.8,1.94,3695,3.31,High,Low,35
CLM1815,Brazil,South America,29.0,2.14,4511,1.54,Medium,Medium,40
CLM1816,United States,North America,22.1,2.03,505,4.68,High,Medium,15
CLM1817,Pakistan,Asia,28.2,2.04,3810,5.43,High,Medium,23
CLM1818,Australia,Oceania,17.9,1.47,4524,5.77,High,Low,17
CLM1819,Germany,Europe,8.2,0.68,1420,3.79,Medium,High,57
CLM1820,India,Asia,22.9,1.9,5691,5.84,Medium,Medium,44
CLM1821,Brazil,South America,22.7,0.6,1658,2.5,High,Medium,7
CLM1822,China,Asia,8.3,0.91,1342,4.52,Medium,High,31
CLM1823,Pakistan,Asia,10.0,1.82,3112,4.58,Low,High,30
CLM1824,Canada,North America,10.3,1.77,2001,1.58,High,Low,38
CLM1825,India,Asia,8.0,1.67,1777,4.34,Medium,Medium,60
CLM1826,Brazil,South America,13.9,2.4,2022,1.94,Low,Low,36
CLM1827,United Kingdom,Europe,16.4,0.66,1541,2.27,Medium,High,21
CLM1828,Pakistan,Asia,23.5,0.51,5374,4.94,Low,Medium,45
CLM1829,Germany,Europe,13.5,2.39,4549,3.13,Medium,Low,6
CLM1830,Australia,Oceania,6.1,1.44,5249,3.42,Low,Medium,55
CLM1831,India,Asia,20.6,1.23,338,3.2,Medium,High,45
CLM1832,United Kingdom,Europe,17.1,2.28,688,1.7,High,High,47
CLM1833,Australia,Oceania,29.6,0.58,5405,3.2,Medium,High,50
CLM1834,Pakistan,Asia,9.3,1.5,660,4.64,Low,Low,57
CLM1835,Canada,North America,29.6,1.95,5252,1.68,Low,Low,11
CLM1836,China,Asia,18.8,2.05,2681,5.17,Medium,Medium,9
CLM1837,Brazil,South America,10.9,0.68,4987,3.51,Medium,High,37
CLM1838,Germany,Europe,22.5,0.55,3282,5.67,Medium,Low,58
CLM1839,Nigeria,Africa,27.5,0.87,3373,5.76,Medium,Low,6
CLM1840,United Kingdom,Europe,17.5,2.27,5650,4.46,High,Medium,5
CLM1841,United Kingdom,Europe,10.3,1.25,4500,3.91,Medium,High,18
CLM1842,United States,North America,20.5,1.85,3570,3.52,Medium,High,49
CLM1843,Germany,Europe,22.5,2.45,5739,5.57,Low,Low,44
CLM1844,India,Asia,12.6,2.14,1686,3.09,High,Low,49
CLM1845,Pakistan,Asia,21.3,0.65,2136,2.45,Low,High,8
CLM1846,China,Asia,18.6,1.11,482,5.19,High,Medium,59
CLM1847,Brazil,South America,9.8,1.69,4081,1.63,Medium,High,47
CLM1848,United Kingdom,Europe,16.6,2.28,4943,4.54,Medium,Low,51
CLM1849,Australia,Oceania,7.3,1.95,4133,3.74,Medium,Medium,55
CLM1850,Germany,Europe,26.9,0.76,2029,3.79,High,Low,51
CLM1851,China,Asia,13.9,2.4,5526,3.83,Low,High,29
CLM1852,Nigeria,Africa,5.8,0.86,2984,4.45,Medium,High,15
CLM1853,Germany,Europe,7.1,1.28,1462,1.96,Medium,High,47
CLM1854,Australia,Oceania,9.9,2.4,615,3.86,Low,Medium,16
CLM1855,Pakistan,Asia,10.3,0.8,2552,1.73,Medium,Low,14
CLM1856,Germany,Europe,28.3,0.53,4546,2.09,Low,Medium,38
CLM1857,Canada,North America,25.3,1.01,4087,5.95,Medium,Medium,44
CLM1858,Germany,Europe,22.8,0.62,5356,3.46,High,High,39
CLM1859,China,Asia,27.3,1.96,3474,5.14,Low,Medium,14
CLM1860,United Kingdom,Europe,15.5,0.63,3975,2.78,Low,Medium,53
CLM1861,Germany,Europe,9.2,2.17,1627,5.94,Low,High,57
CLM1862,United States,North America,11.3,1.97,5219,2.65,Low,Low,59
CLM1863,Germany,Europe,20.3,1.65,5423,3.17,Medium,Medium,52
CLM1864,Canada,North America,14.7,0.8,4934,5.86,High,Low,32
CLM1865,Australia,Oceania,22.0,1.54,4495,4.19,Medium,High,44
CLM1866,United Kingdom,Europe,5.7,1.61,1608,2.06,High,High,57
CLM1867,Germany,Europe,11.7,2.2,2559,5.32,Low,High,40
CLM1868,United Kingdom,Europe,16.4,1.64,5550,4.73,Low,Medium,17
CLM1869,Pakistan,Asia,20.1,2.37,4578,5.67,Medium,High,55
CLM1870,United Kingdom,Europe,16.2,2.49,3236,1.82,High,Medium,12
CLM1871,Pakistan,Asia,11.3,1.45,5948,3.31,Low,High,53
CLM1872,United Kingdom,Europe,28.3,1.46,5548,3.84,Low,Medium,44
CLM1873,Brazil,South America,27.2,0.97,850,4.47,High,High,54
CLM1874,United Kingdom,Europe,19.8,0.57,4403,1.74,Low,Medium,25
CLM1875,United Kingdom,Europe,8.5,1.8,1077,4.15,Low,Low,49
CLM1876,Canada,North America,23.8,2.37,1422,1.92,Medium,High,30
CLM1877,Australia,Oceania,18.7,2.26,1223,4.37,Low,High,47
CLM1878,Germany,Europe,13.3,2.06,801,1.42,Low,Low,27
CLM1879,Australia,Oceania,25.7,1.12,925,4.49,Low,Medium,17
CLM1880,Brazil,South America,13.8,1.75,5320,4.07,Medium,Medium,54
CLM1881,United States,North America,23.0,0.8,4946,3.87,Low,Medium,40
CLM1882,United States,North America,26.5,0.73,3604,4.09,High,Medium,45
CLM1883,United Kingdom,Europe,11.1,1.25,3224,5.73,Low,Medium,13
CLM1884,China,Asia,13.5,1.65,5834,2.35,High,Low,10
CLM1885,Nigeria,Africa,21.5,1.46,1033,3.01,Low,Low,56
CLM1886,Brazil,South America,27.6,1.97,1387,3.14,Low,Medium,26
CLM1887,Germany,Europe,28.5,1.17,3003,1.84,Medium,Low,21
CLM1888,Canada,North America,19.6,1.28,3828,4.52,High,High,9
CLM1889,United States,North America,16.5,1.17,946,4.19,Medium,High,22
CLM1890,Brazil,South America,9.2,0.71,2692,3.92,Medium,Medium,50
CLM1891,Nigeria,Africa,24.6,0.7,1156,3.56,Medium,High,37
CLM1892,Nigeria,Africa,15.0,2.24,4474,1.78,High,High,7
CLM1893,Australia,Oceania,11.4,2.12,3952,1.56,High,Medium,11
CLM1894,Brazil,South America,27.4,1.71,4994,1.33,Low,Low,47
CLM1895,Canada,North America,8.6,1.23,4391,2.65,High,High,32
CLM1896,China,Asia,24.9,1.09,5356,1.07,High,Low,51
CLM1897,Pakistan,Asia,9.2,2.48,4025,1.07,Low,Medium,46
CLM1898,India,Asia,17.8,1.18,3848,4.48,Medium,Low,48
CLM1899,Canada,North America,5.3,1.83,5107,4.23,Medium,Low,49
CLM1900,Brazil,South America,17.1,2.02,4271,5.06,High,Low,27
CLM1901,India,Asia,6.8,0.63,1452,2.23,High,High,39
CLM1902,Pakistan,Asia,6.6,0.96,5286,1.02,Medium,High,18
CLM1903,United Kingdom,Europe,15.8,2.05,1960,1.39,Medium,Medium,7
CLM1904,United States,North America,12.1,1.71,4934,4.74,High,Medium,10
CLM1905,Canada,North America,30.0,1.68,3186,1.98,Low,High,47
CLM1906,Nigeria,Africa,8.0,2.42,5766,3.86,Medium,High,31
CLM1907,Pakistan,Asia,23.5,1.78,3274,4.61,Low,Medium,22
CLM1908,Brazil,South America,12.6,1.97,657,3.04,High,Low,9
CLM1909,Nigeria,Africa,22.8,1.7,3946,1.5,Low,Low,18
CLM1910,Brazil,South America,28.2,0.88,1649,5.89,Medium,High,5
CLM1911,United States,North America,8.8,1.61,4347,5.33,Low,Medium,30
CLM1912,Brazil,South America,5.1,1.43,4550,4.11,High,High,45
CLM1913,Canada,North America,16.5,0.85,2119,3.91,Low,Low,25
CLM1914,Australia,Oceania,25.5,1.15,5579,5.07,Low,High,38
CLM1915,Canada,North America,17.0,0.57,2786,4.87,Low,High,18
CLM1916,Germany,Europe,21.2,0.76,3904,2.04,Low,High,9
CLM1917,Canada,North America,6.7,1.86,5497,3.13,High,Medium,42
CLM1918,India,Asia,21.9,1.42,301,3.77,Low,Low,32
CLM1919,India,Asia,22.9,0.96,5739,1.56,Low,High,33
CLM1920,United Kingdom,Europe,8.0,1.54,1333,5.38,Low,High,37
CLM1921,Brazil,South America,5.8,0.6,3679,2.73,Low,Low,23
CLM1922,Australia,Oceania,22.2,0.88,4981,2.34,Medium,Medium,30
CLM1923,Pakistan,Asia,26.5,1.3,4033,1.98,Medium,High,35
CLM1924,United States,North America,6.7,0.57,1103,5.42,Low,High,5
CLM1925,United Kingdom,Europe,28.3,0.72,974,2.89,Medium,Low,5
CLM1926,Canada,North America,26.8,0.73,641,5.86,Medium,High,51
CLM1927,Australia,Oceania,14.7,2.0,1008,1.51,High,High,60
CLM1928,Germany,Europe,22.1,1.26,5376,3.06,High,Low,9
CLM1929,China,Asia,26.2,1.8,4255,2.85,High,Medium,21
CLM1930,Brazil,South America,24.4,1.49,3478,4.94,Medium,High,8
CLM1931,Australia,Oceania,13.7,1.18,4481,2.85,Medium,Low,59
CLM1932,Pakistan,Asia,5.8,1.76,5493,4.64,High,High,36
CLM1933,United Kingdom,Europe,24.9,1.97,441,1.76,High,Medium,56
CLM1934,United States,North America,25.1,1.3,818,5.44,Low,High,55
CLM1935,Pakistan,Asia,13.0,1.62,2996,3.79,High,High,29
CLM1936,China,Asia,20.8,2.08,5500,4.32,High,Medium,37
CLM1937,Pakistan,Asia,16.8,0.54,1520,1.96,Medium,Medium,34
CLM1938,Australia,Oceania,27.8,1.15,379,4.47,Medium,High,59
CLM1939,Brazil,South America,23.3,1.53,1447,2.26,High,Low,34
CLM1940,China,Asia,9.0,2.1,1371,5.13,Low,High,39
CLM1941,Brazil,South America,18.0,1.54,5859,3.15,Low,High,60
CLM1942,Pakistan,Asia,28.9,1.78,3147,3.83,High,Medium,34
CLM1943,Canada,North America,23.0,1.96,2274,5.71,High,Medium,56
CLM1944,Pakistan,Asia,14.5,1.8,1863,3.99,Low,High,22
CLM1945,Australia,Oceania,11.4,2.29,1413,4.36,Medium,High,11
CLM1946,United States,North America,26.5,1.6,1352,1.11,Low,High,14
CLM1947,Nigeria,Africa,22.2,2.25,1905,1.84,Medium,Medium,11
CLM1948,India,Asia,29.2,2.19,4047,1.95,High,Medium,51
CLM1949,United States,North America,15.1,1.08,1349,2.03,Low,Low,27
CLM1950,United States,North America,27.0,2.21,5342,3.12,Medium,High,59
CLM1951,China,Asia,6.1,1.26,453,5.47,High,High,12
CLM1952,United Kingdom,Europe,8.1,1.51,559,5.34,Low,Low,53
CLM1953,Germany,Europe,10.3,1.38,3048,4.72,High,High,49
CLM1954,Australia,Oceania,24.0,2.18,4796,4.24,High,High,44
CLM1955,Australia,Oceania,21.7,1.42,3480,4.03,Medium,Medium,13
CLM1956,United Kingdom,Europe,22.9,0.75,4621,1.93,Low,Low,28
CLM1957,United States,North America,13.9,2.36,2394,1.47,Medium,Medium,48
CLM1958,India,Asia,20.3,2.43,373,4.86,High,Medium,42
CLM1959,Brazil,South America,23.3,0.67,2998,3.26,Medium,Low,39
CLM1960,Pakistan,Asia,29.9,0.63,739,2.95,Medium,Low,43
CLM1961,Canada,North America,10.1,1.66,2075,2.9,Low,High,28
CLM1962,Pakistan,Asia,26.6,1.42,2194,1.06,Medium,Medium,58
CLM1963,United Kingdom,Europe,14.4,1.25,1943,1.28,Medium,High,48
CLM1964,United Kingdom,Europe,15.7,2.15,5227,3.33,Medium,High,12
CLM1965,Canada,North America,15.8,0.8,2139,4.45,Medium,High,14
CLM1966,Pakistan,Asia,5.5,0.84,1962,4.21,Medium,Low,39
CLM1967,Canada,North America,8.4,2.47,461,1.84,Medium,High,6
CLM1968,Canada,North America,12.3,2.34,2991,3.81,Medium,High,10
CLM1969,Pakistan,Asia,13.1,1.61,2182,2.83,Low,High,33
CLM1970,Germany,Europe,23.9,1.43,1769,2.09,Medium,Medium,26
CLM1971,India,Asia,20.7,1.98,3871,5.7,Low,High,46
CLM1972,Germany,Europe,14.3,2.37,2069,5.26,Medium,High,43
CLM1973,Germany,Europe,6.1,1.13,2215,2.34,Low,Low,57
CLM1974,United States,North America,16.5,2.22,3558,5.7,High,Medium,28
CLM1975,Nigeria,Africa,14.4,1.58,3784,2.96,Medium,Medium,57
CLM1976,Pakistan,Asia,20.1,2.38,1198,2.88,Low,High,8
CLM1977,Brazil,South America,24.2,1.38,2055,2.21,Low,Medium,23
CLM1978,Australia,Oceania,10.0,1.64,5547,4.96,High,Medium,34
CLM1979,Pakistan,Asia,11.2,0.75,5640,3.57,Low,Medium,52
CLM1980,United Kingdom,Europe,25.8,1.4,5960,3.26,Low,Low,12
CLM1981,India,Asia,7.2,0.7,1535,1.18,Medium,High,58
CLM1982,China,Asia,13.2,1.42,565,1.51,Medium,Medium,6
CLM1983,Canada,North America,17.2,1.28,5285,1.39,Medium,Medium,42
CLM1984,India,Asia,16.6,2.06,4746,2.34,High,Low,51
CLM1985,India,Asia,11.6,0.71,2159,4.93,Medium,Medium,22
CLM1986,Pakistan,Asia,16.3,0.68,3911,3.39,Low,Medium,58
CLM1987,Pakistan,Asia,21.1,0.91,4313,1.13,Medium,Low,57
CLM1988,Nigeria,Africa,17.9,1.6,1822,5.84,Low,High,58
CLM1989,India,Asia,22.5,2.03,4282,2.86,High,Medium,36
CLM1990,Nigeria,Africa,11.9,0.64,2048,3.77,Low,Low,22
CLM1991,United Kingdom,Europe,15.9,2.33,3981,1.36,Medium,Medium,18
CLM1992,United States,North America,12.9,2.42,5911,2.94,Low,Medium,5
CLM1993,India,Asia,22.3,2.38,4884,5.63,Low,High,14
CLM1994,Brazil,South America,5.9,1.03,3419,3.03,Low,High,46
CLM1995,Nigeria,Africa,20.6,1.45,3062,2.01,High,Medium,22
CLM1996,Brazil,South America,12.5,1.68,4757,2.34,Medium,Low,12
CLM1997,Canada,North America,7.3,2.06,848,5.59,Medium,High,10
CLM1998,Nigeria,Africa,17.6,1.2,1257,4.8,Low,Low,38
CLM1999,Australia,Oceania,13.6,0.92,4763,2.54,High,High,59
CLM2000,United States,North America,11.3,1.92,4930,1.81,Low,Medium,35
CLM2001,Canada,North America,24.3,1.5,3452,2.36,Low,Low,60
CLM2002,United States,North America,27.8,2.07,363,1.58,High,High,32
CLM2003,United Kingdom,Europe,18.9,2.07,307,1.28,Low,Medium,59
CLM2004,China,Asia,20.1,1.73,4439,2.68,Low,High,31
CLM2005,China,Asia,23.2,1.94,4900,5.43,Low,Medium,6
CLM2006,India,Asia,13.9,0.6,2408,2.39,Low,High,12
CLM2007,Brazil,South America,7.3,0.88,4416,3.89,High,High,24
CLM2008,Australia,Oceania,9.2,1.76,1395,3.63,Medium,Medium,43
CLM2009,Germany,Europe,20.0,2.22,3579,3.97,Medium,Low,23
CLM2010,Germany,Europe,12.0,2.29,3488,3.52,Medium,Medium,14
CLM2011,Germany,Europe,20.1,0.78,3763,1.54,High,Medium,47
CLM2012,Canada,North America,27.7,2.08,3083,2.73,Medium,High,57
CLM2013,Brazil,South America,22.7,1.15,2296,4.03,Low,High,17
CLM2014,United States,North America,12.0,1.38,5324,2.95,High,High,52
CLM2015,India,Asia,16.8,1.38,1889,4.41,High,Medium,31
CLM2016,United States,North America,14.0,1.37,3478,3.87,Medium,High,20
CLM2017,Pakistan,Asia,24.6,2.22,1350,1.47,Low,High,13
CLM2018,United States,North America,8.6,2.28,3570,1.59,Medium,High,19
CLM2019,Canada,North America,23.1,1.61,2958,4.16,High,High,38
CLM2020,United States,North America,21.6,1.17,1522,2.87,Medium,Medium,49
CLM2021,Australia,Oceania,7.4,2.26,2472,4.45,Medium,Medium,23
CLM2022,Pakistan,Asia,19.4,1.57,3227,4.24,Low,High,48
CLM2023,Pakistan,Asia,15.7,0.79,3421,1.77,Low,Low,39
CLM2024,Germany,Europe,20.7,0.87,5195,3.09,Medium,Medium,24
CLM2025,Canada,North America,8.5,1.25,3208,1.37,High,High,34
CLM2026,United Kingdom,Europe,9.2,0.72,2086,4.62,Low,High,57
CLM2027,China,Asia,9.2,1.53,619,1.75,High,Low,19
CLM2028,United Kingdom,Europe,25.9,1.78,967,1.67,Low,High,7
CLM2029,Brazil,South America,24.9,1.51,3889,4.92,Medium,High,51
CLM2030,Canada,North America,11.9,1.34,4479,5.08,Medium,High,50
CLM2031,Brazil,South America,12.0,1.94,1547,4.23,High,Medium,7
CLM2032,Nigeria,Africa,12.6,2.39,1976,1.37,Medium,High,49
CLM2033,Pakistan,Asia,10.6,1.7,343,3.52,Medium,Low,54
CLM2034,China,Asia,28.3,2.45,4415,5.08,Low,High,30
CLM2035,Germany,Europe,20.4,1.3,3426,4.93,Medium,Low,16
CLM2036,China,Asia,26.6,1.1,4457,1.17,High,High,32
CLM2037,Germany,Europe,12.1,2.43,3529,5.02,Medium,Medium,47
CLM2038,Pakistan,Asia,12.2,1.07,5984,3.18,Low,Medium,55
CLM2039,India,Asia,21.9,1.23,1107,1.47,Medium,High,23
CLM2040,United Kingdom,Europe,12.6,2.09,2154,3.84,Low,Low,21
CLM2041,Germany,Europe,22.0,1.76,833,4.58,Low,High,60
CLM2042,Brazil,South America,14.3,2.34,4131,2.97,Medium,High,16
CLM2043,Germany,Europe,13.7,2.07,2190,2.84,Low,High,16
CLM2044,Australia,Oceania,18.8,2.18,1032,2.49,Low,Low,42
CLM2045,Australia,Oceania,23.0,0.74,2203,1.26,High,High,9
CLM2046,United Kingdom,Europe,16.7,1.37,5489,2.98,Medium,High,47
CLM2047,Australia,Oceania,8.1,0.76,3595,1.18,Medium,Medium,14
CLM2048,Canada,North America,15.0,2.29,2007,5.2,Medium,Medium,5
CLM2049,Nigeria,Africa,19.8,2.04,5576,2.42,High,Medium,17
CLM2050,Nigeria,Africa,22.4,0.99,1532,5.35,Low,Medium,14
CLM2051,Australia,Oceania,11.0,2.38,5114,2.55,Medium,Low,19
CLM2052,Germany,Europe,18.3,1.63,3319,4.01,Medium,High,54
CLM2053,Brazil,South America,29.6,2.2,4735,4.82,Low,Medium,11
CLM2054,Brazil,South America,11.3,1.25,5787,4.09,Low,Medium,41
CLM2055,Germany,Europe,19.6,1.69,5158,5.1,High,Medium,46
CLM2056,Brazil,South America,18.9,1.27,4399,4.63,High,High,23
CLM2057,China,Asia,20.5,0.59,2674,2.03,High,High,11
CLM2058,Pakistan,Asia,9.5,2.26,348,1.13,High,Medium,39
CLM2059,India,Asia,13.8,1.08,2364,2.95,High,Low,27
CLM2060,China,Asia,9.3,0.82,5004,5.62,Medium,Low,30
CLM2061,Canada,North America,19.1,0.62,790,5.43,Medium,High,11
CLM2062,Germany,Europe,25.9,1.84,5409,4.31,High,Low,42
CLM2063,Pakistan,Asia,9.8,1.28,4291,2.75,High,Low,49
CLM2064,Brazil,South America,29.8,1.19,2627,4.49,Low,High,55
CLM2065,United States,North America,20.8,1.36,5121,5.51,Medium,High,11
CLM2066,Germany,Europe,28.6,0.83,443,3.39,High,High,40
CLM2067,United Kingdom,Europe,11.3,1.07,1411,5.37,Medium,Medium,20
CLM2068,China,Asia,5.7,0.77,344,2.25,Medium,Medium,37
CLM2069,Pakistan,Asia,14.6,2.12,5946,5.79,High,Medium,6
CLM2070,Brazil,South America,18.4,1.7,3559,1.66,Medium,Low,13
CLM2071,India,Asia,24.9,1.49,5192,1.36,Medium,Medium,20
CLM2072,Australia,Oceania,10.4,0.52,786,2.96,High,High,32
CLM2073,Australia,Oceania,24.5,2.19,1668,4.07,High,Low,53
CLM2074,China,Asia,10.9,1.31,817,4.11,Medium,Low,54
CLM2075,India,Asia,28.6,1.75,4554,1.99,Medium,Low,10
CLM2076,Pakistan,Asia,26.1,0.94,2195,1.95,Low,Medium,45
CLM2077,India,Asia,14.7,1.12,4948,3.73,Medium,High,20
CLM2078,Brazil,South America,15.4,2.27,1978,5.81,Low,Low,28
CLM2079,United States,North America,28.2,1.2,666,4.69,Medium,High,31
CLM2080,United States,North America,11.5,1.86,5117,5.4,High,Medium,39
CLM2081,Brazil,South America,28.0,0.65,4277,5.7,Low,Medium,37
CLM2082,China,Asia,22.8,1.98,1018,3.93,Low,High,28
CLM2083,India,Asia,7.7,1.66,5350,2.23,Low,Medium,36
CLM2084,Germany,Europe,27.9,1.19,1846,4.56,Medium,Low,41
CLM2085,Canada,North America,21.7,2.24,3802,5.09,Medium,High,9
CLM2086,Pakistan,Asia,18.1,1.52,930,2.85,Medium,High,26
CLM2087,India,Asia,10.8,2.36,3731,5.34,Low,Low,41
CLM2088,Canada,North America,29.1,0.66,3294,5.07,Medium,Low,5
CLM2089,Australia,Oceania,12.7,1.31,2154,4.17,Medium,Low,25
CLM2090,United Kingdom,Europe,27.6,2.13,4942,2.01,Low,Low,27
CLM2091,United States,North America,16.8,1.71,3833,4.79,Medium,High,22
CLM2092,Canada,North America,15.3,1.83,1111,2.58,High,High,32
CLM2093,Nigeria,Africa,11.2,1.07,2486,4.83,Medium,High,37
CLM2094,India,Asia,6.4,2.21,1997,1.74,Low,Low,53
CLM2095,India,Asia,12.7,2.24,4024,4.18,High,Medium,23
CLM2096,Nigeria,Africa,28.4,2.21,2351,1.81,High,Medium,37
CLM2097,China,Asia,22.2,2.48,1056,1.39,Low,Medium,7
CLM2098,Nigeria,Africa,27.0,1.21,5320,1.91,Medium,Medium,6
CLM2099,Nigeria,Africa,25.3,1.15,3413,4.37,Medium,Low,35
CLM2100,United States,North America,11.8,0.72,4919,5.08,Low,Medium,22
CLM2101,India,Asia,6.0,1.02,4750,5.29,High,Medium,49
CLM2102,Germany,Europe,22.1,1.3,4686,1.66,High,Medium,8
CLM2103,United States,North America,24.5,1.07,4483,1.34,High,Low,60
CLM2104,Canada,North America,21.7,1.57,1351,5.43,High,Medium,21
CLM2105,India,Asia,15.0,0.88,532,4.14,Low,High,5
CLM2106,Canada,North America,9.1,2.28,2197,3.66,Low,Medium,37
CLM2107,Canada,North America,22.5,0.9,2290,4.47,Low,Low,22
CLM2108,India,Asia,13.2,1.02,2172,4.32,Medium,High,55
CLM2109,Germany,Europe,16.3,0.85,2449,4.47,Low,High,38
CLM2110,United States,North America,12.1,0.8,4265,2.94,Low,Low,19
CLM2111,Germany,Europe,27.5,1.45,1995,3.75,Medium,Low,11
CLM2112,Pakistan,Asia,28.4,2.28,3857,5.93,High,Low,43
CLM2113,China,Asia,14.5,0.59,328,3.3,Medium,Medium,56
CLM2114,Brazil,South America,19.1,2.3,3717,1.96,High,Medium,24
CLM2115,Canada,North America,7.8,0.54,5807,3.93,Medium,Medium,56
CLM2116,Brazil,South America,27.6,1.7,4474,3.4,Low,Medium,41
CLM2117,Canada,North America,20.2,1.17,2135,4.34,Low,High,36
CLM2118,China,Asia,6.4,1.18,1357,4.09,High,Low,38
CLM2119,Canada,North America,6.4,0.78,3370,1.6,Low,High,19
CLM2120,Canada,North America,22.9,0.65,3571,2.52,Low,Medium,38
CLM2121,Germany,Europe,23.0,1.7,3929,3.49,Medium,Low,11
CLM2122,Brazil,South America,10.0,1.99,2770,3.39,Medium,Medium,12
CLM2123,Pakistan,Asia,18.5,1.59,2312,1.37,Medium,Low,56
CLM2124,China,Asia,22.1,0.89,4992,2.43,Low,High,43
CLM2125,Brazil,South America,19.3,1.08,5766,2.09,High,Low,40
CLM2126,India,Asia,9.8,0.62,4469,4.11,Medium,High,47
CLM2127,China,Asia,27.4,0.82,5058,1.77,Low,Medium,52
CLM2128,United States,North America,25.2,2.29,3502,4.07,Low,Low,45
CLM2129,Australia,Oceania,24.4,0.84,4912,2.81,High,Medium,59
CLM2130,China,Asia,27.6,2.36,5973,4.55,Low,Medium,39
CLM2131,China,Asia,7.9,1.7,2266,5.27,High,Medium,5
CLM2132,China,Asia,14.4,0.55,2930,5.25,Low,Medium,38
CLM2133,United States,North America,22.0,2.42,4904,1.8,High,High,25
CLM2134,Australia,Oceania,25.9,0.71,2233,4.84,High,Low,40
CLM2135,Brazil,South America,10.2,0.81,1308,5.85,High,High,31
CLM2136,China,Asia,18.0,1.82,1269,1.96,High,High,54
CLM2137,United Kingdom,Europe,24.3,0.75,731,5.54,Medium,Medium,12
CLM2138,India,Asia,19.3,2.38,325,4.05,Low,Low,49
CLM2139,United Kingdom,Europe,25.1,2.5,2981,2.0,Medium,Low,60
CLM2140,Canada,North America,29.0,1.37,5989,2.83,High,Medium,55
CLM2141,United Kingdom,Europe,25.6,1.68,4048,3.73,High,High,53
CLM2142,Brazil,South America,10.6,0.77,4088,2.73,Low,Medium,11
CLM2143,Australia,Oceania,5.1,0.98,3523,1.45,Medium,High,6
CLM2144,Germany,Europe,7.7,1.1,2364,5.2,High,Medium,30
CLM2145,Germany,Europe,25.1,0.67,1348,2.23,High,High,41
CLM2146,Pakistan,Asia,11.3,0.8,3393,4.72,Low,Low,59
CLM2147,China,Asia,19.2,1.28,1699,5.93,Medium,Low,40
CLM2148,Australia,Oceania,27.8,1.77,5139,4.7,High,High,45
CLM2149,Pakistan,Asia,14.2,2.2,3486,2.46,Low,Medium,33
CLM2150,India,Asia,13.6,1.11,2638,2.83,Medium,Low,19
CLM2151,China,Asia,28.8,1.22,5663,1.04,High,Low,57
CLM2152,Germany,Europe,28.3,0.89,2754,4.58,Low,Low,26
CLM2153,Brazil,South America,23.4,2.38,5134,5.08,Low,Low,12
CLM2154,Germany,Europe,6.3,1.67,3548,2.35,Low,Medium,9
CLM2155,United Kingdom,Europe,21.4,1.19,3669,3.69,Medium,Low,33
CLM2156,Australia,Oceania,5.1,1.0,371,1.16,High,Medium,5
CLM2157,Nigeria,Africa,11.6,2.13,527,1.55,Low,Low,39
CLM2158,Pakistan,Asia,9.9,1.37,5251,3.67,Low,Low,60
CLM2159,Pakistan,Asia,8.0,1.77,1855,1.99,High,Medium,35
CLM2160,United States,North America,6.0,2.42,3187,3.35,Medium,Low,12
CLM2161,United States,North America,9.8,2.3,1544,4.93,High,Low,15
CLM2162,Germany,Europe,12.3,0.65,945,1.78,Low,High,20
CLM2163,Canada,North America,10.1,2.42,1882,4.37,Low,Medium,37
CLM2164,United Kingdom,Europe,14.9,2.08,1407,3.22,Low,High,49
CLM2165,Canada,North America,8.5,2.01,4992,3.19,High,Medium,50
CLM2166,United Kingdom,Europe,5.3,1.4,4305,2.21,Low,High,29
CLM2167,Canada,North America,21.5,2.25,736,1.55,Medium,Medium,18
CLM2168,Pakistan,Asia,29.4,1.63,5847,5.31,Medium,Medium,13
CLM2169,Canada,North America,21.5,1.12,2406,5.38,Medium,Low,52
CLM2170,Pakistan,Asia,5.4,1.86,3829,5.48,Medium,Medium,10
CLM2171,China,Asia,6.2,0.65,2966,1.53,Medium,Low,22
CLM2172,United States,North America,25.6,1.78,3046,3.85,Medium,Medium,48
CLM2173,Nigeria,Africa,15.8,1.55,3257,4.49,Low,Medium,25
CLM2174,Germany,Europe,11.9,2.22,2385,5.18,Medium,Low,43
CLM2175,United Kingdom,Europe,5.8,1.07,2366,3.26,Low,Low,16
CLM2176,Nigeria,Africa,22.1,1.44,2891,4.6,Low,High,43
CLM2177,Germany,Europe,14.9,0.71,3369,4.35,Low,Low,9
CLM2178,Nigeria,Africa,26.1,2.28,1976,4.29,Medium,Medium,8
CLM2179,Canada,North America,17.3,0.75,4950,5.19,Low,Medium,12
CLM2180,Nigeria,Africa,22.6,0.98,1708,1.71,High,High,33
CLM2181,Pakistan,Asia,22.1,2.43,1266,2.21,Low,Medium,28
CLM2182,Brazil,South America,16.0,1.33,3299,2.89,Medium,Medium,15
CLM2183,Brazil,South America,7.4,1.77,629,5.74,High,Low,16
CLM2184,United States,North America,7.6,2.3,2540,2.16,Medium,Low,31
CLM2185,China,Asia,17.1,2.03,4569,3.15,Low,Medium,18
CLM2186,Nigeria,Africa,10.9,1.4,1953,4.71,Medium,Medium,47
CLM2187,Germany,Europe,13.4,2.21,796,3.7,Low,High,14
CLM2188,United States,North America,18.8,0.79,5980,5.27,Low,High,9
CLM2189,United States,North America,5.3,1.52,3098,4.32,Medium,High,58
CLM2190,China,Asia,28.2,2.08,3586,3.9,High,High,27
CLM2191,Germany,Europe,11.9,2.29,5492,3.77,Medium,Medium,34
CLM2192,Germany,Europe,8.3,1.56,478,4.75,Low,High,58
CLM2193,United Kingdom,Europe,22.8,0.51,3376,4.5,Low,Low,34
CLM2194,Australia,Oceania,25.3,1.7,2411,5.71,High,Low,39
CLM2195,India,Asia,21.3,1.29,5256,3.6,Low,Low,17
CLM2196,United States,North America,12.1,0.64,523,5.96,Low,High,25
CLM2197,China,Asia,28.2,1.04,4043,4.66,Medium,Medium,39
CLM2198,Nigeria,Africa,18.1,1.02,422,4.89,High,High,39
CLM2199,China,Asia,9.3,1.03,1577,2.85,Medium,Medium,27
CLM2200,Australia,Oceania,20.9,0.82,5695,1.64,Low,High,10
CLM2201,Germany,Europe,10.2,1.63,3379,4.18,Low,Low,22
CLM2202,United Kingdom,Europe,18.7,2.18,2517,2.46,High,Low,41
CLM2203,Pakistan,Asia,20.2,2.34,5658,3.61,Medium,High,8
CLM2204,Brazil,South America,24.1,2.02,1213,3.67,Low,Medium,19
CLM2205,United Kingdom,Europe,7.9,1.85,2694,2.11,High,Medium,20
CLM2206,Canada,North America,23.5,1.16,2473,1.9,Medium,Low,52
CLM2207,India,Asia,25.2,1.34,2965,3.95,High,High,5
CLM2208,Germany,Europe,16.9,1.41,5069,4.33,Medium,Medium,38
CLM2209,China,Asia,9.7,0.68,930,2.67,Low,High,29
CLM2210,Germany,Europe,27.6,2.24,1890,4.52,High,High,22
CLM2211,Australia,Oceania,17.5,1.9,3768,3.09,Low,High,47
CLM2212,China,Asia,12.2,1.48,4138,4.03,High,High,47
CLM2213,India,Asia,6.4,2.46,5482,5.96,High,Medium,41
CLM2214,Canada,North America,28.3,1.07,5895,4.6,High,Medium,5
CLM2215,Brazil,South America,20.9,2.08,886,3.74,Low,High,23
CLM2216,Germany,Europe,22.6,1.97,3943,5.11,Low,Medium,56
CLM2217,Pakistan,Asia,21.8,2.27,1362,2.05,High,High,20
CLM2218,Pakistan,Asia,20.7,0.91,4929,4.01,Medium,Low,58
CLM2219,United States,North America,14.6,1.27,4042,4.12,Low,Low,21
CLM2220,Nigeria,Africa,20.1,0.62,4346,4.96,Low,Low,32
CLM2221,Australia,Oceania,5.2,2.44,400,5.58,Low,High,27
CLM2222,China,Asia,17.5,0.52,2871,2.03,Medium,Low,50
CLM2223,Germany,Europe,11.3,2.24,5048,2.31,Medium,Medium,14
CLM2224,Nigeria,Africa,29.3,2.04,3648,5.55,Low,Low,58
CLM2225,United States,North America,9.0,1.05,3102,5.23,Medium,Medium,42
CLM2226,Australia,Oceania,29.9,2.33,3768,5.54,Low,High,7
CLM2227,United Kingdom,Europe,27.8,2.02,5160,5.96,Medium,High,17
CLM2228,Brazil,South America,18.8,2.16,1613,3.44,Low,Medium,12
CLM2229,Australia,Oceania,13.8,1.32,1343,1.73,High,High,24
CLM2230,Germany,Europe,27.4,0.76,4148,4.28,High,High,48
CLM2231,Nigeria,Africa,13.2,1.17,3859,1.39,Medium,High,19
CLM2232,China,Asia,18.1,0.64,4988,2.48,High,Medium,39
CLM2233,United States,North America,24.6,2.09,4677,1.55,High,Low,36
CLM2234,Germany,Europe,29.8,1.39,700,2.6,Medium,Medium,49
CLM2235,Canada,North America,18.2,1.2,3101,3.82,Medium,Medium,57
CLM2236,Nigeria,Africa,16.8,0.63,2705,5.6,Medium,Low,58
CLM2237,Germany,Europe,13.9,0.71,3979,4.73,High,Low,30
CLM2238,Canada,North America,23.8,1.69,3888,3.63,Medium,Low,40
CLM2239,Canada,North America,8.7,1.31,580,2.11,High,Medium,54
CLM2240,China,Asia,20.6,1.1,3000,4.29,High,High,58
CLM2241,India,Asia,13.6,2.34,3177,3.3,High,Medium,57
CLM2242,China,Asia,26.6,2.25,5567,5.65,High,High,37
CLM2243,China,Asia,9.7,2.26,3316,4.78,High,High,14
CLM2244,India,Asia,10.8,0.56,4900,1.99,High,High,7
CLM2245,Pakistan,Asia,21.2,2.06,4705,2.92,High,Low,29
CLM2246,Australia,Oceania,24.3,1.89,3327,2.16,Low,Low,47
CLM2247,Australia,Oceania,24.3,0.79,3570,5.15,High,Low,24
CLM2248,Australia,Oceania,17.6,1.18,5948,2.15,High,Low,52
CLM2249,Canada,North America,25.6,1.71,1351,4.63,Medium,Low,28
CLM2250,Germany,Europe,13.0,1.26,5022,2.29,Medium,Low,14
CLM2251,Nigeria,Africa,25.6,2.14,1523,3.27,High,High,16
CLM2252,Australia,Oceania,18.9,0.8,2575,2.05,High,Medium,48
CLM2253,United States,North America,27.8,1.78,5701,5.3,High,Low,5
CLM2254,Australia,Oceania,8.2,0.8,3908,2.16,Low,Medium,54
CLM2255,Germany,Europe,10.7,1.37,4188,5.54,High,High,6
CLM2256,India,Asia,19.4,1.99,3110,2.7,High,High,20
CLM2257,Pakistan,Asia,20.9,0.89,5891,4.39,Low,High,24
CLM2258,Canada,North America,23.7,1.22,2549,2.78,Low,Medium,44
CLM2259,Nigeria,Africa,21.2,0.92,1047,2.0,High,Medium,20
CLM2260,Pakistan,Asia,5.4,1.93,2124,2.32,Low,Low,34
CLM2261,Pakistan,Asia,28.1,1.74,4507,3.27,High,High,14
CLM2262,Canada,North America,14.9,0.8,4633,4.43,Medium,Low,47
CLM2263,United Kingdom,Europe,10.2,1.76,3660,2.16,Medium,High,43
CLM2264,India,Asia,8.3,1.2,901,5.01,Medium,Medium,33
CLM2265,Brazil,South America,8.7,0.56,352,2.12,High,Low,22
CLM2266,Nigeria,Africa,26.2,2.34,2971,2.67,Medium,Medium,9
CLM2267,Pakistan,Asia,15.0,2.15,583,3.17,Medium,High,10
CLM2268,Canada,North America,21.0,2.02,5828,2.73,Medium,Low,27
CLM2269,United States,North America,11.7,1.74,2696,4.18,Medium,High,12
CLM2270,United Kingdom,Europe,22.1,0.69,1860,4.48,Low,High,43
CLM2271,United States,North America,13.9,0.66,2291,5.73,Medium,Low,23
CLM2272,China,Asia,13.3,0.66,4879,3.47,High,Medium,54
CLM2273,United States,North America,5.6,1.25,4472,2.52,Medium,High,59
CLM2274,Australia,Oceania,15.5,0.58,2791,2.32,High,Medium,41
CLM2275,Nigeria,Africa,23.7,0.68,4278,4.2,Medium,High,22
CLM2276,Australia,Oceania,18.0,0.95,556,1.78,Low,Low,43
CLM2277,United States,North America,10.9,1.62,3359,5.95,Low,Low,11
CLM2278,Brazil,South America,23.6,2.17,5138,2.2,High,Medium,42
CLM2279,China,Asia,15.2,1.67,4053,5.43,Low,Low,23
CLM2280,Brazil,South America,13.4,2.3,2302,1.39,High,Low,7
CLM2281,Brazil,South America,5.1,0.92,876,3.71,Low,High,44
CLM2282,Brazil,South America,18.5,0.58,5949,2.88,High,Low,9
CLM2283,Nigeria,Africa,21.1,1.44,2655,1.28,Low,Medium,21
CLM2284,Nigeria,Africa,20.4,1.95,1054,2.26,High,Low,39
CLM2285,Nigeria,Africa,23.2,0.96,3691,1.77,Low,High,49
CLM2286,Brazil,South America,10.2,0.5,5348,3.94,High,Medium,41
CLM2287,Germany,Europe,12.0,2.1,1184,4.63,Low,Low,30
CLM2288,China,Asia,16.1,2.27,5625,3.05,High,High,49
CLM2289,Pakistan,Asia,11.3,1.78,5426,1.16,Medium,Low,14
CLM2290,China,Asia,25.0,2.15,3880,2.51,Low,Medium,42
CLM2291,Australia,Oceania,14.6,1.31,4065,2.54,Medium,Low,36
CLM2292,Brazil,South America,16.4,2.22,1550,3.2,Medium,High,8
CLM2293,Nigeria,Africa,28.9,2.46,3738,4.07,Medium,High,48
CLM2294,United States,North America,19.2,1.83,602,2.34,Medium,Low,39
CLM2295,Pakistan,Asia,22.3,0.55,1230,2.33,Low,Medium,32
CLM2296,United Kingdom,Europe,5.7,2.39,484,4.84,Low,High,7
CLM2297,Canada,North America,21.0,1.77,872,2.92,Medium,Medium,49
CLM2298,Brazil,South America,12.6,1.03,1263,1.78,High,High,7
CLM2299,India,Asia,11.0,2.24,2734,5.21,Low,High,33
CLM2300,China,Asia,7.4,0.95,5223,4.31,Low,High,29
CLM2301,Nigeria,Africa,9.9,1.24,1841,4.63,Low,Medium,51
CLM2302,Canada,North America,17.7,0.64,1897,2.66,High,Medium,31
CLM2303,Australia,Oceania,27.8,0.54,4152,3.02,High,Low,11
CLM2304,Pakistan,Asia,19.0,1.76,5974,4.32,Low,Medium,18
CLM2305,Germany,Europe,19.7,2.19,2909,4.93,Low,Low,16
CLM2306,Germany,Europe,20.5,1.96,547,3.12,Low,High,59
CLM2307,China,Asia,14.5,2.44,2582,3.43,High,Low,57
CLM2308,Germany,Europe,18.1,1.71,3850,5.04,Medium,Medium,5
CLM2309,India,Asia,28.3,1.6,3579,3.94,High,Medium,12
CLM2310,Germany,Europe,20.8,1.49,1936,2.89,Medium,Low,36
CLM2311,Pakistan,Asia,22.4,1.86,5233,5.52,Low,Low,47
CLM2312,Germany,Europe,18.9,2.07,3276,4.79,High,Low,51
CLM2313,United States,North America,13.3,1.82,2938,5.44,High,Low,41
CLM2314,Germany,Europe,22.3,2.44,955,3.84,Low,Low,34
CLM2315,India,Asia,28.3,1.02,5409,1.68,High,Low,50
CLM2316,China,Asia,28.6,1.62,2101,2.31,High,Medium,34
CLM2317,India,Asia,29.2,1.8,3819,4.89,High,Low,19
CLM2318,China,Asia,5.1,1.28,1526,4.16,Low,Low,5
CLM2319,China,Asia,18.5,0.89,3064,2.35,Medium,Medium,27
CLM2320,Canada,North America,27.5,1.02,418,4.43,Low,Medium,30
CLM2321,Brazil,South America,25.5,0.83,3295,1.52,Low,Low,51
CLM2322,Canada,North America,28.0,2.43,2051,3.42,High,Low,14
CLM2323,China,Asia,26.2,0.61,5697,4.13,Low,Low,47
CLM2324,Australia,Oceania,6.6,1.44,1803,5.58,High,Medium,55
CLM2325,United Kingdom,Europe,28.4,0.5,2968,2.39,Low,Medium,29
CLM2326,Germany,Europe,26.4,1.08,3605,5.43,Low,High,59
CLM2327,China,Asia,10.7,0.52,4449,1.94,High,Low,22
CLM2328,Germany,Europe,16.9,1.99,4102,1.73,High,Low,5
CLM2329,Germany,Europe,26.1,2.22,3188,1.83,High,High,15
CLM2330,Nigeria,Africa,21.5,0.8,4991,3.77,High,Medium,43
CLM2331,United Kingdom,Europe,6.8,1.57,4177,1.12,Medium,Medium,11
CLM2332,Brazil,South America,13.6,2.05,2193,3.5,High,Medium,7
CLM2333,India,Asia,10.6,0.87,2163,4.09,Medium,Low,32
CLM2334,India,Asia,5.6,2.38,2794,3.8,Medium,High,30
CLM2335,United States,North America,18.3,1.5,1153,2.31,High,Medium,14
CLM2336,Pakistan,Asia,24.6,0.78,2014,1.01,Low,High,14
CLM2337,Pakistan,Asia,12.1,2.42,4738,3.5,Medium,Medium,24
CLM2338,Pakistan,Asia,26.9,1.74,4070,2.36,Medium,Low,36
CLM2339,China,Asia,23.6,1.36,2179,3.31,Low,High,47
CLM2340,Nigeria,Africa,14.0,2.41,1377,3.74,Low,Low,59
CLM2341,Pakistan,Asia,15.5,1.09,4143,4.54,Medium,Medium,45
CLM2342,Australia,Oceania,14.6,1.39,5151,2.43,Low,Medium,37
CLM2343,Brazil,South America,27.6,2.1,1056,3.94,Low,High,37
CLM2344,United States,North America,13.7,0.98,1111,1.02,High,Low,56
CLM2345,Brazil,South America,24.0,0.81,4147,5.12,Low,High,21
CLM2346,United Kingdom,Europe,24.8,2.49,1287,3.67,High,Medium,53
CLM2347,China,Asia,8.7,2.08,684,2.81,Low,Medium,10
CLM2348,Australia,Oceania,18.3,1.33,1325,1.28,Medium,Low,25
CLM2349,United States,North America,23.0,1.72,5424,2.4,Medium,High,53
CLM2350,Germany,Europe,17.5,0.68,4631,1.02,High,Low,19
CLM2351,Pakistan,Asia,29.4,1.66,3505,1.79,High,High,36
CLM2352,Germany,Europe,27.4,1.59,3441,3.59,Medium,Medium,8
CLM2353,United States,North America,18.1,0.91,3485,1.24,Medium,Low,18
CLM2354,United States,North America,14.7,0.56,2318,4.85,Medium,Low,49
CLM2355,Nigeria,Africa,29.4,1.29,3082,3.66,Medium,Medium,57
CLM2356,Pakistan,Asia,29.1,0.68,1250,2.68,High,Medium,13
CLM2357,China,Asia,17.6,1.92,2281,3.1,High,Medium,11
CLM2358,Pakistan,Asia,6.9,2.05,703,1.7,High,Low,56
CLM2359,China,Asia,5.1,0.55,3432,5.77,Medium,Low,33
CLM2360,Pakistan,Asia,20.9,0.78,1096,3.12,High,High,27
CLM2361,United States,North America,18.0,2.16,5156,3.75,Low,Medium,19
CLM2362,Australia,Oceania,20.0,1.84,3888,3.96,Medium,Low,47
CLM2363,United States,North America,26.3,0.67,2420,5.77,Medium,High,56
CLM2364,Brazil,South America,15.7,2.1,5134,1.99,High,High,48
CLM2365,Germany,Europe,18.5,0.61,4960,3.1,Low,Medium,35
CLM2366,Germany,Europe,7.3,1.39,910,5.51,Low,Low,52
CLM2367,India,Asia,15.8,2.19,5906,3.44,Medium,Medium,9
CLM2368,United Kingdom,Europe,17.0,2.09,1940,3.57,Medium,High,42
CLM2369,Germany,Europe,12.7,1.69,3495,3.18,Medium,Low,15
CLM2370,United States,North America,10.5,1.27,3511,4.72,High,Low,26
CLM2371,Pakistan,Asia,21.2,1.18,2831,3.52,High,Medium,52
CLM2372,United Kingdom,Europe,11.0,1.89,3936,3.53,High,Medium,26
CLM2373,United States,North America,6.6,0.84,2845,5.72,Low,High,7
CLM2374,China,Asia,15.5,1.13,4706,5.39,Medium,High,19
CLM2375,Pakistan,Asia,20.4,0.91,5955,4.48,Low,Low,29
CLM2376,United States,North America,19.6,1.7,418,2.89,Medium,Low,25
CLM2377,Australia,Oceania,16.3,1.26,1869,2.92,Low,Medium,45
CLM2378,United Kingdom,Europe,7.0,1.05,311,3.26,Medium,High,34
CLM2379,Australia,Oceania,26.0,2.38,2289,1.48,Low,High,23
CLM2380,Nigeria,Africa,24.3,1.49,4994,1.72,High,Low,51
CLM2381,Canada,North America,18.3,1.76,3026,3.2,High,High,12
CLM2382,Canada,North America,15.7,1.17,530,5.32,High,Medium,44
CLM2383,Canada,North America,5.7,1.36,3373,5.67,Medium,Medium,6
CLM2384,Australia,Oceania,8.0,1.74,5159,2.73,Medium,High,35
CLM2385,Australia,Oceania,24.2,0.8,3733,3.57,Medium,High,42
CLM2386,Brazil,South America,9.9,1.85,5602,4.51,Medium,Low,9
CLM2387,United Kingdom,Europe,12.8,1.3,4570,3.9,High,High,53
CLM2388,China,Asia,10.1,2.04,2368,2.91,Medium,Low,60
CLM2389,India,Asia,18.0,1.26,1359,3.42,Low,High,24
CLM2390,United Kingdom,Europe,9.0,2.13,4207,4.62,High,Low,53
CLM2391,Brazil,South America,6.4,0.63,489,1.06,High,Medium,47
CLM2392,Brazil,South America,11.7,1.2,5499,1.04,Medium,High,32
CLM2393,Australia,Oceania,10.9,2.27,417,2.44,Low,High,38
CLM2394,China,Asia,26.0,0.7,810,4.91,Medium,Medium,47
CLM2395,Canada,North America,15.6,1.84,390,3.76,Low,High,22
CLM2396,Brazil,South America,16.2,2.46,3635,4.95,Medium,Medium,49
CLM2397,India,Asia,28.8,2.18,1060,4.27,Medium,Low,19
CLM2398,China,Asia,5.1,2.37,727,2.23,Low,Low,19
CLM2399,Germany,Europe,18.4,0.94,2395,4.58,Low,High,22
CLM2400,Canada,North America,8.2,0.81,4391,3.62,Low,High,35
CLM2401,United Kingdom,Europe,29.4,1.54,475,5.54,Low,Low,23
CLM2402,Pakistan,Asia,29.3,0.76,2484,3.13,Low,Low,37
CLM2403,Canada,North America,24.0,2.14,4890,3.0,High,Low,60
CLM2404,Canada,North America,12.1,1.7,2677,5.88,Low,Low,14
CLM2405,Pakistan,Asia,28.4,2.48,1616,4.62,High,Medium,19
CLM2406,Australia,Oceania,19.2,1.26,4842,4.52,Low,Medium,11
CLM2407,United States,North America,24.1,1.05,1159,1.52,Medium,Low,35
CLM2408,Nigeria,Africa,29.0,1.32,403,1.71,Low,High,15
CLM2409,Germany,Europe,8.8,2.22,599,4.69,High,High,28
CLM2410,United States,North America,25.6,1.2,4578,4.81,Medium,High,39
CLM2411,Germany,Europe,25.9,2.3,2494,1.54,Medium,Low,37
CLM2412,India,Asia,26.8,1.27,5056,1.72,Medium,Medium,48
CLM2413,Australia,Oceania,10.6,2.11,2345,3.06,Low,Medium,37
CLM2414,Nigeria,Africa,10.1,1.45,1686,5.79,High,Medium,37
CLM2415,Pakistan,Asia,11.1,0.66,358,2.46,High,Low,20
CLM2416,Nigeria,Africa,7.5,2.02,5451,4.83,Low,High,57
CLM2417,Canada,North America,23.1,2.1,2896,5.38,Low,Medium,35
CLM2418,Pakistan,Asia,16.9,1.58,2761,1.44,High,Low,16
CLM2419,Brazil,South America,20.0,0.83,3633,3.43,Low,Low,57
CLM2420,Australia,Oceania,29.7,0.85,3278,1.31,High,High,36
CLM2421,Canada,North America,25.7,1.92,5313,2.01,Low,Medium,43
CLM2422,Australia,Oceania,19.8,2.19,5997,2.41,Medium,High,35
CLM2423,United Kingdom,Europe,17.0,0.88,2527,5.46,Medium,Low,22
CLM2424,China,Asia,23.7,2.47,4744,5.84,High,Low,27
CLM2425,Brazil,South America,7.2,2.11,387,2.09,Low,Medium,24
CLM2426,Pakistan,Asia,15.4,1.12,2081,5.05,Low,Medium,54
CLM2427,Brazil,South America,14.9,1.98,2692,2.1,Low,Medium,11
CLM2428,Germany,Europe,14.8,2.43,3995,2.92,High,Low,26
CLM2429,United States,North America,13.4,0.82,3476,1.05,Medium,Medium,42
CLM2430,United Kingdom,Europe,11.5,1.14,4144,1.92,Low,Medium,15
CLM2431,Nigeria,Africa,15.7,2.47,1229,1.07,Low,High,52
CLM2432,China,Asia,22.6,1.64,669,2.87,Medium,High,48
CLM2433,China,Asia,13.6,0.85,2548,2.03,Medium,Medium,60
CLM2434,United Kingdom,Europe,24.5,0.61,4247,2.8,Low,Low,59
CLM2435,Germany,Europe,24.9,1.57,2423,2.94,Low,Low,56
CLM2436,Nigeria,Africa,17.3,1.97,4489,3.89,High,Low,6
CLM2437,United States,North America,9.8,0.9,2223,2.64,Medium,Low,44
CLM2438,United States,North America,8.7,1.26,301,4.64,Low,Medium,7
CLM2439,Nigeria,Africa,29.3,1.26,5014,2.8,High,Low,32
CLM2440,United States,North America,27.9,2.33,5146,5.09,Medium,Low,5
CLM2441,United States,North America,9.3,1.99,5072,3.87,Medium,Low,11
CLM2442,China,Asia,27.7,1.9,3071,5.06,Medium,Medium,42
CLM2443,Canada,North America,27.8,1.64,1843,4.85,High,Medium,22
CLM2444,United States,North America,17.9,1.22,1216,1.26,Low,Medium,27
CLM2445,United States,North America,20.3,0.55,351,4.57,High,High,15
CLM2446,United States,North America,19.3,1.75,2530,5.49,High,High,21
CLM2447,United States,North America,10.2,1.95,4762,2.62,High,Low,28
CLM2448,Brazil,South America,9.1,0.64,3363,5.8,High,Medium,48
CLM2449,China,Asia,19.7,2.08,3275,3.19,High,Low,39
CLM2450,Australia,Oceania,14.0,1.27,4252,4.97,Low,Medium,20
CLM2451,Pakistan,Asia,22.2,0.95,2436,5.18,Medium,High,59
CLM2452,Australia,Oceania,15.0,0.98,2238,3.58,Medium,Medium,17
CLM2453,Australia,Oceania,7.7,1.38,3484,3.46,Low,Medium,30
CLM2454,Brazil,South America,12.9,1.49,3767,1.54,Low,Low,17
CLM2455,Canada,North America,14.6,0.68,4670,4.09,Medium,Medium,42
CLM2456,China,Asia,29.5,0.88,4199,3.98,Medium,High,11
CLM2457,Pakistan,Asia,22.3,0.97,4597,1.54,High,High,39
CLM2458,Canada,North America,24.8,2.29,3963,2.46,Medium,Low,25
CLM2459,Pakistan,Asia,9.9,1.14,5740,5.94,High,Medium,32
CLM2460,Pakistan,Asia,21.1,1.11,1195,3.71,High,Medium,13
CLM2461,United States,North America,13.6,2.47,4066,1.24,Low,High,58
CLM2462,Germany,Europe,8.8,1.44,1843,1.76,High,Medium,57
CLM2463,Nigeria,Africa,20.8,2.35,5829,1.26,Low,Medium,48
CLM2464,Germany,Europe,26.3,1.28,469,5.69,High,Low,13
CLM2465,Australia,Oceania,20.7,1.07,4594,3.61,Medium,High,37
CLM2466,United Kingdom,Europe,12.0,1.27,4397,1.92,High,Medium,28
CLM2467,Canada,North America,29.7,0.68,1094,3.2,Low,Low,43
CLM2468,Pakistan,Asia,6.2,1.35,3874,1.22,Medium,Medium,8
CLM2469,China,Asia,17.6,2.04,751,5.21,High,Medium,29
CLM2470,Brazil,South America,12.6,1.96,4586,5.01,Low,High,30
CLM2471,Australia,Oceania,12.1,2.0,1797,5.03,High,High,34
CLM2472,China,Asia,7.1,1.21,4443,1.49,High,High,20
CLM2473,India,Asia,26.8,1.03,5545,3.46,Medium,High,51
CLM2474,Australia,Oceania,16.0,1.28,1195,3.01,Medium,Low,41
CLM2475,United Kingdom,Europe,9.9,0.99,5961,2.02,Low,Medium,29
CLM2476,China,Asia,29.5,2.28,5982,3.43,Medium,Medium,16
CLM2477,Pakistan,Asia,24.0,1.41,1925,1.07,Medium,High,28
CLM2478,United States,North America,22.4,1.87,2940,2.68,High,Medium,47
CLM2479,Canada,North America,20.3,2.12,601,3.39,High,Medium,57
CLM2480,Germany,Europe,17.3,1.48,1706,3.89,Low,Medium,42
CLM2481,United States,North America,21.2,1.39,1576,5.4,Medium,High,50
CLM2482,Canada,North America,26.9,1.26,490,3.01,High,Medium,32
CLM2483,Nigeria,Africa,7.0,1.18,2839,4.28,Medium,Low,17
CLM2484,Nigeria,Africa,16.1,0.85,3861,5.37,Medium,Low,23
CLM2485,Germany,Europe,13.8,2.02,5983,5.35,Low,Low,28
CLM2486,Germany,Europe,29.5,1.15,1889,5.05,Low,Low,40
CLM2487,Brazil,South America,25.1,2.29,1567,5.22,Low,Medium,46
CLM2488,China,Asia,14.2,0.87,4694,2.77,Medium,Low,36
CLM2489,Brazil,South America,5.1,0.63,680,1.61,Low,Medium,49
CLM2490,United Kingdom,Europe,26.4,2.44,3579,4.69,Low,High,39
CLM2491,Pakistan,Asia,16.3,1.67,4267,5.03,Medium,High,8
CLM2492,China,Asia,16.1,1.61,4514,5.97,High,High,10
CLM2493,Germany,Europe,24.7,1.56,1946,1.12,Low,High,19
CLM2494,China,Asia,26.2,2.44,5057,2.85,Low,Low,48
CLM2495,Australia,Oceania,24.1,0.86,1267,3.0,Low,Medium,27
CLM2496,Germany,Europe,24.1,2.37,3899,4.24,Medium,High,51
CLM2497,China,Asia,22.8,0.81,3824,4.88,Low,Medium,52
CLM2498,Brazil,South America,29.8,1.04,3592,2.6,Medium,Medium,52
CLM2499,United Kingdom,Europe,10.8,2.25,2828,2.49,High,Low,29
CLM2500,United Kingdom,Europe,9.9,1.74,2570,5.16,Low,Medium,43
CLM2501,United Kingdom,Europe,13.2,1.91,5801,1.91,High,Medium,37
CLM2502,India,Asia,15.9,1.77,1472,1.03,Medium,High,39
CLM2503,India,Asia,14.1,1.74,1621,5.02,Medium,High,47
CLM2504,United States,North America,29.3,0.55,2739,5.76,Low,Low,47
CLM2505,United Kingdom,Europe,9.0,2.26,4278,3.42,Medium,High,26
CLM2506,Brazil,South America,9.1,1.28,4235,1.97,Low,High,7
CLM2507,India,Asia,10.3,2.21,5438,2.42,Medium,High,59
CLM2508,Germany,Europe,26.8,1.09,1229,4.22,Low,High,26
CLM2509,Australia,Oceania,21.4,1.22,540,3.49,High,High,25
CLM2510,United Kingdom,Europe,6.9,1.44,5160,5.25,Low,Low,14
CLM2511,India,Asia,12.0,0.93,2335,5.6,Low,Medium,47
CLM2512,China,Asia,23.3,0.67,2245,2.54,Medium,High,29
CLM2513,Nigeria,Africa,7.6,2.45,2273,5.69,Medium,High,44
CLM2514,Canada,North America,28.2,1.72,2941,4.12,Low,High,24
CLM2515,Brazil,South America,13.5,1.21,4407,5.53,Low,High,6
CLM2516,Germany,Europe,23.3,0.58,782,5.71,High,Medium,26
CLM2517,Canada,North America,28.7,0.99,5982,4.81,Medium,Low,38
CLM2518,United Kingdom,Europe,28.9,1.35,4920,1.1,Low,Low,45
CLM2519,United States,North America,16.7,2.29,1035,1.38,Medium,Medium,25
CLM2520,Brazil,South America,22.3,1.05,2956,5.56,Low,Medium,53
CLM2521,United States,North America,11.8,0.63,1140,5.28,Low,Medium,33
CLM2522,Australia,Oceania,12.9,2.1,330,2.83,High,Medium,57
CLM2523,Canada,North America,15.0,1.6,3023,5.86,Medium,Low,27
CLM2524,China,Asia,9.2,2.43,2453,4.14,High,Medium,14
CLM2525,United Kingdom,Europe,23.8,1.59,2682,1.25,Low,High,47
CLM2526,Nigeria,Africa,7.6,1.85,844,2.77,Low,Low,60
CLM2527,Brazil,South America,27.5,1.9,1436,3.89,Low,High,60
CLM2528,Germany,Europe,11.6,2.12,5111,5.4,Low,Medium,58
CLM2529,Brazil,South America,10.8,2.43,2123,1.84,Medium,High,21
CLM2530,Nigeria,Africa,12.8,1.37,2148,5.34,Medium,High,5
CLM2531,Brazil,South America,7.4,0.8,2541,4.88,High,Low,41
CLM2532,United States,North America,28.5,2.21,5474,2.96,High,Medium,11
CLM2533,Brazil,South America,24.2,1.68,5092,4.68,Low,Medium,58
CLM2534,Germany,Europe,7.8,1.43,1509,1.26,Medium,High,23
CLM2535,Germany,Europe,18.8,1.16,4810,2.65,High,Low,23
CLM2536,Canada,North America,8.7,0.76,5893,4.14,Low,Low,48
CLM2537,India,Asia,5.2,0.95,5427,2.09,Low,Medium,51
CLM2538,Brazil,South America,25.5,0.89,2216,2.58,High,Medium,56
CLM2539,Brazil,South America,7.7,0.92,5040,4.01,High,Low,37
CLM2540,Nigeria,Africa,29.3,0.8,4528,4.49,Medium,Low,44
CLM2541,India,Asia,28.0,1.83,1805,2.5,Medium,Medium,23
CLM2542,United States,North America,11.9,2.36,315,4.52,Medium,Low,49
CLM2543,Canada,North America,12.0,1.47,4037,4.43,Low,Low,52
CLM2544,United States,North America,7.3,0.57,1539,2.29,Medium,Medium,32
CLM2545,Canada,North America,10.6,1.35,1647,5.92,Low,High,41
CLM2546,India,Asia,14.6,1.47,2982,2.06,High,Medium,54
CLM2547,United States,North America,26.8,0.67,2328,4.18,Low,High,34
CLM2548,Nigeria,Africa,20.4,2.48,4582,2.41,High,High,9
CLM2549,Canada,North America,8.9,1.03,2854,2.25,Low,Low,59
CLM2550,Pakistan,Asia,23.8,1.62,1735,1.21,High,Medium,22
CLM2551,United States,North America,7.5,2.1,2896,5.93,High,High,23
CLM2552,Canada,North America,21.7,1.41,4160,4.38,Low,Low,55
CLM2553,United States,North America,19.4,0.63,2950,2.01,High,Low,45
CLM2554,Nigeria,Africa,5.5,1.96,1624,4.71,Medium,High,51
CLM2555,Germany,Europe,29.1,2.42,1049,3.12,Medium,High,20
CLM2556,China,Asia,6.7,2.27,5879,2.49,Low,Medium,57
CLM2557,Nigeria,Africa,19.9,1.86,2741,2.43,Low,Medium,57
CLM2558,Germany,Europe,26.6,1.09,3636,1.4,High,Low,47
CLM2559,United States,North America,17.7,0.58,5945,5.0,High,Low,44
CLM2560,United States,North America,5.9,0.51,4940,2.81,High,High,7
CLM2561,China,Asia,7.2,1.47,2628,4.24,High,Medium,52
CLM2562,Canada,North America,29.7,0.52,2883,5.48,Medium,Low,32
CLM2563,Pakistan,Asia,20.3,1.72,5511,1.31,Medium,Low,56
CLM2564,United States,North America,15.7,2.17,3292,2.43,Low,High,56
CLM2565,United States,North America,18.0,1.88,4405,2.96,High,Medium,31
CLM2566,Germany,Europe,29.4,0.78,4308,3.36,Low,Low,42
CLM2567,Nigeria,Africa,16.4,0.76,1407,2.78,High,High,51
CLM2568,Germany,Europe,5.0,2.01,429,5.51,Low,High,53
CLM2569,United States,North America,7.1,2.41,5421,5.81,Low,Low,24
CLM2570,Australia,Oceania,14.0,0.76,4424,3.33,Low,Medium,31
CLM2571,Brazil,South America,23.0,2.44,676,2.81,Low,Low,33
CLM2572,Pakistan,Asia,6.7,0.83,2227,4.9,Low,Medium,59
CLM2573,Germany,Europe,16.3,1.75,1603,2.29,Medium,Medium,30
CLM2574,China,Asia,29.9,2.17,5193,1.11,High,High,7
CLM2575,Australia,Oceania,22.8,0.64,3621,2.87,High,Low,39
CLM2576,United Kingdom,Europe,19.0,1.37,881,2.97,High,High,31
CLM2577,Pakistan,Asia,12.0,1.68,5642,5.83,Low,High,48
CLM2578,Nigeria,Africa,27.6,2.08,2676,5.28,Medium,Low,49
CLM2579,Canada,North America,28.2,1.39,5221,3.61,Medium,High,6
CLM2580,Germany,Europe,26.3,1.73,3050,1.64,Medium,High,54
CLM2581,United Kingdom,Europe,24.7,2.35,3171,5.43,Low,High,50
CLM2582,United States,North America,16.1,0.64,4524,5.67,High,Low,29
CLM2583,China,Asia,22.5,1.01,4651,4.47,High,High,22
CLM2584,United Kingdom,Europe,9.9,1.55,3376,5.69,Low,Low,25
CLM2585,United States,North America,29.1,1.25,3369,2.46,High,High,39
CLM2586,Pakistan,Asia,18.4,1.84,2368,5.15,High,Medium,13
CLM2587,United Kingdom,Europe,21.2,1.5,1564,5.55,Low,Medium,49
CLM2588,China,Asia,16.4,1.81,4725,2.98,Low,High,38
CLM2589,India,Asia,18.8,1.13,4655,5.34,Medium,Low,37
CLM2590,Nigeria,Africa,19.0,1.69,1837,5.39,Low,Medium,43
CLM2591,United Kingdom,Europe,7.8,1.4,1469,4.11,High,High,58
CLM2592,United Kingdom,Europe,15.7,1.38,5742,4.95,Medium,High,19
CLM2593,China,Asia,18.8,1.24,3759,4.08,Medium,High,43
CLM2594,Brazil,South America,23.2,0.9,1487,5.52,High,High,46
CLM2595,Australia,Oceania,11.8,1.06,1360,3.74,Low,High,38
CLM2596,Pakistan,Asia,23.8,0.71,5360,3.83,High,Medium,14
CLM2597,Nigeria,Africa,22.3,1.43,4214,4.09,Medium,Low,40
CLM2598,India,Asia,20.8,1.8,3889,1.13,High,Low,6
CLM2599,Nigeria,Africa,8.3,2.29,1378,3.95,Medium,Medium,59
CLM2600,Pakistan,Asia,18.8,1.94,5110,1.22,Low,High,44
CLM2601,Germany,Europe,15.1,1.08,4027,4.89,Medium,High,55
CLM2602,United Kingdom,Europe,26.0,1.32,1837,4.41,Medium,Low,40
CLM2603,Germany,Europe,20.6,2.44,3605,3.25,Medium,Low,31
CLM2604,Australia,Oceania,10.0,2.27,5851,5.71,Low,Medium,5
CLM2605,United Kingdom,Europe,10.4,1.56,1613,5.43,Medium,High,9
CLM2606,Pakistan,Asia,14.4,1.3,2985,3.45,Medium,High,24
CLM2607,Australia,Oceania,24.0,1.62,5405,1.94,High,High,38
CLM2608,Brazil,South America,7.5,2.45,3726,3.95,Low,Medium,9
CLM2609,Nigeria,Africa,8.4,2.27,2095,2.0,Medium,Low,45
CLM2610,Germany,Europe,21.1,1.47,1022,1.68,Low,Medium,9
CLM2611,Nigeria,Africa,17.1,2.41,2588,5.82,Low,High,28
CLM2612,United Kingdom,Europe,13.6,1.18,667,2.29,Low,Low,38
CLM2613,Canada,North America,27.8,1.64,1033,3.49,High,Medium,45
CLM2614,Australia,Oceania,24.6,1.22,5233,1.15,High,High,12
CLM2615,Brazil,South America,12.1,0.95,2068,1.24,Low,Medium,50
CLM2616,Pakistan,Asia,15.5,1.81,1176,3.07,Medium,Low,29
CLM2617,Australia,Oceania,20.3,1.51,2522,5.14,High,High,52
CLM2618,India,Asia,15.3,1.86,4811,4.03,Medium,Low,21
CLM2619,Germany,Europe,10.9,1.5,5969,1.88,High,High,38
CLM2620,United States,North America,20.2,1.4,418,1.95,Medium,Medium,31
CLM2621,Brazil,South America,12.4,2.06,2636,4.98,High,Medium,51
CLM2622,Australia,Oceania,7.4,1.43,5465,2.51,High,Low,10
CLM2623,Germany,Europe,5.8,0.54,5224,1.12,High,High,19
CLM2624,United Kingdom,Europe,9.8,0.91,2666,3.69,High,Low,31
CLM2625,Australia,Oceania,29.0,2.06,4758,5.08,Low,Low,15
CLM2626,Canada,North America,23.3,2.31,5078,4.1,Low,High,26
CLM2627,Brazil,South America,11.3,0.5,2388,4.66,Low,Medium,36
CLM2628,United States,North America,20.2,0.57,2258,1.67,Medium,Medium,6
CLM2629,Pakistan,Asia,26.8,2.22,1153,1.01,Medium,High,9
CLM2630,Nigeria,Africa,17.8,1.98,4579,2.96,Low,Low,23
CLM2631,United Kingdom,Europe,21.8,1.52,5970,4.28,Low,High,7
CLM2632,Nigeria,Africa,9.1,2.28,1180,4.93,Low,Low,56
CLM2633,India,Asia,9.6,1.58,2484,2.87,Medium,Low,42
CLM2634,Australia,Oceania,25.7,2.46,1041,5.81,High,Low,21
CLM2635,India,Asia,18.5,2.21,4917,1.07,Medium,Medium,49
CLM2636,Brazil,South America,5.4,1.63,380,1.54,Low,High,29
CLM2637,Australia,Oceania,14.0,1.59,2963,3.87,High,Medium,22
CLM2638,Germany,Europe,15.3,1.81,3354,1.74,Low,High,37
CLM2639,China,Asia,14.2,1.19,4126,5.18,High,High,36
CLM2640,India,Asia,13.7,2.35,3170,2.43,High,Medium,40
CLM2641,United States,North America,11.8,1.36,5678,2.62,Low,Medium,14
CLM2642,China,Asia,22.1,1.57,3422,3.9,Low,Medium,32
CLM2643,Nigeria,Africa,22.9,1.86,2886,3.61,High,High,42
CLM2644,China,Asia,5.6,1.47,3836,2.3,Medium,High,46
CLM2645,Canada,North America,19.7,1.91,1473,2.09,High,Low,12
CLM2646,Pakistan,Asia,13.3,2.15,2133,5.33,High,Medium,52
CLM2647,Germany,Europe,29.3,0.75,5135,2.51,Low,High,57
CLM2648,Canada,North America,29.7,1.68,665,5.38,Medium,Medium,29
CLM2649,Germany,Europe,6.6,2.42,5596,1.38,Low,Low,28
CLM2650,Brazil,South America,29.5,2.06,1074,1.4,High,Medium,16
CLM2651,United States,North America,7.6,1.03,3924,4.63,Medium,High,51
CLM2652,Germany,Europe,23.9,1.79,4949,1.95,Medium,Medium,58
CLM2653,United Kingdom,Europe,14.4,1.14,4507,3.12,High,High,48
CLM2654,Canada,North America,26.3,1.22,5186,3.82,Low,High,43
CLM2655,Australia,Oceania,28.8,1.91,1779,5.12,Low,Medium,8
CLM2656,Germany,Europe,14.5,1.98,3961,5.1,Medium,Low,50
CLM2657,United Kingdom,Europe,22.1,1.6,5106,2.61,Low,Low,7
CLM2658,Australia,Oceania,10.7,1.37,4397,4.64,Medium,High,36
CLM2659,Australia,Oceania,28.1,1.66,5084,5.79,Medium,High,21
CLM2660,China,Asia,16.6,1.48,1935,1.61,Low,Low,24
CLM2661,United States,North America,29.4,1.61,2760,2.48,Low,Low,21
CLM2662,Brazil,South America,24.3,1.86,948,5.16,High,Medium,29
CLM2663,China,Asia,25.3,2.04,3885,5.53,High,Low,51
CLM2664,Nigeria,Africa,25.0,1.24,5554,3.19,High,High,32
CLM2665,United Kingdom,Europe,14.1,1.26,5882,2.1,Medium,High,49
CLM2666,United States,North America,13.6,1.99,3840,5.75,Medium,High,58
CLM2667,China,Asia,19.2,0.78,713,5.25,High,High,23
CLM2668,Australia,Oceania,9.9,0.93,4309,1.41,Medium,Medium,15
CLM2669,Germany,Europe,14.3,2.04,2141,5.62,Low,Medium,27
CLM2670,Australia,Oceania,22.1,0.97,3385,1.57,Low,Medium,47
CLM2671,Germany,Europe,21.3,1.04,463,1.86,High,High,26
CLM2672,Germany,Europe,29.3,0.76,1612,5.07,High,Medium,10
CLM2673,United Kingdom,Europe,19.2,1.52,3443,2.53,Low,High,9
CLM2674,Pakistan,Asia,25.4,1.14,3517,1.3,High,Low,15
CLM2675,India,Asia,10.2,1.24,4217,1.98,Medium,Low,24
CLM2676,Pakistan,Asia,27.9,1.95,3944,2.77,Low,Low,14
CLM2677,Canada,North America,22.7,0.65,4160,1.07,Medium,Medium,59
CLM2678,Germany,Europe,18.4,2.47,2017,5.9,High,Low,49
CLM2679,Germany,Europe,27.8,1.96,1059,4.75,Low,Medium,33
CLM2680,Germany,Europe,25.8,0.85,3254,3.82,Low,Medium,38
CLM2681,Australia,Oceania,13.9,1.33,2754,1.9,High,High,22
CLM2682,Australia,Oceania,10.5,0.58,1846,4.91,Low,Medium,57
CLM2683,India,Asia,24.6,2.48,1786,1.1,Medium,High,24
CLM2684,Brazil,South America,11.7,1.96,4646,2.8,Low,Low,45
CLM2685,Nigeria,Africa,16.2,1.91,816,3.15,Low,Medium,43
CLM2686,Germany,Europe,15.8,0.66,1126,2.73,Medium,High,56
CLM2687,Pakistan,Asia,5.5,0.96,2254,4.51,Medium,High,10
CLM2688,Germany,Europe,9.6,1.42,5233,5.71,Medium,Medium,56
CLM2689,Nigeria,Africa,6.1,1.42,5374,3.86,Low,High,26
CLM2690,United States,North America,15.3,0.73,5223,3.56,Medium,High,42
CLM2691,Pakistan,Asia,27.8,0.59,5000,2.78,Medium,Medium,25
CLM2692,United States,North America,6.2,1.12,5283,4.98,Low,High,6
CLM2693,Australia,Oceania,16.8,1.26,3947,4.15,Low,Medium,33
CLM2694,Australia,Oceania,15.3,1.07,5560,3.62,Medium,High,42
CLM2695,Germany,Europe,8.9,2.36,1386,1.77,High,High,34
CLM2696,Nigeria,Africa,19.9,0.55,1205,3.59,High,High,56
CLM2697,Nigeria,Africa,18.7,1.79,420,4.93,High,Medium,7
CLM2698,United Kingdom,Europe,11.2,1.72,2293,2.37,Low,High,45
CLM2699,United States,North America,5.0,1.78,4551,3.5,Medium,Medium,14
CLM2700,China,Asia,13.0,2.01,1199,5.17,Medium,Low,23
CLM2701,United Kingdom,Europe,29.0,2.22,3778,3.08,High,Medium,41
CLM2702,India,Asia,22.1,2.48,2580,5.85,Medium,Low,24
CLM2703,Nigeria,Africa,24.6,1.33,5032,3.46,Low,High,31
CLM2704,Nigeria,Africa,13.5,1.13,350,2.32,Low,High,59
CLM2705,Brazil,South America,17.1,0.91,5449,2.49,Low,High,58
CLM2706,China,Asia,8.1,1.33,1004,1.6,Low,High,8
CLM2707,Australia,Oceania,19.4,0.83,3700,4.48,Low,High,29
CLM2708,Canada,North America,27.5,2.09,5920,4.19,High,Low,40
CLM2709,India,Asia,10.3,1.48,2180,2.89,High,Low,25
CLM2710,United States,North America,6.7,1.74,4456,3.24,Low,Medium,37
CLM2711,Brazil,South America,20.8,0.65,3724,2.0,Low,Low,53
CLM2712,Brazil,South America,8.0,0.68,2227,5.93,High,Low,52
CLM2713,Pakistan,Asia,25.8,0.71,398,4.03,High,High,31
CLM2714,China,Asia,29.3,2.14,904,5.6,Medium,High,57
CLM2715,United States,North America,10.5,0.86,1431,3.63,Low,Low,57
CLM2716,Nigeria,Africa,11.9,1.19,2359,2.58,Low,Low,48
CLM2717,United Kingdom,Europe,21.4,1.86,1915,2.69,High,Medium,14
CLM2718,Australia,Oceania,24.0,1.15,4670,2.02,Low,Medium,25
CLM2719,Nigeria,Africa,28.8,1.36,1412,2.99,Low,Low,36
CLM2720,United States,North America,26.6,1.0,2613,5.4,Medium,High,45
CLM2721,United States,North America,7.2,1.46,5234,3.99,High,Low,45
CLM2722,China,Asia,14.0,1.78,5433,3.11,Medium,Low,41
CLM2723,United Kingdom,Europe,11.0,1.83,5050,4.12,Low,Medium,35
CLM2724,United States,North America,25.4,1.44,4081,1.69,Low,High,21
CLM2725,Pakistan,Asia,28.1,0.67,586,4.7,High,Low,45
CLM2726,Pakistan,Asia,10.5,0.54,1877,5.36,High,Medium,46
CLM2727,Brazil,South America,6.4,1.95,4221,5.93,Low,Low,9
CLM2728,China,Asia,9.5,1.57,3822,1.57,Low,Low,8
CLM2729,Brazil,South America,21.4,2.06,1897,3.26,Low,High,12
CLM2730,Germany,Europe,23.4,0.93,4032,4.02,Medium,Medium,28
CLM2731,United Kingdom,Europe,15.6,2.0,777,3.4,Medium,Low,44
CLM2732,India,Asia,15.2,1.52,645,4.11,Low,Medium,45
CLM2733,United States,North America,23.8,1.69,5325,1.55,Medium,High,34
CLM2734,Pakistan,Asia,12.5,0.53,1319,4.0,High,Low,28
CLM2735,Australia,Oceania,29.8,1.73,2101,4.81,Medium,Medium,47
CLM2736,Australia,Oceania,24.9,2.15,322,2.32,Medium,Medium,23
CLM2737,Nigeria,Africa,28.7,0.84,4807,2.25,High,High,9
CLM2738,United Kingdom,Europe,22.0,1.73,2807,3.96,Low,Medium,20
CLM2739,Canada,North America,21.6,1.74,1417,2.63,Low,High,13
CLM2740,India,Asia,25.9,1.29,4681,3.56,Low,Low,44
CLM2741,Pakistan,Asia,19.6,0.6,1395,2.66,High,Low,50
CLM2742,Pakistan,Asia,6.9,1.78,1183,3.2,Medium,Low,7
CLM2743,United Kingdom,Europe,8.1,1.64,2681,3.85,Low,High,5
CLM2744,Brazil,South America,7.7,2.16,2884,1.1,Medium,High,50
CLM2745,Canada,North America,10.5,0.88,5430,5.5,High,High,27
CLM2746,Brazil,South America,26.9,1.73,1495,2.01,Medium,High,38
CLM2747,China,Asia,25.1,1.4,880,2.46,High,High,24
CLM2748,Canada,North America,27.6,0.5,4779,1.32,High,High,7
CLM2749,United Kingdom,Europe,28.2,2.09,4127,5.22,Medium,High,14
CLM2750,China,Asia,24.4,2.22,382,3.23,Low,Medium,49
CLM2751,Canada,North America,18.9,1.42,3269,4.94,Low,High,44
CLM2752,Brazil,South America,29.6,0.57,2140,4.67,Medium,Medium,20
CLM2753,United Kingdom,Europe,27.4,2.48,3862,4.05,Medium,High,59
CLM2754,Canada,North America,9.4,2.35,3540,4.43,Low,Medium,28
CLM2755,Pakistan,Asia,7.2,0.58,3376,4.27,High,High,24
CLM2756,India,Asia,20.4,2.49,4918,2.57,Medium,High,59
CLM2757,Canada,North America,27.7,1.06,838,4.11,Medium,Low,33
CLM2758,United States,North America,11.2,2.32,2759,3.17,Medium,High,54
CLM2759,Brazil,South America,23.0,1.11,3560,4.12,Low,Medium,10
CLM2760,Pakistan,Asia,22.3,1.65,2434,3.57,High,Low,42
CLM2761,Pakistan,Asia,29.9,2.18,2716,2.13,Medium,Medium,5
CLM2762,India,Asia,21.4,0.86,2589,2.0,Low,Medium,58
CLM2763,Germany,Europe,24.5,1.62,5043,2.59,High,Low,38
CLM2764,United Kingdom,Europe,26.9,1.24,2321,5.15,Low,Low,58
CLM2765,India,Asia,26.1,2.24,5406,4.59,Medium,Low,12
CLM2766,Australia,Oceania,25.3,1.76,1590,5.8,Low,Low,29
CLM2767,Australia,Oceania,22.6,0.82,1957,5.7,High,Low,10
CLM2768,Canada,North America,24.4,1.5,4917,2.91,High,High,28
CLM2769,Pakistan,Asia,17.5,1.29,5461,4.02,Medium,Low,40
CLM2770,Canada,North America,20.5,0.76,2903,3.97,High,Medium,15
CLM2771,Pakistan,Asia,25.1,2.08,4040,1.1,Low,Low,54
CLM2772,Australia,Oceania,9.2,1.92,459,5.85,High,Medium,35
CLM2773,Canada,North America,13.8,1.68,2939,1.21,Medium,Low,37
CLM2774,United States,North America,19.3,1.63,5451,1.75,High,Low,36
CLM2775,Australia,Oceania,22.9,1.52,2757,5.84,Low,Low,25
CLM2776,United States,North America,25.4,2.41,3595,4.16,High,Low,45
CLM2777,Brazil,South America,5.4,2.06,2932,2.97,Medium,Low,19
CLM2778,Brazil,South America,9.1,1.19,1166,3.73,Medium,High,9
CLM2779,Brazil,South America,11.1,2.15,5680,5.91,Medium,Medium,43
CLM2780,China,Asia,26.0,1.22,728,4.86,Medium,Medium,10
CLM2781,Australia,Oceania,9.8,0.88,2495,5.89,High,Low,17
CLM2782,United States,North America,11.4,1.97,3811,5.7,Low,High,35
CLM2783,China,Asia,12.5,0.6,4693,5.11,Low,Medium,35
CLM2784,Brazil,South America,21.7,1.5,3650,3.81,Low,Medium,39
CLM2785,Germany,Europe,17.5,1.52,3513,3.95,Low,High,5
CLM2786,China,Asia,16.2,2.24,2284,1.65,High,Low,35
CLM2787,Brazil,South America,21.6,0.57,4402,1.38,Low,High,25
CLM2788,Brazil,South America,18.4,1.56,2282,1.46,Low,Medium,51
CLM2789,India,Asia,28.6,2.17,1876,1.07,High,Medium,28
CLM2790,Nigeria,Africa,29.7,1.87,3650,1.77,High,Medium,47
CLM2791,Germany,Europe,27.1,2.02,859,1.6,Low,High,8
CLM2792,Nigeria,Africa,8.6,2.24,5077,3.82,Low,Medium,11
CLM2793,Germany,Europe,6.5,1.02,540,2.55,High,Low,39
CLM2794,Pakistan,Asia,23.5,1.87,2317,1.61,High,Low,25
CLM2795,China,Asia,23.8,1.75,4819,4.64,Medium,High,38
CLM2796,Nigeria,Africa,17.9,1.07,5813,4.44,Low,High,58
CLM2797,India,Asia,24.6,1.56,5398,2.5,High,Low,22
CLM2798,Germany,Europe,19.3,2.31,3327,5.66,Low,Low,57
CLM2799,Pakistan,Asia,13.8,2.27,1610,4.88,High,Medium,8
CLM2800,Brazil,South America,7.1,2.46,3336,4.13,High,High,47
CLM2801,Germany,Europe,11.4,1.87,433,2.27,High,Medium,57
CLM2802,Pakistan,Asia,20.8,0.72,4695,2.38,Medium,Medium,15
CLM2803,Germany,Europe,21.3,2.02,4311,3.73,High,Low,9
CLM2804,United States,North America,9.4,1.81,5463,5.07,High,High,59
CLM2805,Pakistan,Asia,20.0,1.5,739,4.5,Low,High,60
CLM2806,United Kingdom,Europe,25.2,2.29,445,5.92,Medium,Low,29
CLM2807,Germany,Europe,19.4,1.4,4718,3.84,High,High,44
CLM2808,Pakistan,Asia,18.4,1.87,1754,1.78,Medium,Medium,17
CLM2809,China,Asia,25.6,0.57,3990,2.95,High,Medium,25
CLM2810,United Kingdom,Europe,12.6,2.08,2764,4.52,Low,Low,33
CLM2811,Germany,Europe,9.2,1.82,5577,1.24,Low,Medium,30
CLM2812,Brazil,South America,21.2,0.58,2049,3.28,Low,High,27
CLM2813,India,Asia,29.9,2.15,3605,2.38,High,High,58
CLM2814,Germany,Europe,12.6,2.31,5261,3.5,Medium,Low,22
CLM2815,Germany,Europe,15.6,1.26,5773,3.02,Low,Low,8
CLM2816,Nigeria,Africa,17.0,2.37,3857,3.46,High,Medium,41
CLM2817,Pakistan,Asia,22.4,1.99,2541,3.51,Low,High,55
CLM2818,Canada,North America,15.7,2.29,915,2.44,High,Low,39
CLM2819,Germany,Europe,16.5,1.25,4192,1.77,Low,Low,14
CLM2820,United States,North America,24.9,2.49,4246,1.43,Medium,Low,47
CLM2821,China,Asia,15.4,1.76,3073,2.03,High,High,30
CLM2822,Nigeria,Africa,15.5,1.42,5066,4.26,High,Low,53
CLM2823,United Kingdom,Europe,11.4,1.64,2644,4.49,High,Low,19
CLM2824,Pakistan,Asia,8.4,1.22,5574,2.0,Low,Low,32
CLM2825,Germany,Europe,16.3,0.81,5768,3.67,Low,Medium,29
CLM2826,Canada,North America,26.8,1.62,2120,2.52,Low,Low,39
CLM2827,Australia,Oceania,5.6,2.01,3836,5.2,High,Medium,26
CLM2828,Brazil,South America,27.1,0.95,5729,1.19,Low,Medium,41
CLM2829,Nigeria,Africa,15.8,2.02,4946,5.11,Medium,High,15
CLM2830,India,Asia,22.3,1.54,5447,1.39,Medium,Medium,42
CLM2831,Germany,Europe,7.7,0.56,1660,2.91,High,Low,20
CLM2832,Nigeria,Africa,13.7,1.58,1920,3.05,High,Low,34
CLM2833,Australia,Oceania,7.6,0.95,2775,3.61,Medium,High,41
CLM2834,Pakistan,Asia,28.2,0.98,965,3.51,Medium,Low,54
CLM2835,Brazil,South America,23.0,1.59,2217,3.63,High,Low,19
CLM2836,India,Asia,9.2,1.4,3912,5.58,Low,Medium,57
CLM2837,United States,North America,7.3,1.05,1673,2.39,Low,High,16
CLM2838,Germany,Europe,10.4,0.9,1220,4.89,Medium,Low,51
CLM2839,China,Asia,8.8,1.29,784,2.51,Low,Medium,60
CLM2840,United Kingdom,Europe,27.8,1.3,577,4.02,Low,Medium,59
CLM2841,Australia,Oceania,15.3,2.13,5471,4.5,Low,Medium,10
CLM2842,Canada,North America,29.3,2.1,5940,4.54,Medium,Medium,56
CLM2843,Canada,North America,17.8,1.13,5321,4.11,High,High,15
CLM2844,Australia,Oceania,19.0,1.3,2145,5.67,Medium,Low,56
CLM2845,United Kingdom,Europe,9.6,0.52,1615,4.9,Medium,Medium,11
CLM2846,United States,North America,28.8,1.49,4243,5.25,Low,High,53
CLM2847,Brazil,South America,27.0,1.71,2706,4.2,Low,High,50
CLM2848,Australia,Oceania,5.6,1.06,5270,3.38,Low,High,54
CLM2849,India,Asia,7.8,2.02,2062,1.75,Medium,Low,60
CLM2850,China,Asia,7.2,1.62,3689,2.69,Low,Low,14
CLM2851,Pakistan,Asia,15.7,2.13,2547,5.78,High,Medium,32
CLM2852,United Kingdom,Europe,21.1,0.6,2739,2.72,Medium,Low,58
CLM2853,China,Asia,8.3,1.7,1140,3.86,Low,Medium,14
CLM2854,Nigeria,Africa,24.3,1.75,981,4.8,Low,Medium,22
CLM2855,United States,North America,14.9,2.15,3404,1.45,Low,Medium,37
CLM2856,United Kingdom,Europe,18.9,1.93,5974,3.32,Medium,Medium,7
CLM2857,Canada,North America,27.1,2.29,686,1.02,Low,High,29
CLM2858,Australia,Oceania,28.5,1.17,4304,1.01,Medium,Medium,41
CLM2859,China,Asia,6.2,1.58,5455,2.5,Low,Low,45
CLM2860,India,Asia,27.7,1.88,3726,5.11,Medium,Medium,39
CLM2861,Brazil,South America,29.4,1.16,3652,4.04,Medium,Low,16
CLM2862,Nigeria,Africa,16.3,0.51,4256,2.54,Low,High,30
CLM2863,China,Asia,8.7,1.45,485,1.31,High,High,27
CLM2864,Brazil,South America,21.6,1.08,5249,5.0,Medium,Low,22
CLM2865,Canada,North America,16.6,1.42,741,2.8,Low,Low,56
CLM2866,Canada,North America,22.0,1.84,1915,3.5,High,Low,58
CLM2867,India,Asia,23.0,2.24,2823,4.0,High,Medium,23
CLM2868,Australia,Oceania,11.0,1.76,4128,3.55,Low,Low,46
CLM2869,Germany,Europe,19.8,2.49,3375,3.35,Medium,Low,12
CLM2870,United States,North America,20.8,1.91,2137,2.09,High,Medium,27
CLM2871,China,Asia,19.8,1.19,2036,2.85,Medium,Low,30
CLM2872,Nigeria,Africa,24.5,2.35,1975,5.61,High,Medium,8
CLM2873,Australia,Oceania,20.5,0.52,5677,2.5,Medium,High,32
CLM2874,Brazil,South America,22.9,1.62,5711,1.93,Low,Low,32
CLM2875,United States,North America,21.6,1.64,322,1.41,Low,Medium,39
CLM2876,United States,North America,10.6,1.7,2854,5.55,High,Medium,23
CLM2877,Australia,Oceania,16.1,1.5,1868,4.0,Low,High,35
CLM2878,Germany,Europe,19.0,1.53,1793,2.43,Low,Medium,11
CLM2879,Brazil,South America,6.6,1.7,4961,4.56,High,Medium,20
CLM2880,Germany,Europe,11.8,0.83,3937,3.36,Low,Low,56
CLM2881,Germany,Europe,12.7,1.19,5533,2.34,Medium,Low,33
CLM2882,United States,North America,17.5,0.95,1765,3.93,High,High,32
CLM2883,Australia,Oceania,11.9,0.66,3983,3.76,High,Low,44
CLM2884,Canada,North America,6.8,1.55,698,4.61,Low,Medium,43
CLM2885,Pakistan,Asia,7.4,1.98,5420,1.86,Low,High,44
CLM2886,Australia,Oceania,20.4,2.49,5810,2.9,Medium,Medium,13
CLM2887,Germany,Europe,13.2,1.59,5988,2.18,Medium,High,51
CLM2888,Germany,Europe,21.8,1.06,5010,2.93,Medium,Low,50
CLM2889,Canada,North America,20.1,1.43,817,2.53,Low,High,32
CLM2890,India,Asia,5.9,1.21,4181,1.86,High,High,34
CLM2891,Pakistan,Asia,16.8,0.99,2453,3.26,Low,Medium,24
CLM2892,Brazil,South America,17.0,0.61,1637,1.85,High,Low,59
CLM2893,Nigeria,Africa,19.1,1.48,2218,3.63,High,Medium,45
CLM2894,Brazil,South America,17.2,1.48,2960,1.54,Low,Low,59
CLM2895,China,Asia,22.6,2.21,2786,4.58,Low,High,48
CLM2896,Brazil,South America,17.7,0.68,5231,1.03,Low,Low,45
CLM2897,Germany,Europe,10.8,1.5,3831,2.49,Low,Medium,32
CLM2898,India,Asia,7.5,1.23,5657,3.06,Low,Low,18
CLM2899,United Kingdom,Europe,6.4,0.97,2011,5.24,High,Medium,49
CLM2900,Australia,Oceania,25.5,1.89,448,2.03,High,Medium,37
CLM2901,United States,North America,12.8,1.63,3468,5.47,Low,High,59
CLM2902,India,Asia,13.1,1.96,4807,1.01,High,Medium,57
CLM2903,United Kingdom,Europe,12.6,2.21,5145,4.49,High,High,31
CLM2904,India,Asia,29.2,2.15,3794,5.76,Medium,High,16
CLM2905,Canada,North America,11.3,1.87,4906,1.66,Low,Medium,19
CLM2906,United Kingdom,Europe,23.0,0.89,1375,1.87,High,Low,9
CLM2907,United Kingdom,Europe,9.5,1.07,4528,4.45,High,High,32
CLM2908,Germany,Europe,8.9,1.14,3362,2.11,Medium,High,19
CLM2909,Australia,Oceania,27.7,1.44,603,1.01,Low,Low,34
CLM2910,Brazil,South America,27.1,1.47,3755,2.99,Low,Medium,11
CLM2911,China,Asia,16.2,0.89,823,1.07,Medium,Low,26
CLM2912,United States,North America,13.9,1.39,3977,2.63,Medium,Low,19
CLM2913,India,Asia,11.3,0.53,4298,4.16,Medium,High,29
CLM2914,United States,North America,29.5,0.73,3732,2.35,Low,High,53
CLM2915,Pakistan,Asia,6.8,1.2,4320,2.51,High,Low,17
CLM2916,Pakistan,Asia,12.1,0.92,4039,1.75,Low,Low,21
CLM2917,China,Asia,23.0,2.15,873,2.28,High,Medium,20
CLM2918,Australia,Oceania,27.5,0.61,3911,5.83,High,High,19
CLM2919,United States,North America,26.3,0.57,993,3.82,High,High,44
CLM2920,Australia,Oceania,25.5,2.39,3177,3.09,Low,Low,30
CLM2921,Nigeria,Africa,25.4,1.91,2862,2.17,Medium,Medium,50
CLM2922,Canada,North America,20.7,1.12,1343,1.76,High,High,18
CLM2923,Germany,Europe,10.1,2.26,5770,1.06,Low,Low,43
CLM2924,India,Asia,10.2,1.59,2638,4.49,High,Low,57
CLM2925,Germany,Europe,26.5,2.25,370,1.15,Low,High,49
CLM2926,India,Asia,13.0,1.57,3436,1.61,High,High,56
CLM2927,Canada,North America,12.9,1.56,2683,3.77,Medium,High,45
CLM2928,United States,North America,15.9,1.46,3038,2.62,High,High,9
CLM2929,United Kingdom,Europe,7.3,1.1,3759,5.79,Low,High,28
CLM2930,India,Asia,6.2,1.89,5381,3.31,Low,Low,45
CLM2931,China,Asia,18.4,2.15,4422,4.64,Low,Low,38
CLM2932,Australia,Oceania,9.8,2.07,5746,1.97,Medium,Medium,10
CLM2933,United States,North America,26.6,1.01,5046,4.09,Medium,Medium,40
CLM2934,Canada,North America,28.3,1.67,2709,1.26,Low,High,19
CLM2935,United Kingdom,Europe,27.3,1.47,3339,5.53,Medium,Medium,55
CLM2936,Canada,North America,21.3,1.91,737,2.33,Low,Low,53
CLM2937,Brazil,South America,17.8,2.11,2026,1.21,High,High,10
CLM2938,Pakistan,Asia,15.8,2.37,5082,1.54,Medium,Low,12
CLM2939,United States,North America,15.5,1.88,2250,4.31,Medium,High,48
CLM2940,Brazil,South America,11.9,0.77,2413,2.53,Medium,High,53
CLM2941,Germany,Europe,10.0,0.81,1050,2.13,Low,High,47
CLM2942,Brazil,South America,17.4,1.07,5536,3.46,High,High,12
CLM2943,Australia,Oceania,17.5,1.36,5424,3.23,Low,Medium,21
CLM2944,India,Asia,10.1,1.0,632,4.18,Medium,High,15
CLM2945,Germany,Europe,24.5,1.79,1951,3.41,Low,Low,29
CLM2946,Pakistan,Asia,29.0,0.8,2094,5.92,Low,Low,60
CLM2947,Australia,Oceania,14.9,1.53,1316,2.84,High,High,44
CLM2948,United States,North America,21.7,2.29,343,5.88,High,Medium,8
CLM2949,Australia,Oceania,27.4,2.47,2751,2.6,Low,High,9
CLM2950,China,Asia,19.1,0.56,1553,5.48,Low,High,5
CLM2951,China,Asia,29.2,1.89,5709,3.51,High,Low,31
CLM2952,Brazil,South America,27.7,1.93,4834,2.96,Low,High,28
CLM2953,India,Asia,23.7,2.14,5883,4.44,Low,Medium,13
CLM2954,Brazil,South America,5.2,2.01,4066,4.57,Low,High,50
CLM2955,India,Asia,7.3,2.48,4256,3.76,Medium,Low,27
CLM2956,Pakistan,Asia,8.8,1.73,2521,2.16,Medium,Low,59
CLM2957,United States,North America,12.9,0.8,3074,4.24,High,Low,14
CLM2958,Canada,North America,20.1,2.4,1049,1.73,High,High,45
CLM2959,Australia,Oceania,15.6,1.59,2773,5.76,Medium,Medium,57
CLM2960,Canada,North America,10.5,1.77,1602,4.75,Low,Low,33
CLM2961,Germany,Europe,18.3,1.1,5451,3.19,Medium,Medium,12
CLM2962,China,Asia,18.4,1.15,3927,3.23,High,Medium,19
CLM2963,Germany,Europe,15.6,1.91,1067,3.26,Low,Medium,36
CLM2964,Canada,North America,7.6,1.86,5533,3.99,Low,High,12
CLM2965,Germany,Europe,7.1,1.13,1003,4.36,High,High,21
CLM2966,Germany,Europe,20.9,0.57,2674,2.35,Low,Medium,36
CLM2967,Canada,North America,9.2,1.14,3933,3.74,Low,Medium,49
CLM2968,United Kingdom,Europe,8.4,1.79,4803,3.67,High,High,51
CLM2969,China,Asia,25.4,2.06,3539,5.36,Medium,Low,16
CLM2970,Nigeria,Africa,8.9,0.54,4614,3.07,Medium,High,51
CLM2971,Canada,North America,20.4,1.26,5999,5.15,High,Low,52
CLM2972,United Kingdom,Europe,9.0,2.34,4953,5.06,Low,High,45
CLM2973,Pakistan,Asia,12.9,2.41,2590,5.62,High,Low,5
CLM2974,China,Asia,22.2,0.53,912,2.65,High,Low,31
CLM2975,United States,North America,22.3,2.45,1528,1.2,Medium,Low,49
CLM2976,Brazil,South America,13.1,1.51,4869,1.28,Low,High,11
CLM2977,Canada,North America,9.0,1.2,3389,1.86,High,High,28
CLM2978,United Kingdom,Europe,9.2,1.0,3670,1.9,High,Low,33
CLM2979,China,Asia,16.0,1.25,991,2.03,Medium,High,25
CLM2980,Germany,Europe,10.6,2.1,4208,1.9,Medium,Low,36
CLM2981,United States,North America,24.3,1.1,4554,5.9,High,High,23
CLM2982,Pakistan,Asia,28.7,2.25,5809,4.55,High,Low,49
CLM2983,Nigeria,Africa,23.4,2.37,4681,3.9,Low,Medium,24
CLM2984,United States,North America,29.0,0.72,3237,5.66,High,High,17
CLM2985,Brazil,South America,22.5,1.24,1056,4.76,High,Medium,22
CLM2986,Pakistan,Asia,5.2,1.84,3326,1.32,High,High,12
CLM2987,Germany,Europe,18.8,0.93,2974,1.87,High,Medium,51
CLM2988,Brazil,South America,11.4,1.36,1643,1.71,High,High,39
CLM2989,Canada,North America,6.6,0.73,2907,5.63,High,Low,20
CLM2990,Canada,North America,7.3,2.27,3961,2.36,Low,Medium,44
CLM2991,India,Asia,11.9,1.46,1508,1.66,Medium,Low,52
CLM2992,Nigeria,Africa,12.8,2.0,2445,4.25,High,Medium,13
CLM2993,United States,North America,10.0,2.34,3189,4.45,Low,Low,56
CLM2994,Australia,Oceania,9.2,1.09,1405,3.46,Low,High,38
CLM2995,United States,North America,26.1,2.22,2711,2.46,Low,Low,58
CLM2996,Australia,Oceania,22.4,2.4,2082,4.01,Low,Medium,56
CLM2997,India,Asia,10.7,0.92,1692,5.58,High,Medium,49
CLM2998,United Kingdom,Europe,9.5,1.11,1766,3.76,Low,High,25
CLM2999,Australia,Oceania,27.1,1.44,3326,1.92,Low,Low,28
CLM3000,Brazil,South America,20.1,0.9,3453,3.88,Medium,High,52
CLM3001,Australia,Oceania,16.5,2.42,4486,1.27,High,High,47
CLM3002,Australia,Oceania,18.3,1.96,661,4.14,Medium,Low,34
CLM3003,Australia,Oceania,28.3,1.75,2027,6.0,Medium,High,18
CLM3004,Brazil,South America,10.7,1.41,5770,2.04,Low,Low,14
CLM3005,Canada,North America,15.3,1.88,4806,1.5,Medium,High,60
CLM3006,United Kingdom,Europe,12.4,1.08,863,4.73,Medium,High,31
CLM3007,Nigeria,Africa,6.1,0.57,3722,1.41,Medium,High,11
CLM3008,India,Asia,23.9,1.52,3682,1.91,High,Medium,20
CLM3009,Canada,North America,13.2,1.7,3256,5.57,Medium,High,29
CLM3010,Pakistan,Asia,21.5,2.12,3969,3.83,High,High,43
CLM3011,Australia,Oceania,27.9,1.71,3981,5.66,Medium,Low,58
CLM3012,Germany,Europe,22.6,1.88,4810,4.21,Low,Medium,31
CLM3013,Nigeria,Africa,16.5,1.2,4114,2.88,High,Low,54
CLM3014,China,Asia,29.9,1.64,2693,2.48,Medium,High,37
CLM3015,Pakistan,Asia,5.8,0.58,5236,1.17,Medium,High,38
CLM3016,Australia,Oceania,21.4,2.49,4885,1.58,Medium,Low,5
CLM3017,India,Asia,21.8,1.76,626,2.99,Low,Medium,53
CLM3018,United Kingdom,Europe,14.3,2.28,4256,4.42,Medium,High,56
CLM3019,Germany,Europe,20.7,1.26,3659,1.09,Low,High,34
CLM3020,China,Asia,24.6,0.8,850,4.31,Low,Low,48
CLM3021,Pakistan,Asia,28.2,1.6,5222,1.45,High,Medium,12
CLM3022,Canada,North America,20.3,1.5,2204,2.43,High,Low,38
CLM3023,Germany,Europe,29.2,1.67,1950,4.12,Medium,Medium,39
CLM3024,Nigeria,Africa,5.9,1.9,4825,5.85,Low,Low,39
CLM3025,Brazil,South America,13.5,1.99,5770,5.31,Low,High,53
CLM3026,Germany,Europe,9.3,2.24,4468,2.31,Medium,Medium,11
CLM3027,China,Asia,23.5,2.42,1687,5.21,Medium,High,49
CLM3028,United Kingdom,Europe,20.4,1.61,5317,5.9,Low,Medium,27
CLM3029,Brazil,South America,24.8,0.85,4038,4.83,Medium,High,19
CLM3030,Germany,Europe,20.6,0.96,3055,2.41,Medium,High,59
CLM3031,United Kingdom,Europe,10.1,2.24,2142,3.94,Low,Medium,42
CLM3032,India,Asia,16.3,1.12,1647,3.08,High,Low,15
CLM3033,Canada,North America,12.1,1.26,3077,3.87,Low,Low,10
CLM3034,United Kingdom,Europe,6.5,1.82,1533,4.75,Medium,High,55
CLM3035,Pakistan,Asia,24.5,1.48,4320,5.36,Low,Low,54
CLM3036,Brazil,South America,16.6,1.93,1583,1.29,Medium,Medium,22
CLM3037,Pakistan,Asia,16.2,0.98,3544,2.54,Medium,High,53
CLM3038,Canada,North America,19.5,1.56,4531,4.39,Medium,Low,54
CLM3039,China,Asia,6.3,2.31,5259,5.8,Medium,Low,33
CLM3040,United Kingdom,Europe,18.8,1.78,2945,4.29,Low,Medium,7
CLM3041,Pakistan,Asia,28.8,2.06,3419,3.85,Low,Medium,22
CLM3042,United Kingdom,Europe,14.0,0.99,307,2.84,Low,Low,60
CLM3043,China,Asia,9.0,1.72,2457,5.76,Medium,Medium,14
CLM3044,Brazil,South America,16.2,1.14,3207,4.43,Medium,Medium,50
CLM3045,Germany,Europe,11.1,1.88,2369,5.3,Low,Medium,43
CLM3046,United Kingdom,Europe,17.6,2.17,5341,1.65,Low,Medium,57
CLM3047,United Kingdom,Europe,19.6,1.19,5375,1.26,High,Medium,41
CLM3048,Canada,North America,5.9,2.42,1168,4.35,Low,High,5
CLM3049,China,Asia,27.6,2.43,1036,2.17,Medium,High,15
CLM3050,Germany,Europe,25.6,2.05,841,5.39,Low,High,21
CLM3051,India,Asia,14.5,2.47,5952,4.19,Medium,Medium,18
CLM3052,Canada,North America,25.0,1.66,4174,4.16,High,High,27
CLM3053,Canada,North America,5.8,1.69,2313,5.69,Low,Low,50
CLM3054,United States,North America,25.5,1.42,3802,2.17,Low,Medium,54
CLM3055,India,Asia,25.9,1.82,1430,1.25,High,Low,28
CLM3056,United States,North America,24.6,1.91,2274,4.31,Medium,Medium,53
CLM3057,Nigeria,Africa,28.4,1.97,1662,3.53,High,Low,9
CLM3058,China,Asia,22.5,1.09,2960,4.4,Medium,Low,48
CLM3059,Germany,Europe,8.7,0.67,1306,5.69,Medium,Low,25
CLM3060,United States,North America,28.8,1.76,4996,1.56,Low,High,43
CLM3061,China,Asia,19.0,1.9,1148,1.04,Medium,Medium,58
CLM3062,China,Asia,27.7,1.95,3183,1.79,Medium,Low,55
CLM3063,Germany,Europe,18.4,1.1,3473,4.59,Low,High,12
CLM3064,India,Asia,6.8,0.88,4162,4.62,Medium,Medium,13
CLM3065,Pakistan,Asia,12.8,1.85,4951,2.89,Low,Medium,29
CLM3066,Nigeria,Africa,11.7,2.29,552,3.03,Low,Medium,35
CLM3067,Australia,Oceania,21.3,2.14,4046,4.11,Medium,Low,40
CLM3068,India,Asia,11.7,0.95,4352,1.18,Medium,High,53
CLM3069,Canada,North America,23.5,2.34,4561,3.67,High,Low,10
CLM3070,Nigeria,Africa,25.6,1.5,921,1.76,High,Low,56
CLM3071,Brazil,South America,25.0,0.72,5615,2.65,High,High,58
CLM3072,Australia,Oceania,27.9,1.24,2046,4.08,High,Medium,10
CLM3073,Germany,Europe,26.1,0.57,733,5.21,High,Low,45
CLM3074,India,Asia,5.5,2.28,2339,5.75,Low,Medium,29
CLM3075,United Kingdom,Europe,20.5,0.99,5269,4.57,Low,Low,7
CLM3076,India,Asia,21.5,1.36,758,4.3,Low,High,59
CLM3077,China,Asia,24.1,0.93,5778,1.97,High,Low,40
CLM3078,Canada,North America,13.0,2.18,4101,2.45,High,High,60
CLM3079,India,Asia,19.7,1.23,836,5.67,Low,Low,51
CLM3080,Germany,Europe,16.8,1.99,3602,2.03,Low,High,24
CLM3081,Brazil,South America,25.5,1.05,3668,5.87,High,Medium,57
CLM3082,Nigeria,Africa,22.4,1.43,4637,2.59,Medium,Low,58
CLM3083,China,Asia,24.6,2.01,664,2.59,Low,Low,31
CLM3084,Brazil,South America,19.3,0.78,3077,1.58,Low,Low,50
CLM3085,Australia,Oceania,17.5,2.33,302,2.25,High,Medium,5
CLM3086,Germany,Europe,29.0,1.65,4311,1.13,Medium,Medium,10
CLM3087,Canada,North America,15.5,1.87,1957,5.14,Low,High,51
CLM3088,Brazil,South America,11.6,1.41,3265,5.51,High,Medium,33
CLM3089,China,Asia,13.1,0.8,1719,1.98,Medium,High,48
CLM3090,Pakistan,Asia,8.4,0.61,3875,3.91,Medium,Medium,27
CLM3091,Australia,Oceania,15.5,2.21,1261,2.55,Medium,Medium,45
CLM3092,Brazil,South America,20.2,0.72,2784,1.46,High,High,22
CLM3093,Germany,Europe,15.0,2.27,1949,2.7,Medium,High,54
CLM3094,United States,North America,24.5,1.62,2578,5.29,Low,Medium,42
CLM3095,Germany,Europe,14.4,1.22,5430,5.19,Low,Medium,30
CLM3096,Canada,North America,16.8,0.55,1039,2.24,High,Low,48
CLM3097,India,Asia,21.3,0.95,4942,3.12,Low,Low,30
CLM3098,Australia,Oceania,20.0,1.51,3726,2.15,Low,Low,25
CLM3099,India,Asia,11.2,0.69,4251,3.92,Low,High,24
CLM3100,Pakistan,Asia,13.5,2.08,4795,1.26,Low,Medium,11
CLM3101,India,Asia,5.9,2.1,3295,5.07,Medium,Low,22
CLM3102,Australia,Oceania,26.9,1.31,1725,1.09,High,High,13
CLM3103,United States,North America,10.7,0.94,5410,1.51,Medium,Low,44
CLM3104,China,Asia,26.7,2.24,4802,5.78,High,High,39
CLM3105,Brazil,South America,5.7,0.6,492,5.54,Low,Medium,56
CLM3106,Canada,North America,14.2,0.63,796,3.2,Low,Low,20
CLM3107,India,Asia,15.1,1.99,1142,4.09,Low,High,48
CLM3108,Canada,North America,28.5,1.46,5461,2.61,High,Medium,30
CLM3109,Australia,Oceania,15.4,1.52,1616,5.78,High,High,24
CLM3110,India,Asia,12.2,1.18,3047,2.42,Medium,Medium,6
CLM3111,United States,North America,26.6,2.28,2889,5.32,Medium,High,27
CLM3112,India,Asia,11.3,1.28,5978,3.58,Low,High,50
CLM3113,Nigeria,Africa,7.7,1.62,582,4.96,Medium,Medium,29
CLM3114,Nigeria,Africa,6.0,0.76,5398,2.49,Medium,High,48
CLM3115,Pakistan,Asia,14.1,1.51,1950,5.2,High,High,15
CLM3116,United Kingdom,Europe,8.7,1.23,1206,1.33,Medium,Medium,19
CLM3117,Canada,North America,12.4,0.67,1055,1.02,Low,Medium,52
CLM3118,Germany,Europe,27.4,1.87,311,2.31,High,Low,48
CLM3119,Germany,Europe,6.9,1.88,2307,1.69,High,Medium,48
CLM3120,Pakistan,Asia,25.3,0.61,1395,3.37,Medium,Medium,54
CLM3121,Australia,Oceania,8.0,0.6,710,4.81,Medium,Low,6
CLM3122,United Kingdom,Europe,19.2,1.85,2851,1.64,High,High,30
CLM3123,Australia,Oceania,25.7,0.81,4880,1.06,Low,Low,51
CLM3124,United States,North America,22.3,0.56,3108,1.53,Low,Low,22
CLM3125,United States,North America,15.1,1.47,5770,4.0,Low,High,32
CLM3126,China,Asia,28.8,0.57,3865,4.84,High,High,16
CLM3127,United States,North America,16.4,1.15,3722,4.0,Medium,High,31
CLM3128,Pakistan,Asia,29.9,2.17,4238,4.09,Low,Low,49
CLM3129,Canada,North America,22.2,0.91,5087,3.06,Medium,Medium,32
CLM3130,United Kingdom,Europe,8.8,1.48,3058,1.65,High,High,58
CLM3131,Brazil,South America,29.3,1.47,1289,2.58,Medium,Medium,43
CLM3132,Germany,Europe,6.1,1.43,1490,3.54,Low,Medium,32
CLM3133,United Kingdom,Europe,22.7,1.47,3612,5.34,High,High,22
CLM3134,Pakistan,Asia,29.3,1.56,4309,2.82,High,Low,22
CLM3135,India,Asia,27.5,1.68,678,2.64,High,High,49
CLM3136,Pakistan,Asia,18.5,1.7,3571,1.24,Low,High,47
CLM3137,Germany,Europe,16.7,1.45,5038,1.42,High,High,46
CLM3138,Brazil,South America,18.4,2.41,4099,4.15,Medium,Low,55
CLM3139,United States,North America,23.0,0.6,408,4.47,Low,Medium,28
CLM3140,Canada,North America,22.3,0.67,4079,5.38,Low,Medium,21
CLM3141,Germany,Europe,10.1,1.8,667,2.06,High,High,10
CLM3142,Germany,Europe,14.7,0.93,4531,3.46,Low,Medium,12
CLM3143,Germany,Europe,10.3,0.77,3615,4.43,Medium,High,58
CLM3144,United Kingdom,Europe,29.5,0.86,753,4.25,High,High,21
CLM3145,United Kingdom,Europe,7.4,0.67,5962,5.8,High,Medium,25
CLM3146,Canada,North America,24.9,1.03,691,1.95,Medium,High,13
CLM3147,Germany,Europe,19.7,1.98,5215,3.83,High,Medium,49
CLM3148,Germany,Europe,23.0,1.89,1515,4.73,High,Medium,60
CLM3149,United States,North America,13.5,2.28,1203,4.95,High,Low,18
CLM3150,China,Asia,24.7,0.95,4162,1.17,Low,Low,8
CLM3151,Germany,Europe,19.4,1.02,1664,2.86,Medium,Low,6
CLM3152,Germany,Europe,26.1,1.24,3005,3.15,High,Medium,7
CLM3153,Nigeria,Africa,17.9,1.62,813,2.94,Medium,Medium,38
CLM3154,India,Asia,28.5,1.11,2281,4.77,Medium,Medium,42
CLM3155,Pakistan,Asia,20.4,2.11,5445,2.15,Medium,Low,56
CLM3156,India,Asia,10.6,1.2,654,1.49,High,Medium,7
CLM3157,Brazil,South America,11.5,1.53,4524,4.95,Medium,Low,19
CLM3158,Germany,Europe,12.4,1.31,5487,4.78,Low,Low,11
CLM3159,Canada,North America,5.3,2.08,892,5.24,Low,Low,28
CLM3160,China,Asia,22.9,1.87,1689,5.06,Low,High,11
CLM3161,Canada,North America,12.6,1.03,5502,4.01,Low,High,28
CLM3162,India,Asia,7.5,2.35,4769,1.43,Medium,Medium,38
CLM3163,India,Asia,7.4,0.61,2196,3.79,High,Medium,8
CLM3164,Australia,Oceania,13.4,1.73,1906,5.66,High,Medium,50
CLM3165,Canada,North America,13.2,0.88,580,3.96,Medium,Low,7
CLM3166,India,Asia,9.6,1.28,4790,4.91,Low,High,18
CLM3167,Australia,Oceania,17.0,1.34,2508,4.77,High,Medium,11
CLM3168,United States,North America,21.7,1.41,1533,5.46,Medium,High,31
CLM3169,Canada,North America,13.0,2.04,4576,4.38,Medium,Medium,31
CLM3170,Canada,North America,13.6,1.61,370,5.63,Medium,Low,6
CLM3171,Australia,Oceania,5.9,1.82,804,2.43,Medium,Low,24
CLM3172,Brazil,South America,23.3,2.16,5961,4.02,Medium,Low,31
CLM3173,India,Asia,27.0,1.5,715,5.81,Medium,High,37
CLM3174,China,Asia,23.4,1.57,1440,4.19,High,Medium,44
CLM3175,China,Asia,5.6,2.19,2589,1.44,Low,Low,47
CLM3176,Canada,North America,12.2,0.69,2339,1.75,High,Medium,60
CLM3177,United Kingdom,Europe,28.4,1.09,5341,1.11,Medium,Low,35
CLM3178,Canada,North America,12.2,0.77,5675,5.64,Medium,Medium,24
CLM3179,United Kingdom,Europe,16.0,1.79,2382,2.48,Medium,Low,32
CLM3180,Germany,Europe,24.2,1.91,3430,2.64,Medium,High,11
CLM3181,Australia,Oceania,16.5,1.26,2557,4.84,Medium,Low,52
CLM3182,Canada,North America,5.4,0.81,2147,4.87,High,Low,57
CLM3183,United States,North America,14.0,0.76,3683,3.75,Low,Medium,29
CLM3184,Pakistan,Asia,22.1,0.63,1835,3.3,Low,Medium,20
CLM3185,Pakistan,Asia,12.5,2.1,4044,4.14,Low,Low,38
CLM3186,Germany,Europe,9.5,1.68,2829,1.11,Low,Medium,35
CLM3187,China,Asia,23.5,1.61,5805,4.43,High,High,7
CLM3188,Pakistan,Asia,24.5,2.41,446,2.32,Medium,Low,5
CLM3189,Germany,Europe,23.3,0.96,718,4.57,Medium,Medium,22
CLM3190,China,Asia,12.4,1.81,1348,1.45,Low,High,16
CLM3191,Germany,Europe,24.4,2.17,5900,2.11,High,High,42
CLM3192,Australia,Oceania,17.9,0.7,4946,5.65,Medium,High,27
CLM3193,Australia,Oceania,13.1,1.47,1154,5.59,Medium,High,46
CLM3194,China,Asia,20.3,2.13,2126,4.89,Medium,Low,11
CLM3195,United States,North America,26.4,2.23,3934,3.56,Medium,Medium,48
CLM3196,Brazil,South America,23.2,2.18,2742,2.09,Low,High,27
CLM3197,Pakistan,Asia,7.7,2.19,1752,1.24,High,Medium,9
CLM3198,Australia,Oceania,24.2,1.27,4047,3.39,Low,High,51
CLM3199,Canada,North America,25.9,0.65,4027,3.57,Low,Low,36
CLM3200,India,Asia,13.5,1.01,4432,3.97,Medium,High,19
CLM3201,Nigeria,Africa,23.3,2.4,2423,5.58,Medium,Medium,49
CLM3202,India,Asia,5.4,1.18,1817,3.5,High,Low,46
CLM3203,Pakistan,Asia,16.6,1.15,3072,5.99,High,Medium,5
CLM3204,Brazil,South America,23.0,1.2,2595,3.46,High,High,41
CLM3205,Germany,Europe,5.7,2.27,4745,5.07,High,Medium,49
CLM3206,United Kingdom,Europe,14.3,0.89,782,4.87,Low,High,59
CLM3207,Canada,North America,14.4,2.15,4239,2.12,High,High,54
CLM3208,Australia,Oceania,25.0,1.0,2324,2.07,Low,Low,15
CLM3209,United States,North America,12.6,0.63,2072,2.28,High,Medium,5
CLM3210,China,Asia,20.8,2.22,837,1.93,High,Low,37
CLM3211,Canada,North America,6.4,1.17,1200,5.01,Low,Low,25
CLM3212,United States,North America,24.1,1.63,2774,2.16,High,Low,42
CLM3213,Pakistan,Asia,26.7,2.04,1132,5.94,Medium,Low,10
CLM3214,United Kingdom,Europe,15.3,1.4,1181,4.74,Low,Low,21
CLM3215,Nigeria,Africa,6.1,0.81,2390,3.1,Medium,Low,44
CLM3216,United States,North America,29.6,2.32,1195,1.3,High,Medium,47
CLM3217,Germany,Europe,25.5,1.67,2312,3.36,Medium,Low,53
CLM3218,United Kingdom,Europe,27.5,1.43,635,4.3,Medium,Low,60
CLM3219,India,Asia,11.6,1.55,1451,2.59,Low,Low,23
CLM3220,Germany,Europe,10.3,1.25,2267,1.81,Low,Low,48
CLM3221,Pakistan,Asia,16.6,1.31,343,2.79,Medium,High,9
CLM3222,China,Asia,15.3,0.76,2175,5.0,High,Medium,54
CLM3223,Pakistan,Asia,10.0,1.27,450,4.14,Low,High,16
CLM3224,Germany,Europe,12.4,1.05,4891,4.6,Low,Low,40
CLM3225,United Kingdom,Europe,18.8,1.79,5939,4.56,High,Low,12
CLM3226,Germany,Europe,17.4,1.26,2792,3.95,High,Medium,53
CLM3227,China,Asia,14.2,1.04,1454,5.26,Medium,Medium,27
CLM3228,Nigeria,Africa,19.3,2.24,5007,1.0,Low,Medium,14
CLM3229,Nigeria,Africa,12.2,1.61,1375,3.1,High,High,32
CLM3230,Canada,North America,18.5,1.64,3690,2.17,Low,Medium,7
CLM3231,Nigeria,Africa,7.3,2.33,2934,3.84,Low,High,12
CLM3232,Brazil,South America,10.4,1.87,5386,3.02,Medium,High,58
CLM3233,United Kingdom,Europe,25.0,1.58,4786,3.42,High,Medium,45
CLM3234,Australia,Oceania,29.8,2.09,3284,3.21,Low,High,27
CLM3235,Nigeria,Africa,20.6,0.99,5360,4.74,Low,Medium,33
CLM3236,China,Asia,13.6,1.34,2775,4.6,Low,High,15
CLM3237,Australia,Oceania,16.9,1.5,959,2.1,High,Low,9
CLM3238,United Kingdom,Europe,25.3,1.95,4182,1.46,High,Low,48
CLM3239,Brazil,South America,11.4,0.52,2716,5.03,Medium,High,53
CLM3240,Australia,Oceania,23.9,2.42,5543,2.46,Medium,Low,33
CLM3241,Pakistan,Asia,13.7,1.85,3894,2.53,High,Low,38
CLM3242,Brazil,South America,10.0,1.89,3423,1.36,High,Low,53
CLM3243,Australia,Oceania,12.6,1.67,5425,5.95,Medium,Medium,58
CLM3244,Nigeria,Africa,23.0,0.67,4572,5.97,High,Medium,8
CLM3245,Australia,Oceania,7.7,2.06,5792,1.65,Medium,Medium,59
CLM3246,Nigeria,Africa,25.0,0.97,1191,1.6,Low,Low,5
CLM3247,Australia,Oceania,9.9,1.6,4503,5.7,High,Low,46
CLM3248,Nigeria,Africa,26.4,1.64,4083,5.38,Medium,High,39
CLM3249,United States,North America,25.4,1.8,5669,3.79,High,Low,27
CLM3250,China,Asia,27.6,1.62,4862,1.41,High,Medium,51
CLM3251,United States,North America,27.8,1.28,1034,4.92,Medium,Low,28
CLM3252,Pakistan,Asia,11.9,2.09,3538,2.79,Medium,Medium,8
CLM3253,Canada,North America,26.6,2.4,1955,4.68,Low,Low,14
CLM3254,India,Asia,16.4,0.64,1239,4.38,Low,Low,56
CLM3255,United States,North America,21.5,1.59,2536,4.61,Medium,Medium,18
CLM3256,Canada,North America,25.5,0.5,3608,5.48,High,Medium,17
CLM3257,India,Asia,5.5,0.62,5900,2.51,Medium,Low,19
CLM3258,Nigeria,Africa,18.1,2.27,4816,3.66,Low,High,60
CLM3259,Nigeria,Africa,16.7,2.22,2112,3.56,Medium,Low,30
CLM3260,Australia,Oceania,6.2,1.29,3412,3.65,High,Low,50
CLM3261,United States,North America,24.1,0.99,1403,2.9,High,High,18
CLM3262,India,Asia,5.7,1.08,998,1.9,Medium,Low,6
CLM3263,India,Asia,17.0,1.56,893,2.37,Low,High,59
CLM3264,Australia,Oceania,7.6,1.14,973,5.59,High,High,14
CLM3265,Pakistan,Asia,13.2,2.21,5297,5.18,Low,High,57
CLM3266,Australia,Oceania,25.9,0.55,4567,3.29,Medium,High,52
CLM3267,United States,North America,29.8,0.55,4183,5.37,Medium,High,26
CLM3268,China,Asia,21.5,1.22,858,3.82,Low,High,22
CLM3269,United States,North America,14.8,1.16,4340,1.67,Low,High,55
CLM3270,Canada,North America,15.3,1.3,5187,1.82,Low,High,32
CLM3271,United States,North America,19.9,1.31,4819,1.12,Low,Medium,25
CLM3272,Pakistan,Asia,26.4,0.83,2745,3.53,High,Low,26
CLM3273,China,Asia,22.5,1.49,361,5.37,Medium,Medium,55
CLM3274,China,Asia,28.7,1.71,4666,5.27,Medium,Medium,24
CLM3275,Australia,Oceania,27.7,1.75,5727,5.75,High,Low,7
CLM3276,Australia,Oceania,25.7,1.87,2472,4.56,Low,Low,56
CLM3277,Canada,North America,12.5,0.75,1260,1.65,High,Medium,58
CLM3278,Brazil,South America,25.3,1.66,917,4.85,Low,High,7
CLM3279,United Kingdom,Europe,15.1,1.2,4214,2.54,High,High,20
CLM3280,Nigeria,Africa,11.6,1.29,3467,1.18,Low,High,18
CLM3281,China,Asia,24.9,1.13,1658,4.04,Medium,Low,41
CLM3282,Canada,North America,21.3,1.97,3058,1.18,High,Medium,57
CLM3283,Canada,North America,5.3,1.48,3566,1.51,Low,High,34
CLM3284,Brazil,South America,20.9,0.6,1897,3.62,Medium,High,19
CLM3285,Brazil,South America,22.8,1.92,4859,4.0,Medium,High,44
CLM3286,United States,North America,16.7,1.58,460,3.55,Medium,High,6
CLM3287,United Kingdom,Europe,6.1,2.17,594,1.25,Low,High,17
CLM3288,Canada,North America,8.7,0.52,4687,1.21,Low,Low,58
CLM3289,Nigeria,Africa,25.2,1.77,5014,5.03,Medium,High,43
CLM3290,Canada,North America,8.7,1.34,1395,1.02,Low,Low,51
CLM3291,Australia,Oceania,12.5,2.04,3839,5.88,High,Medium,45
CLM3292,Pakistan,Asia,17.4,1.2,4273,3.5,High,High,8
CLM3293,United States,North America,25.7,0.75,3979,2.04,Medium,Low,26
CLM3294,United Kingdom,Europe,15.2,1.42,5736,3.14,High,Medium,50
CLM3295,Brazil,South America,6.3,1.97,1667,2.09,Low,Low,30
CLM3296,Pakistan,Asia,25.4,1.48,487,1.84,High,Low,45
CLM3297,United Kingdom,Europe,9.8,0.86,5921,3.61,Low,High,30
CLM3298,Germany,Europe,24.7,0.74,1543,5.09,High,Medium,7
CLM3299,Brazil,South America,16.6,1.44,1458,1.91,High,Medium,46
CLM3300,Germany,Europe,8.2,1.01,2156,5.38,Low,Low,7
CLM3301,Brazil,South America,5.7,1.55,4011,3.27,Low,Medium,46
CLM3302,Germany,Europe,21.2,1.08,766,5.39,Low,Low,15
CLM3303,United Kingdom,Europe,16.2,2.28,4921,5.38,Low,High,34
CLM3304,United Kingdom,Europe,19.6,2.47,3779,5.92,Medium,Low,25
CLM3305,Australia,Oceania,18.8,1.25,2548,1.25,Medium,Medium,29
CLM3306,United Kingdom,Europe,16.7,2.32,2119,3.96,Low,Medium,41
CLM3307,Nigeria,Africa,10.3,1.25,1391,3.82,Low,High,31
CLM3308,China,Asia,15.2,2.49,4039,1.53,Medium,Medium,13
CLM3309,Canada,North America,14.8,1.14,2551,3.98,High,High,41
CLM3310,Australia,Oceania,14.5,1.56,2672,5.64,Low,Medium,55
CLM3311,Canada,North America,6.2,0.82,3300,2.06,Low,Medium,47
CLM3312,Brazil,South America,11.5,1.49,4490,2.26,Low,Low,9
CLM3313,China,Asia,28.9,1.19,5938,2.86,Low,High,34
CLM3314,Australia,Oceania,19.0,0.83,1723,4.93,Low,High,30
CLM3315,Germany,Europe,16.3,1.45,5459,1.78,Medium,High,45
CLM3316,Nigeria,Africa,24.9,0.74,4242,1.32,Medium,Low,51
CLM3317,Germany,Europe,23.4,1.84,3982,4.35,Medium,Low,29
CLM3318,Canada,North America,20.2,0.64,5652,3.55,Medium,Medium,6
CLM3319,United Kingdom,Europe,7.5,2.22,1014,1.63,Medium,Medium,6
CLM3320,United States,North America,25.2,1.55,4902,1.08,Medium,Low,28
CLM3321,Brazil,South America,26.0,1.2,742,5.55,Low,High,32
CLM3322,China,Asia,10.2,1.67,2054,4.01,Medium,High,14
CLM3323,Brazil,South America,13.3,0.76,5464,5.94,Medium,Low,50
CLM3324,United Kingdom,Europe,15.3,1.55,2755,1.1,Low,Low,51
CLM3325,United States,North America,28.2,1.75,4288,3.88,High,High,21
CLM3326,United Kingdom,Europe,18.9,1.51,1747,3.3,High,Low,57
CLM3327,China,Asia,25.8,2.44,1056,5.54,Low,Medium,34
CLM3328,United Kingdom,Europe,26.1,0.74,4430,5.36,Low,High,27
CLM3329,Brazil,South America,7.7,0.68,1417,2.97,Medium,High,37
CLM3330,Canada,North America,21.7,1.83,4444,3.19,Low,Medium,35
CLM3331,China,Asia,23.8,2.24,4025,4.92,Medium,Medium,33
CLM3332,Germany,Europe,29.3,0.76,5285,2.85,Low,Medium,47
CLM3333,Brazil,South America,11.3,1.63,3332,1.17,Low,Medium,8
CLM3334,United States,North America,26.0,2.05,676,3.69,Low,Medium,56
CLM3335,Canada,North America,6.1,1.02,574,1.46,Medium,Medium,22
CLM3336,Brazil,South America,18.6,0.92,2358,4.18,Medium,Medium,48
CLM3337,China,Asia,29.0,2.06,800,1.6,High,Low,34
CLM3338,United States,North America,16.1,2.34,2049,3.88,Medium,Low,37
CLM3339,Brazil,South America,11.5,1.56,973,4.25,Medium,Medium,27
CLM3340,United States,North America,10.1,1.86,1847,5.82,Low,Low,52
CLM3341,Germany,Europe,12.2,2.12,1038,1.65,Medium,Low,6
CLM3342,United Kingdom,Europe,29.7,0.57,2519,5.67,Medium,Medium,33
CLM3343,India,Asia,21.4,1.31,5387,1.61,Low,Medium,25
CLM3344,Nigeria,Africa,12.9,2.4,2204,4.02,Medium,Low,19
CLM3345,Nigeria,Africa,13.4,0.54,3504,4.15,High,High,15
CLM3346,Brazil,South America,9.4,2.49,4634,5.25,High,Medium,7
CLM3347,Canada,North America,22.0,1.67,1211,3.4,High,High,22
CLM3348,Canada,North America,9.8,1.32,3180,3.81,Low,Low,25
CLM3349,Nigeria,Africa,16.5,1.3,1054,4.78,Low,Medium,45
CLM3350,Nigeria,Africa,25.1,1.05,5917,1.4,Low,High,31
CLM3351,China,Asia,18.5,1.5,5015,3.55,Low,High,13
CLM3352,United Kingdom,Europe,20.7,2.44,4015,4.89,Medium,Low,50
CLM3353,Brazil,South America,19.2,2.48,443,5.76,High,Medium,14
CLM3354,Pakistan,Asia,6.7,0.63,3873,3.05,Low,Low,27
CLM3355,China,Asia,21.1,0.6,4619,5.53,Medium,High,16
CLM3356,Australia,Oceania,24.3,0.63,4001,1.55,Low,Medium,48
CLM3357,United Kingdom,Europe,24.9,1.29,4638,4.69,Low,High,31
CLM3358,Pakistan,Asia,10.6,2.49,1245,3.38,Low,Low,5
CLM3359,India,Asia,28.2,0.97,4347,5.56,Medium,Low,18
CLM3360,Nigeria,Africa,16.4,1.32,1077,3.87,Medium,Medium,39
CLM3361,Pakistan,Asia,27.4,0.85,3000,5.49,Low,High,49
CLM3362,Pakistan,Asia,21.4,1.54,3604,1.96,High,Medium,16
CLM3363,Brazil,South America,24.2,1.65,2514,2.05,Medium,Medium,34
CLM3364,United States,North America,6.4,1.19,4018,1.94,High,High,47
CLM3365,Nigeria,Africa,20.6,0.97,1566,3.36,High,Low,16
CLM3366,Nigeria,Africa,19.3,0.67,674,4.92,Low,Medium,45
CLM3367,Pakistan,Asia,9.7,1.81,5818,4.78,High,Medium,45
CLM3368,China,Asia,11.2,0.74,4348,4.45,Medium,High,10
CLM3369,China,Asia,21.7,1.94,4294,5.69,Low,High,45
CLM3370,Pakistan,Asia,19.6,1.13,1891,4.66,Low,Low,29
CLM3371,China,Asia,10.2,0.83,3026,5.75,Medium,Low,37
CLM3372,United States,North America,20.8,1.25,5329,2.13,High,High,60
CLM3373,United States,North America,8.8,1.39,3607,1.9,Low,Medium,12
CLM3374,Canada,North America,12.6,1.83,610,3.39,Low,Low,32
CLM3375,United States,North America,13.3,1.2,5053,3.8,Medium,High,15
CLM3376,India,Asia,6.0,1.01,5081,4.03,High,High,59
CLM3377,United Kingdom,Europe,5.6,1.02,848,5.44,High,High,55
CLM3378,United Kingdom,Europe,17.8,1.53,1304,4.32,High,Low,14
CLM3379,Brazil,South America,9.8,1.65,2715,5.17,Medium,Low,20
CLM3380,United Kingdom,Europe,19.5,2.45,1879,4.49,High,High,57
CLM3381,Pakistan,Asia,26.1,0.68,2454,3.22,Medium,Low,59
CLM3382,Pakistan,Asia,12.6,2.04,1590,1.9,Low,Medium,28
CLM3383,Germany,Europe,8.4,1.95,2484,1.8,Low,Medium,37
CLM3384,United Kingdom,Europe,14.6,1.67,399,2.36,Low,Medium,36
CLM3385,Pakistan,Asia,29.6,1.86,3439,1.19,Low,High,28
CLM3386,Germany,Europe,20.7,1.39,3328,3.61,Low,Medium,27
CLM3387,United States,North America,17.7,1.21,1672,1.95,Low,Low,51
CLM3388,Nigeria,Africa,27.3,2.02,5337,3.85,Low,High,51
CLM3389,Brazil,South America,27.8,1.29,1525,2.97,High,High,11
CLM3390,China,Asia,18.1,1.44,4298,3.32,Medium,Medium,57
CLM3391,India,Asia,15.3,0.93,5475,1.6,Medium,Low,16
CLM3392,Nigeria,Africa,23.9,2.41,5650,5.5,High,Medium,32
CLM3393,Australia,Oceania,7.0,2.24,598,3.96,Low,Low,35
CLM3394,Germany,Europe,5.3,1.49,3462,2.89,Low,Low,6
CLM3395,United Kingdom,Europe,24.0,1.98,5202,1.36,High,Medium,60
CLM3396,Pakistan,Asia,25.2,0.98,640,1.72,Medium,Medium,40
CLM3397,Brazil,South America,11.1,2.45,1115,2.01,Low,Low,41
CLM3398,Nigeria,Africa,14.8,1.72,5191,5.55,Medium,Medium,37
CLM3399,Brazil,South America,13.4,1.75,1533,3.32,Medium,Low,31
CLM3400,Nigeria,Africa,9.9,0.74,5759,5.11,High,Medium,29
CLM3401,India,Asia,25.6,2.16,3287,2.69,Medium,High,53
CLM3402,Pakistan,Asia,12.2,2.12,1499,2.09,Medium,High,10
CLM3403,Germany,Europe,24.3,0.55,1221,1.99,High,Low,40
CLM3404,China,Asia,14.4,1.63,1371,2.41,High,Low,31
CLM3405,Nigeria,Africa,27.5,2.0,4236,5.45,Low,High,41
CLM3406,United States,North America,25.7,1.83,4576,3.29,High,High,48
CLM3407,China,Asia,17.5,1.27,832,1.95,Medium,Low,49
CLM3408,United Kingdom,Europe,17.1,0.68,4855,5.72,Medium,Low,29
CLM3409,Australia,Oceania,21.3,2.38,4410,5.33,Medium,High,52
CLM3410,United States,North America,7.0,0.93,1871,2.85,High,Medium,60
CLM3411,Germany,Europe,28.2,1.58,3377,4.96,Low,Medium,13
CLM3412,Australia,Oceania,23.9,2.05,1989,2.23,Low,High,36
CLM3413,Pakistan,Asia,8.6,1.13,4580,4.61,High,Medium,32
CLM3414,Pakistan,Asia,15.8,1.97,5524,3.25,Medium,Low,45
CLM3415,Canada,North America,6.0,1.14,4668,5.86,High,Medium,50
CLM3416,China,Asia,5.7,1.56,891,4.04,Low,Medium,11
CLM3417,Nigeria,Africa,6.3,1.34,2810,2.1,High,Medium,41
CLM3418,United Kingdom,Europe,13.1,1.32,1271,3.2,Low,Low,36
CLM3419,Brazil,South America,12.7,1.2,5958,2.3,Medium,High,52
CLM3420,Canada,North America,22.3,1.14,1737,3.96,Medium,Medium,41
CLM3421,Pakistan,Asia,7.4,1.87,2370,1.37,Low,Low,57
CLM3422,Australia,Oceania,12.4,2.31,302,4.49,Low,High,48
CLM3423,United Kingdom,Europe,21.8,2.26,3645,1.54,Medium,Low,6
CLM3424,Nigeria,Africa,12.7,2.22,3358,1.37,Medium,Medium,58
CLM3425,Germany,Europe,20.8,2.07,1547,5.81,High,High,33
CLM3426,United Kingdom,Europe,27.6,1.43,5462,1.45,Low,Low,18
CLM3427,Australia,Oceania,20.4,1.16,477,5.91,High,Low,24
CLM3428,Nigeria,Africa,25.7,1.67,3991,5.99,Medium,High,5
CLM3429,India,Asia,28.1,1.6,682,2.24,Medium,High,60
CLM3430,India,Asia,16.0,2.4,5724,2.5,High,High,18
CLM3431,China,Asia,27.6,1.8,1617,4.42,High,High,35
CLM3432,China,Asia,14.4,1.44,1528,5.62,Medium,High,58
CLM3433,United Kingdom,Europe,17.7,1.3,3036,4.93,Low,Medium,31
CLM3434,India,Asia,12.6,2.14,2109,3.04,High,Low,25
CLM3435,Brazil,South America,18.4,0.71,4931,2.74,Medium,Medium,24
CLM3436,China,Asia,27.3,1.97,700,4.11,Medium,Medium,6
CLM3437,Nigeria,Africa,11.3,2.33,2610,4.9,High,Low,20
CLM3438,Nigeria,Africa,7.3,1.41,3316,2.56,Low,Low,50
CLM3439,Nigeria,Africa,18.3,2.02,4297,5.95,High,Low,18
CLM3440,Canada,North America,6.6,2.43,2756,3.29,High,Low,26
CLM3441,Canada,North America,14.4,0.83,548,2.54,Low,High,45
CLM3442,United Kingdom,Europe,27.7,1.26,3112,1.02,Medium,Medium,56
CLM3443,Australia,Oceania,11.2,2.38,4784,2.54,Low,Low,50
CLM3444,Nigeria,Africa,25.7,1.11,4232,1.1,High,High,24
CLM3445,Australia,Oceania,15.4,2.29,1296,3.42,High,Low,21
CLM3446,Canada,North America,28.5,1.98,1515,3.45,Medium,High,12
CLM3447,Nigeria,Africa,16.8,0.64,3229,3.66,Low,High,19
CLM3448,Nigeria,Africa,29.7,0.67,1958,5.02,Medium,High,38
CLM3449,Pakistan,Asia,27.2,1.46,3365,5.8,High,Low,27
CLM3450,Brazil,South America,24.7,2.3,514,4.29,Low,Medium,33
CLM3451,Australia,Oceania,15.4,1.15,2860,3.45,Low,Low,7
CLM3452,United Kingdom,Europe,10.9,1.53,4158,2.97,Medium,Low,35
CLM3453,United Kingdom,Europe,7.3,0.8,2886,5.4,High,Medium,29
CLM3454,Germany,Europe,27.7,1.75,5301,2.25,Low,High,55
CLM3455,Nigeria,Africa,25.2,2.41,4544,3.09,Medium,High,42
CLM3456,India,Asia,26.9,0.93,2609,5.97,Low,High,58
CLM3457,Nigeria,Africa,10.8,1.86,5661,5.46,High,High,17
CLM3458,Nigeria,Africa,25.1,1.87,1331,3.6,Medium,Low,40
CLM3459,United States,North America,11.0,1.12,2071,3.83,High,Low,40
CLM3460,Nigeria,Africa,27.4,2.5,5512,1.81,Low,High,56
CLM3461,Nigeria,Africa,17.3,1.09,4770,4.59,Low,Low,24
CLM3462,United States,North America,7.2,1.48,1566,4.22,Medium,Low,49
CLM3463,India,Asia,15.6,1.05,1555,2.81,High,Medium,46
CLM3464,India,Asia,5.1,2.29,4342,2.0,Medium,High,53
CLM3465,Germany,Europe,18.4,1.72,3985,5.75,Low,High,44
CLM3466,Pakistan,Asia,14.4,2.4,2590,5.48,High,High,54
CLM3467,Pakistan,Asia,14.1,0.64,1072,4.85,Medium,High,49
CLM3468,Nigeria,Africa,14.2,1.61,733,4.32,High,High,49
CLM3469,Nigeria,Africa,18.7,1.17,668,4.36,High,High,25
CLM3470,Brazil,South America,6.8,2.28,1944,1.23,Low,Medium,31
CLM3471,Nigeria,Africa,26.2,0.63,3703,5.29,Low,High,11
CLM3472,China,Asia,27.9,2.02,4527,1.84,Low,High,5
CLM3473,United Kingdom,Europe,5.5,0.75,5123,1.99,Low,Medium,17
CLM3474,United Kingdom,Europe,29.5,0.72,1145,5.45,Low,Medium,6
CLM3475,Australia,Oceania,6.3,2.04,2028,3.91,Low,Low,40
CLM3476,Canada,North America,10.8,1.45,3755,4.42,High,Low,12
CLM3477,Australia,Oceania,13.6,1.62,637,2.02,High,Medium,33
CLM3478,Nigeria,Africa,12.1,1.07,1945,4.3,Low,High,51
CLM3479,Pakistan,Asia,9.3,1.44,3893,5.14,High,Medium,25
CLM3480,India,Asia,13.5,1.64,3881,4.95,Low,Low,40
CLM3481,China,Asia,18.5,2.34,5744,3.72,High,Low,36
CLM3482,United States,North America,25.3,1.23,930,1.66,Medium,Low,14
CLM3483,Germany,Europe,19.3,1.17,2700,3.4,High,Medium,27
CLM3484,Pakistan,Asia,14.9,2.28,4702,5.3,High,High,56
CLM3485,Australia,Oceania,19.4,1.41,1737,2.97,High,High,46
CLM3486,China,Asia,14.7,2.3,4522,2.02,High,Medium,51
CLM3487,Australia,Oceania,26.6,1.95,3996,4.38,Low,High,50
CLM3488,Pakistan,Asia,5.3,1.04,5086,4.08,Low,Low,13
CLM3489,United States,North America,11.1,2.34,2350,3.26,Low,Low,29
CLM3490,United States,North America,10.1,1.63,4929,2.65,Low,Medium,20
CLM3491,Brazil,South America,25.4,2.31,5776,5.46,Low,Medium,36
CLM3492,Germany,Europe,14.6,2.28,3295,5.31,High,High,42
CLM3493,Pakistan,Asia,9.4,2.16,4879,1.7,Medium,Medium,36
CLM3494,Brazil,South America,28.3,1.51,5942,5.11,High,Medium,21
CLM3495,Germany,Europe,5.8,0.54,1494,2.2,High,Low,50
CLM3496,United Kingdom,Europe,19.5,2.4,3044,2.05,Low,Low,53
CLM3497,United States,North America,22.4,0.5,4448,3.67,Low,Medium,28
CLM3498,United States,North America,10.2,1.95,487,2.88,Medium,Low,21
CLM3499,Brazil,South America,8.1,1.57,479,2.04,Low,High,23
CLM3500,Brazil,South America,9.9,0.87,2781,3.27,Medium,Low,6
CLM3501,United Kingdom,Europe,27.1,1.7,2384,4.21,Low,Medium,9
CLM3502,Brazil,South America,12.3,1.91,2328,2.83,Low,Low,52
CLM3503,Pakistan,Asia,25.1,2.39,3381,4.49,Medium,Medium,44
CLM3504,Germany,Europe,23.2,1.71,4559,3.75,High,Low,28
CLM3505,India,Asia,19.0,0.58,4266,1.87,Low,Low,24
CLM3506,Canada,North America,10.4,1.43,4766,3.56,Medium,Medium,26
CLM3507,Nigeria,Africa,20.8,1.24,1716,1.09,Medium,Low,13
CLM3508,United States,North America,14.9,2.35,1223,3.12,Medium,Low,38
CLM3509,Brazil,South America,25.9,1.65,1178,1.03,Low,Medium,57
CLM3510,China,Asia,29.6,2.1,1788,2.87,Medium,Medium,60
CLM3511,United Kingdom,Europe,20.2,1.35,2355,3.97,Medium,Medium,52
CLM3512,Germany,Europe,29.4,1.24,1288,2.03,Medium,Low,21
CLM3513,United States,North America,18.4,1.7,689,1.61,High,Medium,8
CLM3514,China,Asia,6.7,2.41,4132,2.28,Low,Low,56
CLM3515,Germany,Europe,28.5,1.34,2321,3.48,High,Medium,8
CLM3516,United Kingdom,Europe,27.8,1.81,2926,2.43,High,Low,50
CLM3517,Canada,North America,11.3,2.28,4196,5.06,Low,Low,13
CLM3518,Nigeria,Africa,26.0,2.2,801,1.66,Medium,High,15
CLM3519,United Kingdom,Europe,26.1,1.28,2051,3.76,High,Low,11
CLM3520,Australia,Oceania,26.2,1.02,4242,3.31,Low,High,13
CLM3521,Brazil,South America,8.1,0.62,5476,3.73,Medium,Medium,8
CLM3522,Pakistan,Asia,20.1,2.45,2093,3.73,Low,High,45
CLM3523,Brazil,South America,18.1,1.08,3915,1.48,High,Low,23
CLM3524,Pakistan,Asia,8.7,0.52,4194,4.42,High,High,20
CLM3525,Brazil,South America,10.2,0.87,1893,1.28,Medium,High,19
CLM3526,Brazil,South America,14.6,1.57,545,3.64,Low,Low,47
CLM3527,Australia,Oceania,5.1,1.46,5841,4.6,High,High,6
CLM3528,Germany,Europe,24.4,0.83,2700,1.75,Low,High,60
CLM3529,United Kingdom,Europe,14.0,0.65,3977,4.13,High,High,7
CLM3530,India,Asia,19.7,2.44,1626,2.5,Medium,Low,10
CLM3531,United States,North America,13.0,2.03,2858,5.85,Low,Medium,21
CLM3532,United Kingdom,Europe,11.3,1.26,4937,5.37,High,Low,30
CLM3533,United Kingdom,Europe,26.0,2.18,4805,5.68,Low,Medium,5
CLM3534,China,Asia,24.4,2.07,2499,1.05,Low,Low,60
CLM3535,Pakistan,Asia,7.9,1.97,2632,3.66,Medium,Low,33
CLM3536,China,Asia,12.4,0.76,3207,3.58,Medium,Low,45
CLM3537,Germany,Europe,7.4,1.87,310,3.65,Low,Medium,8
CLM3538,United States,North America,22.5,1.53,2206,5.77,High,Medium,54
CLM3539,China,Asia,15.2,1.09,4787,5.89,High,High,32
CLM3540,Australia,Oceania,8.8,1.66,3624,1.68,Medium,High,10
CLM3541,China,Asia,24.6,1.54,697,5.99,Low,High,10
CLM3542,United Kingdom,Europe,15.5,2.09,5709,2.27,High,Medium,39
CLM3543,Nigeria,Africa,12.0,1.66,1670,4.26,Low,High,35
CLM3544,China,Asia,12.5,1.34,786,5.54,Low,Low,42
CLM3545,Germany,Europe,23.9,2.12,1693,5.07,High,Low,58
CLM3546,United Kingdom,Europe,21.9,0.97,5291,2.94,Low,Low,50
CLM3547,United States,North America,22.4,1.99,5160,5.59,High,High,29
CLM3548,United States,North America,28.3,0.79,2584,4.79,Medium,High,35
CLM3549,Brazil,South America,15.4,2.47,1478,1.57,High,Medium,30
CLM3550,India,Asia,11.7,0.63,3230,4.23,Medium,Low,12
CLM3551,United Kingdom,Europe,28.9,2.31,3399,1.76,Low,Low,13
CLM3552,United Kingdom,Europe,21.7,1.4,5704,2.23,Low,Low,5
CLM3553,Australia,Oceania,10.4,1.65,3843,5.97,Medium,Low,53
CLM3554,Nigeria,Africa,21.7,0.69,4987,4.63,Medium,Medium,47
CLM3555,Canada,North America,12.2,1.33,2514,4.34,Low,Medium,60
CLM3556,India,Asia,7.8,1.61,713,1.62,High,Low,58
CLM3557,Germany,Europe,6.1,1.42,5565,3.86,Medium,Medium,52
CLM3558,Canada,North America,16.8,1.43,2250,3.55,Low,High,43
CLM3559,Australia,Oceania,14.4,1.75,368,4.26,Medium,Low,13
CLM3560,India,Asia,15.0,1.61,2305,2.18,Low,High,28
CLM3561,India,Asia,23.0,1.36,1604,4.03,Medium,High,38
CLM3562,Brazil,South America,23.9,0.62,763,2.97,High,Low,8
CLM3563,China,Asia,14.6,1.52,4077,3.43,High,High,36
CLM3564,United States,North America,20.1,2.17,3918,4.76,Low,High,9
CLM3565,United States,North America,18.6,1.16,850,2.06,Medium,High,12
CLM3566,Pakistan,Asia,10.3,0.53,810,4.41,Low,Low,28
CLM3567,India,Asia,7.3,1.55,2907,3.52,Low,Medium,43
CLM3568,Australia,Oceania,7.5,0.62,3131,5.56,Low,High,28
CLM3569,India,Asia,19.9,1.73,5153,2.15,High,Medium,38
CLM3570,United Kingdom,Europe,11.9,0.92,3639,3.8,High,High,51
CLM3571,Canada,North America,13.4,0.64,4371,4.62,Low,Low,5
CLM3572,India,Asia,20.4,1.19,3540,2.38,High,High,60
CLM3573,Nigeria,Africa,5.0,0.78,1457,4.94,Medium,High,7
CLM3574,Germany,Europe,16.2,1.74,1311,3.22,Low,High,22
CLM3575,India,Asia,15.4,0.97,2696,2.14,High,High,18
CLM3576,Brazil,South America,16.2,1.55,551,1.6,Low,High,59
CLM3577,Australia,Oceania,5.7,1.0,4850,5.45,High,High,48
CLM3578,Brazil,South America,6.0,0.75,5001,1.64,Low,High,34
CLM3579,China,Asia,6.6,1.37,2587,4.91,Low,Low,8
CLM3580,Australia,Oceania,17.5,2.31,2568,1.59,Low,High,10
CLM3581,China,Asia,16.8,0.78,4309,3.31,Low,High,37
CLM3582,Canada,North America,12.0,0.84,3372,4.59,Low,High,21
CLM3583,Pakistan,Asia,17.9,1.31,2185,2.35,High,High,36
CLM3584,Brazil,South America,16.7,0.95,5044,5.81,Medium,Medium,43
CLM3585,Canada,North America,29.0,1.24,2863,1.57,Low,Low,23
CLM3586,Nigeria,Africa,21.6,0.84,5056,3.58,Low,High,44
CLM3587,China,Asia,21.8,1.17,2592,3.64,High,Low,40
CLM3588,Germany,Europe,20.8,2.02,5205,5.08,Low,Low,20
CLM3589,Nigeria,Africa,10.3,1.77,3144,5.95,Low,Medium,49
CLM3590,Brazil,South America,7.0,1.09,4247,3.44,High,Medium,21
CLM3591,Nigeria,Africa,27.6,2.32,2535,2.98,High,Low,53
CLM3592,Pakistan,Asia,19.2,1.96,718,2.5,High,Medium,47
CLM3593,Canada,North America,17.5,0.97,1823,5.33,High,High,21
CLM3594,Pakistan,Asia,8.6,1.6,5267,5.18,Medium,Medium,39
CLM3595,China,Asia,21.6,1.96,928,2.83,Medium,High,11
CLM3596,China,Asia,26.0,1.1,4696,5.03,Medium,High,18
CLM3597,India,Asia,27.5,2.49,3107,3.03,Medium,Medium,38
CLM3598,Pakistan,Asia,28.0,1.52,3103,2.82,Medium,Low,46
CLM3599,Brazil,South America,12.8,1.02,2105,1.64,High,Low,45
CLM3600,Brazil,South America,28.0,0.95,4331,5.39,High,Low,15
CLM3601,Brazil,South America,16.5,0.54,2353,4.59,Low,High,41
CLM3602,India,Asia,26.0,1.96,1635,3.52,Low,Medium,33
CLM3603,Brazil,South America,29.7,0.89,5869,2.9,High,Medium,18
CLM3604,Germany,Europe,6.7,2.13,3007,4.96,High,High,25
CLM3605,Australia,Oceania,13.3,2.5,5581,2.84,Medium,High,16
CLM3606,United Kingdom,Europe,12.0,0.99,3323,2.61,High,Medium,26
CLM3607,Brazil,South America,17.1,0.67,4403,4.47,Medium,High,26
CLM3608,China,Asia,23.1,2.21,4299,3.61,Low,Low,26
CLM3609,United Kingdom,Europe,15.6,0.88,2768,4.55,Low,High,30
CLM3610,United Kingdom,Europe,6.7,1.56,1527,1.04,Medium,Low,16
CLM3611,United States,North America,11.6,1.8,3446,3.61,High,Low,47
CLM3612,Australia,Oceania,17.7,2.17,4923,1.98,High,High,8
CLM3613,Germany,Europe,20.6,1.65,1975,1.89,Medium,High,28
CLM3614,United Kingdom,Europe,22.5,2.36,2262,2.34,Low,High,26
CLM3615,United States,North America,19.2,0.88,2979,2.43,Low,Medium,7
CLM3616,India,Asia,12.6,1.96,3309,5.24,Low,High,10
CLM3617,China,Asia,13.2,2.28,2638,5.07,High,Low,26
CLM3618,Canada,North America,20.8,2.24,3919,3.1,Medium,Medium,39
CLM3619,Brazil,South America,28.8,0.91,1412,1.29,High,High,25
CLM3620,Nigeria,Africa,28.0,2.1,4093,2.0,Low,Medium,38
CLM3621,Brazil,South America,9.9,2.13,2076,5.53,Low,High,42
CLM3622,India,Asia,19.3,0.62,1540,4.38,Medium,High,14
CLM3623,China,Asia,16.4,1.32,2553,2.03,Low,Medium,25
CLM3624,Canada,North America,11.0,1.15,1092,4.56,Low,Medium,56
CLM3625,United Kingdom,Europe,22.9,0.68,4155,5.91,Medium,High,36
CLM3626,United States,North America,8.1,1.98,4340,1.88,Low,Medium,12
CLM3627,Australia,Oceania,21.0,0.57,2919,2.95,High,High,24
CLM3628,United Kingdom,Europe,12.6,2.05,2422,3.29,Medium,Medium,27
CLM3629,Pakistan,Asia,14.6,1.21,5754,5.89,Medium,Low,53
CLM3630,India,Asia,7.2,1.63,2186,1.23,Medium,Medium,36
CLM3631,Canada,North America,28.7,0.71,1104,1.74,High,High,8
CLM3632,Brazil,South America,18.8,1.39,3030,1.42,Medium,Low,29
CLM3633,Pakistan,Asia,5.3,0.58,5309,3.02,Low,Medium,17
CLM3634,Brazil,South America,26.0,1.0,2960,1.77,High,High,48
CLM3635,Brazil,South America,13.6,1.73,5279,5.12,Medium,Medium,20
CLM3636,Nigeria,Africa,7.0,1.08,4149,3.57,High,Medium,21
CLM3637,India,Asia,18.5,1.85,1509,2.26,Low,Low,28
CLM3638,India,Asia,20.5,1.01,5609,1.38,Low,Medium,25
CLM3639,Brazil,South America,18.7,1.82,2356,4.98,Low,Medium,23
CLM3640,Brazil,South America,27.7,2.14,935,1.1,Medium,Medium,34
CLM3641,Australia,Oceania,8.6,0.55,3655,1.08,High,Medium,53
CLM3642,Canada,North America,10.8,2.11,2745,4.36,Medium,Medium,45
CLM3643,Germany,Europe,25.8,2.03,1983,2.59,High,Low,19
CLM3644,Brazil,South America,17.3,2.32,3633,2.92,Low,Medium,48
CLM3645,Brazil,South America,16.7,0.86,1955,3.88,Medium,Medium,53
CLM3646,Germany,Europe,26.9,1.39,2502,5.6,High,Medium,6
CLM3647,Nigeria,Africa,26.1,1.29,4738,4.18,Medium,High,18
CLM3648,Australia,Oceania,16.9,1.07,1389,4.99,High,Medium,7
CLM3649,Germany,Europe,28.8,2.0,513,3.78,High,Medium,34
CLM3650,Brazil,South America,20.1,1.26,4843,3.86,Medium,High,43
CLM3651,Germany,Europe,16.9,0.73,3603,4.65,Medium,Medium,58
CLM3652,United States,North America,9.2,0.52,5047,5.37,Medium,High,57
CLM3653,Pakistan,Asia,9.7,1.44,5041,3.65,Medium,Medium,27
CLM3654,Canada,North America,24.8,2.49,3154,2.14,Medium,Medium,26
CLM3655,United States,North America,9.1,0.55,4774,4.14,High,Low,15
CLM3656,Australia,Oceania,12.0,0.91,5497,3.53,Medium,Low,15
CLM3657,Canada,North America,10.1,1.73,3725,1.65,High,Medium,23
CLM3658,Canada,North America,20.4,1.96,4238,5.94,High,Medium,10
CLM3659,United Kingdom,Europe,20.4,1.8,1311,4.67,High,High,44
CLM3660,Pakistan,Asia,22.0,0.57,2636,3.78,Medium,Medium,60
CLM3661,Brazil,South America,14.4,1.47,2417,1.48,Low,Medium,45
CLM3662,India,Asia,10.7,1.49,3814,3.28,High,Low,42
CLM3663,United Kingdom,Europe,8.6,2.34,2851,1.1,Medium,Low,5
CLM3664,Australia,Oceania,8.9,2.08,3281,2.19,High,Medium,23
CLM3665,Pakistan,Asia,20.8,2.24,1524,4.02,Medium,High,26
CLM3666,Pakistan,Asia,15.0,1.57,1115,3.5,Low,Medium,15
CLM3667,Nigeria,Africa,19.8,0.88,3351,5.64,High,Medium,60
CLM3668,Brazil,South America,23.1,0.88,3539,3.08,High,Low,13
CLM3669,Pakistan,Asia,19.9,1.14,2042,4.62,Low,High,38
CLM3670,Canada,North America,24.3,2.15,3169,1.57,Low,Low,19
CLM3671,Australia,Oceania,9.4,1.2,2344,3.53,Medium,Medium,39
CLM3672,Nigeria,Africa,19.2,0.96,3950,4.48,Low,Medium,15
CLM3673,China,Asia,16.8,1.87,4326,5.98,Low,Medium,36
CLM3674,United States,North America,15.9,0.59,2552,2.35,Low,High,12
CLM3675,Australia,Oceania,12.5,2.22,5680,5.7,High,Low,51
CLM3676,Brazil,South America,18.6,2.35,2277,2.37,Medium,High,7
CLM3677,Nigeria,Africa,8.5,1.16,2641,1.13,Medium,Medium,19
CLM3678,Australia,Oceania,22.1,2.38,2900,3.0,Low,High,7
CLM3679,China,Asia,23.9,2.31,1942,4.81,Medium,Medium,23
CLM3680,China,Asia,19.6,1.54,1572,1.67,Low,Low,38
CLM3681,Canada,North America,14.1,2.38,1191,4.01,Medium,High,6
CLM3682,Australia,Oceania,11.1,2.45,5665,4.79,Medium,High,25
CLM3683,Pakistan,Asia,15.1,0.76,5200,2.74,Low,Low,58
CLM3684,Canada,North America,25.5,0.74,3861,1.29,High,Medium,13
CLM3685,Nigeria,Africa,26.4,2.18,3969,2.96,Low,Medium,5
CLM3686,Australia,Oceania,28.4,2.34,4203,4.98,High,Medium,56
CLM3687,Brazil,South America,18.2,0.96,2279,2.63,Medium,High,22
CLM3688,India,Asia,14.0,1.21,3555,2.15,High,Low,11
CLM3689,Nigeria,Africa,20.5,1.47,3857,5.08,Medium,High,36
CLM3690,India,Asia,29.4,1.61,5005,3.68,High,Medium,52
CLM3691,United Kingdom,Europe,24.1,0.98,5804,3.38,Medium,High,42
CLM3692,China,Asia,14.9,1.68,1854,1.72,High,High,53
CLM3693,Brazil,South America,26.9,1.07,4062,1.79,Low,Low,13
CLM3694,Australia,Oceania,26.2,0.86,1405,1.14,High,High,55
CLM3695,Nigeria,Africa,6.0,2.37,990,5.4,Low,Medium,38
CLM3696,Brazil,South America,5.5,1.78,1509,5.9,High,High,41
CLM3697,Germany,Europe,16.5,1.42,910,2.69,Medium,Low,21
CLM3698,Canada,North America,5.0,0.87,3444,5.68,Medium,High,28
CLM3699,Australia,Oceania,15.3,0.55,3778,4.95,High,High,51
CLM3700,Australia,Oceania,10.7,1.0,3213,5.34,High,Low,5
CLM3701,Australia,Oceania,28.7,1.45,2538,4.61,Low,High,56
CLM3702,China,Asia,16.7,2.31,1842,4.95,Low,Medium,7
CLM3703,Germany,Europe,24.6,0.67,3799,1.41,Medium,Low,39
CLM3704,India,Asia,7.2,0.67,5741,3.95,Low,Medium,48
CLM3705,Canada,North America,22.0,0.78,3899,1.31,Low,High,8
CLM3706,Nigeria,Africa,9.9,1.94,4525,3.18,High,Medium,58
CLM3707,Pakistan,Asia,26.0,2.13,3145,3.03,Medium,Low,31
CLM3708,United Kingdom,Europe,5.0,1.39,838,2.75,High,High,16
CLM3709,Brazil,South America,19.7,1.47,3828,4.6,Medium,Low,45
CLM3710,Pakistan,Asia,14.5,1.42,4285,5.19,Medium,Medium,50
CLM3711,Brazil,South America,6.6,2.23,2230,5.2,Low,Medium,23
CLM3712,Germany,Europe,10.8,0.75,4471,2.87,Low,Low,12
CLM3713,China,Asia,28.9,1.15,3727,1.29,Low,High,53
CLM3714,China,Asia,12.6,1.01,2560,4.29,Medium,Low,27
CLM3715,Germany,Europe,9.8,0.91,1457,2.3,High,High,45
CLM3716,United States,North America,10.9,1.68,4070,5.41,Low,Low,54
CLM3717,China,Asia,27.4,0.5,5478,1.85,Medium,Medium,19
CLM3718,China,Asia,27.5,1.84,3361,3.52,High,Low,18
CLM3719,United States,North America,27.0,2.42,4588,4.6,Medium,High,52
CLM3720,Germany,Europe,12.6,2.23,1618,5.8,Medium,Low,39
CLM3721,Brazil,South America,21.5,0.94,4858,1.98,Low,High,56
CLM3722,Germany,Europe,16.7,1.77,1787,1.06,High,High,56
CLM3723,Pakistan,Asia,10.4,1.68,1884,1.69,Low,High,47
CLM3724,India,Asia,16.5,1.21,1930,3.24,High,Medium,44
CLM3725,Pakistan,Asia,12.0,1.6,4294,1.87,Low,Medium,43
CLM3726,United States,North America,11.2,2.38,5697,4.71,Low,High,17
CLM3727,China,Asia,12.7,0.58,1662,1.85,Low,Low,23
CLM3728,Pakistan,Asia,23.8,1.03,1333,3.14,Low,High,56
CLM3729,United States,North America,14.2,0.6,3030,5.37,High,Low,40
CLM3730,United Kingdom,Europe,13.1,1.59,5893,1.64,High,Low,23
CLM3731,Australia,Oceania,8.4,1.3,3137,2.61,High,High,34
CLM3732,China,Asia,29.0,1.01,2495,3.72,Low,High,11
CLM3733,Pakistan,Asia,11.2,0.71,3437,4.78,Medium,High,24
CLM3734,Germany,Europe,15.8,1.5,2931,5.63,Medium,Low,42
CLM3735,Australia,Oceania,25.5,2.45,4824,3.92,High,Medium,9
CLM3736,Australia,Oceania,5.6,1.35,1413,4.98,High,Medium,13
CLM3737,China,Asia,24.3,0.68,348,5.52,High,High,14
CLM3738,Pakistan,Asia,8.1,1.55,5122,2.24,Low,Medium,14
CLM3739,India,Asia,12.2,1.55,1976,2.34,Medium,Low,58
CLM3740,China,Asia,11.4,1.01,1656,5.8,Low,High,9
CLM3741,United States,North America,21.3,1.12,3445,3.83,Medium,Medium,31
CLM3742,China,Asia,26.3,0.89,2368,5.98,Low,Medium,31
CLM3743,Germany,Europe,5.7,0.97,4088,4.08,Low,Low,48
CLM3744,Canada,North America,29.5,0.65,2138,5.36,High,Low,24
CLM3745,Canada,North America,15.2,2.24,1081,2.94,Low,Low,34
CLM3746,United States,North America,25.0,0.7,2482,3.87,High,High,27
CLM3747,India,Asia,12.4,2.11,2814,4.99,High,High,46
CLM3748,Australia,Oceania,7.2,2.34,5328,5.69,Medium,Medium,41
CLM3749,United States,North America,19.6,1.1,4120,5.68,Medium,Low,35
CLM3750,United Kingdom,Europe,22.6,2.47,2647,5.28,Medium,Low,38
CLM3751,Brazil,South America,9.7,1.21,2778,1.78,Low,Low,31
CLM3752,Germany,Europe,17.0,1.37,5661,3.29,Medium,Medium,23
CLM3753,Canada,North America,9.4,1.56,482,3.85,Low,Low,22
CLM3754,India,Asia,28.6,1.88,861,3.73,High,Low,41
CLM3755,United States,North America,22.8,0.89,3177,3.57,Medium,Medium,11
CLM3756,Brazil,South America,10.0,2.37,4712,2.16,Medium,Medium,13
CLM3757,India,Asia,15.6,1.34,4723,4.63,High,High,22
CLM3758,Germany,Europe,27.5,1.94,1133,4.71,High,High,44
CLM3759,United Kingdom,Europe,25.1,1.77,5662,2.25,High,High,27
CLM3760,Germany,Europe,16.1,1.92,5858,5.95,Medium,High,38
CLM3761,Nigeria,Africa,15.9,1.42,1583,4.06,Medium,Low,52
CLM3762,United Kingdom,Europe,13.7,1.37,366,2.6,Low,Low,50
CLM3763,Germany,Europe,6.3,1.8,2441,2.94,High,Medium,40
CLM3764,Pakistan,Asia,23.1,1.75,4865,3.23,Low,Medium,13
CLM3765,Pakistan,Asia,19.5,2.33,1706,3.99,High,High,24
CLM3766,China,Asia,20.2,1.2,614,1.97,Low,High,36
CLM3767,India,Asia,7.6,2.36,3921,1.37,Low,High,37
CLM3768,Canada,North America,26.7,2.14,5075,5.23,Low,Low,57
CLM3769,Australia,Oceania,23.8,2.05,872,1.02,Low,High,41
CLM3770,Australia,Oceania,5.1,1.62,429,2.55,High,Low,16
CLM3771,Nigeria,Africa,12.1,0.85,2532,3.11,High,Low,27
CLM3772,Pakistan,Asia,30.0,1.42,1266,1.61,High,Medium,49
CLM3773,Germany,Europe,15.8,1.57,4997,4.46,Medium,Low,38
CLM3774,Australia,Oceania,13.8,1.25,1968,3.17,Low,Low,51
CLM3775,India,Asia,17.6,0.62,1064,3.98,Medium,Medium,25
CLM3776,Brazil,South America,8.5,2.22,2324,1.4,High,Medium,43
CLM3777,United Kingdom,Europe,5.5,1.16,5671,3.52,Low,High,54
CLM3778,United Kingdom,Europe,19.3,0.53,4331,5.03,Medium,Low,24
CLM3779,China,Asia,13.4,0.68,3393,1.05,Medium,High,48
CLM3780,Nigeria,Africa,28.0,1.22,5134,3.22,Medium,Low,24
CLM3781,United States,North America,9.0,1.97,1851,4.81,Low,Medium,57
CLM3782,Germany,Europe,14.6,2.24,5489,3.51,Low,High,28
CLM3783,United States,North America,5.7,0.65,3015,1.46,High,Low,25
CLM3784,United Kingdom,Europe,9.2,0.88,527,5.49,Medium,Low,24
CLM3785,United Kingdom,Europe,28.0,1.62,3708,4.85,Low,Medium,12
CLM3786,Australia,Oceania,5.9,0.81,5075,5.25,Medium,Low,13
CLM3787,United Kingdom,Europe,15.6,1.38,2462,3.98,Low,Low,43
CLM3788,India,Asia,26.0,2.26,5533,2.37,Medium,Medium,48
CLM3789,Brazil,South America,26.1,1.49,1685,2.82,Low,High,54
CLM3790,Australia,Oceania,27.3,1.72,2747,3.1,Medium,Medium,8
CLM3791,United Kingdom,Europe,7.0,0.85,1591,1.5,High,Low,49
CLM3792,United Kingdom,Europe,10.8,2.45,3804,2.78,Low,Medium,11
CLM3793,Brazil,South America,12.3,2.03,1901,1.63,Low,High,31
CLM3794,Australia,Oceania,16.2,1.59,2259,1.66,Low,High,22
CLM3795,Brazil,South America,26.7,1.47,2810,3.08,High,Medium,8
CLM3796,Canada,North America,28.1,1.66,5274,3.53,Medium,Low,10
CLM3797,India,Asia,27.6,2.27,5185,1.71,High,Low,6
CLM3798,China,Asia,29.6,1.39,1989,2.61,High,High,7
CLM3799,Pakistan,Asia,9.9,1.9,901,2.98,Medium,Medium,29
CLM3800,United Kingdom,Europe,11.7,2.31,929,4.49,Medium,Medium,37
CLM3801,Australia,Oceania,16.4,2.37,1936,1.64,Low,Medium,34
CLM3802,Brazil,South America,28.8,2.37,5915,3.12,High,High,42
CLM3803,Brazil,South America,9.1,2.13,1287,2.49,Low,Low,36
CLM3804,Nigeria,Africa,14.7,2.46,923,2.28,Low,Low,30
CLM3805,Canada,North America,21.5,2.06,4382,5.77,Medium,Medium,14
CLM3806,Brazil,South America,7.6,2.17,2975,3.58,High,High,15
CLM3807,Brazil,South America,5.9,0.66,3262,3.08,Low,Medium,16
CLM3808,China,Asia,24.5,1.83,1180,1.88,Low,High,43
CLM3809,Australia,Oceania,9.3,1.51,3890,2.01,Low,High,9
CLM3810,Nigeria,Africa,24.1,0.9,2821,1.92,Low,High,59
CLM3811,China,Asia,15.0,2.33,5313,2.52,Low,High,40
CLM3812,India,Asia,29.1,0.95,3566,4.71,Medium,High,29
CLM3813,Germany,Europe,17.0,1.7,973,1.36,High,Medium,18
CLM3814,Pakistan,Asia,23.1,1.38,1212,2.52,High,Low,56
CLM3815,Nigeria,Africa,11.1,2.36,3963,5.78,High,Medium,37
CLM3816,Brazil,South America,13.3,1.14,2734,5.43,Medium,High,41
CLM3817,Germany,Europe,13.9,1.2,1250,1.98,Medium,Medium,41
CLM3818,Australia,Oceania,17.3,1.11,2555,2.15,Medium,Medium,36
CLM3819,Brazil,South America,24.9,1.76,4131,2.25,Medium,Medium,8
CLM3820,United Kingdom,Europe,13.4,0.69,4977,5.32,Medium,High,23
CLM3821,Australia,Oceania,25.7,1.96,5155,5.85,Low,Medium,55
CLM3822,Pakistan,Asia,19.3,0.5,4949,5.5,High,High,24
CLM3823,Germany,Europe,19.4,2.24,2967,3.67,High,Medium,27
CLM3824,Nigeria,Africa,17.4,1.31,1408,2.92,Low,Low,12
CLM3825,Pakistan,Asia,9.8,1.98,5555,1.4,High,High,14
CLM3826,Nigeria,Africa,23.3,1.26,3831,1.48,Low,High,36
CLM3827,Pakistan,Asia,14.1,1.75,4251,4.89,High,High,14
CLM3828,United Kingdom,Europe,8.1,2.43,2558,4.83,Low,Low,11
CLM3829,Nigeria,Africa,12.5,2.4,4927,4.7,High,Low,9
CLM3830,Canada,North America,27.6,1.0,3521,2.46,Medium,High,29
CLM3831,United States,North America,16.3,0.7,5040,4.24,Medium,High,5
CLM3832,Germany,Europe,25.7,1.92,5246,4.93,Low,Medium,14
CLM3833,Pakistan,Asia,25.5,1.96,1701,5.63,Medium,Low,6
CLM3834,Nigeria,Africa,25.3,1.83,1657,2.61,High,High,21
CLM3835,India,Asia,17.2,1.61,4671,3.39,Medium,Low,41
CLM3836,United States,North America,10.9,0.9,3013,3.62,Medium,Medium,9
CLM3837,Germany,Europe,29.3,0.84,5056,4.36,Medium,Medium,31
CLM3838,Canada,North America,28.0,2.43,5808,1.0,Medium,Low,59
CLM3839,United States,North America,13.1,1.33,3902,5.01,Low,Low,34
CLM3840,Germany,Europe,10.5,0.74,5752,3.09,Low,High,48
CLM3841,Brazil,South America,17.2,2.4,4059,5.08,Medium,High,15
CLM3842,United Kingdom,Europe,9.0,1.03,4559,1.31,Medium,Medium,31
CLM3843,India,Asia,7.4,1.27,1771,3.59,High,High,52
CLM3844,Pakistan,Asia,14.5,0.67,1880,1.84,Medium,Medium,12
CLM3845,Canada,North America,16.8,0.96,2032,2.04,Low,Low,31
CLM3846,United Kingdom,Europe,12.9,0.93,5394,2.08,High,High,38
CLM3847,Germany,Europe,18.7,1.51,4596,2.81,Low,High,29
CLM3848,Pakistan,Asia,21.8,0.93,1495,1.15,Low,Low,36
CLM3849,Canada,North America,22.1,2.09,3626,3.9,Medium,Medium,13
CLM3850,Canada,North America,29.8,0.94,4976,5.12,High,Low,18
CLM3851,Australia,Oceania,14.6,0.76,2048,1.8,Medium,Low,26
CLM3852,China,Asia,29.0,2.31,751,5.91,High,Medium,46
CLM3853,United States,North America,24.2,0.83,5532,1.04,Low,Low,55
CLM3854,Nigeria,Africa,12.7,0.96,2224,3.21,Medium,Low,10
CLM3855,Nigeria,Africa,10.1,1.47,5883,4.36,High,Medium,27
CLM3856,Pakistan,Asia,18.0,1.82,5059,4.29,Low,High,39
CLM3857,Germany,Europe,28.1,2.16,5612,4.4,High,High,24
CLM3858,United Kingdom,Europe,10.3,1.12,1097,2.41,Medium,Medium,26
CLM3859,China,Asia,29.1,1.25,2967,2.75,Low,Low,44
CLM3860,United States,North America,24.1,0.51,3327,3.89,Low,Medium,50
CLM3861,Canada,North America,27.6,0.83,1550,4.7,Low,Medium,49
CLM3862,United Kingdom,Europe,29.6,2.48,4723,4.3,Low,Low,10
CLM3863,United Kingdom,Europe,26.8,2.12,4738,3.75,Medium,Medium,52
CLM3864,China,Asia,9.2,1.46,4591,4.57,Medium,High,45
CLM3865,Pakistan,Asia,11.8,1.24,3300,2.4,Medium,High,35
CLM3866,Nigeria,Africa,28.3,2.32,5093,4.12,Medium,Medium,20
CLM3867,Canada,North America,20.5,1.35,975,2.4,Medium,Medium,49
CLM3868,Nigeria,Africa,23.1,0.76,4984,4.35,Medium,Low,21
CLM3869,Brazil,South America,14.4,0.66,4415,2.94,High,High,20
CLM3870,India,Asia,7.4,2.17,4094,2.56,Medium,Low,38
CLM3871,United Kingdom,Europe,15.5,1.97,3885,4.88,Low,High,20
CLM3872,Australia,Oceania,16.6,2.24,2068,2.64,Low,Low,17
CLM3873,Nigeria,Africa,14.9,0.89,573,3.18,Low,High,27
CLM3874,United Kingdom,Europe,16.2,1.52,1805,3.67,Medium,Medium,59
CLM3875,China,Asia,10.2,1.48,1608,1.95,Low,Medium,58
CLM3876,United States,North America,18.9,0.88,4630,1.19,High,High,16
CLM3877,United States,North America,8.5,1.2,3880,1.16,Medium,Low,8
CLM3878,India,Asia,29.7,1.43,5024,1.83,High,Medium,57
CLM3879,United Kingdom,Europe,6.8,2.19,3753,2.83,Low,High,40
CLM3880,Brazil,South America,12.5,2.23,4686,1.17,Low,Medium,38
CLM3881,United States,North America,24.2,0.9,1058,3.02,Medium,High,45
CLM3882,United States,North America,22.9,0.92,5941,5.36,Medium,High,48
CLM3883,United Kingdom,Europe,18.8,1.4,3810,2.73,High,High,20
CLM3884,Canada,North America,11.1,1.68,1041,4.74,High,High,44
CLM3885,India,Asia,24.2,2.4,3935,2.5,High,Medium,14
CLM3886,United Kingdom,Europe,9.9,1.53,3382,2.26,Medium,Medium,15
CLM3887,Nigeria,Africa,15.4,2.07,3297,2.05,Medium,Low,27
CLM3888,United States,North America,14.4,2.46,5644,2.82,Low,High,49
CLM3889,Nigeria,Africa,11.7,0.6,1402,4.31,High,High,56
CLM3890,Germany,Europe,12.0,2.15,2665,2.67,Low,Low,51
CLM3891,Germany,Europe,26.8,0.55,5175,1.87,Medium,Medium,7
CLM3892,Nigeria,Africa,15.2,2.14,1479,3.37,High,Medium,54
CLM3893,Canada,North America,26.3,0.51,2849,4.65,Low,Medium,39
CLM3894,United Kingdom,Europe,17.7,2.27,5127,1.07,Medium,Low,24
CLM3895,Nigeria,Africa,22.1,2.3,427,2.99,Low,High,48
CLM3896,China,Asia,10.7,1.18,5744,4.76,Low,High,32
CLM3897,India,Asia,24.1,1.2,5164,5.56,High,High,32
CLM3898,United States,North America,20.7,2.43,1261,2.76,High,High,33
CLM3899,Pakistan,Asia,14.1,1.72,4855,2.58,Medium,Medium,52
CLM3900,United Kingdom,Europe,17.5,0.79,633,2.4,High,High,59
CLM3901,Australia,Oceania,24.2,2.45,853,5.12,Medium,Low,56
CLM3902,Australia,Oceania,13.4,2.24,819,2.87,High,Low,9
CLM3903,China,Asia,22.9,1.49,1462,1.96,Medium,High,22
CLM3904,Pakistan,Asia,23.1,1.01,2051,3.57,Medium,Medium,57
CLM3905,China,Asia,27.2,1.64,2888,1.47,High,High,44
CLM3906,India,Asia,13.9,1.88,3659,5.05,Medium,Low,7
CLM3907,United States,North America,18.6,0.93,1242,4.53,High,Low,35
CLM3908,Germany,Europe,23.5,2.22,4242,2.31,Medium,Low,28
CLM3909,Germany,Europe,16.4,2.28,1030,1.38,High,Low,43
CLM3910,Brazil,South America,16.8,0.97,2282,2.49,Medium,Medium,15
CLM3911,United Kingdom,Europe,23.5,1.79,1849,4.78,High,Medium,13
CLM3912,Canada,North America,9.6,1.39,3440,2.74,High,High,40
CLM3913,United Kingdom,Europe,21.9,1.84,1049,3.48,High,Low,59
CLM3914,Australia,Oceania,11.7,1.81,4458,4.1,Low,High,51
CLM3915,Germany,Europe,28.6,2.18,2487,4.73,Medium,High,42
CLM3916,Canada,North America,6.9,1.58,3735,4.61,Low,High,24
CLM3917,Germany,Europe,22.8,1.69,3151,3.39,High,Low,43
CLM3918,United Kingdom,Europe,15.6,0.62,3743,3.23,High,High,57
CLM3919,China,Asia,13.3,1.3,1241,5.41,Low,High,33
CLM3920,Canada,North America,24.6,1.17,4170,4.06,Medium,Medium,55
CLM3921,Canada,North America,28.9,1.29,4370,4.39,Low,Medium,57
CLM3922,Nigeria,Africa,6.9,0.78,1789,2.13,Low,Medium,42
CLM3923,United Kingdom,Europe,7.9,1.53,4777,1.45,High,High,52
CLM3924,United States,North America,28.6,1.3,5568,3.33,Medium,Medium,14
CLM3925,Canada,North America,12.0,1.98,4504,5.22,Medium,Medium,38
CLM3926,China,Asia,24.2,2.35,716,2.63,Low,Low,29
CLM3927,United Kingdom,Europe,5.7,1.92,2924,3.75,Medium,Low,53
CLM3928,China,Asia,14.6,2.26,1554,1.96,Low,Medium,53
CLM3929,Nigeria,Africa,10.0,1.77,4130,2.73,Low,Low,14
CLM3930,Canada,North America,16.4,1.17,2563,3.71,Medium,Low,28
CLM3931,Brazil,South America,17.5,0.6,1178,4.81,High,Medium,37
CLM3932,India,Asia,27.0,2.24,429,4.31,Medium,Low,49
CLM3933,Australia,Oceania,19.3,1.02,747,2.52,Medium,Low,17
CLM3934,India,Asia,7.0,1.08,4804,3.35,Low,Low,45
CLM3935,Nigeria,Africa,28.1,2.36,1818,1.6,Low,High,19
CLM3936,Pakistan,Asia,22.9,0.63,3558,2.79,Low,Low,13
CLM3937,China,Asia,29.3,2.08,1609,1.93,Medium,High,21
CLM3938,India,Asia,21.7,1.16,2461,3.92,Medium,Medium,40
CLM3939,Canada,North America,8.3,0.88,2996,1.95,Medium,Low,55
CLM3940,Pakistan,Asia,11.7,2.28,5445,4.06,High,Low,25
CLM3941,United Kingdom,Europe,8.9,1.52,2380,2.79,Low,Low,56
CLM3942,China,Asia,22.9,2.28,3181,4.65,Medium,Medium,51
CLM3943,Nigeria,Africa,13.3,0.99,1950,2.08,Low,High,20
CLM3944,Nigeria,Africa,15.5,0.9,2028,2.31,Low,Low,26
CLM3945,Pakistan,Asia,24.8,0.9,3468,2.85,Medium,High,14
CLM3946,Nigeria,Africa,27.0,1.87,4637,5.53,High,High,30
CLM3947,Nigeria,Africa,6.4,1.55,4966,1.4,High,Medium,11
CLM3948,Australia,Oceania,7.9,2.11,5104,5.47,High,Low,20
CLM3949,Nigeria,Africa,11.3,2.31,2134,3.47,Low,High,53
CLM3950,Brazil,South America,8.2,1.21,4713,4.45,Low,Low,12
CLM3951,Pakistan,Asia,15.8,2.31,880,3.83,Low,Medium,44
CLM3952,India,Asia,15.9,2.48,2190,4.29,High,High,55
CLM3953,Germany,Europe,23.4,1.84,1441,1.17,Medium,Low,56
CLM3954,Australia,Oceania,7.2,0.89,929,2.85,High,High,8
CLM3955,Australia,Oceania,6.5,2.33,5933,2.81,Low,Low,35
CLM3956,Nigeria,Africa,10.9,2.38,1961,5.5,Low,Medium,27
CLM3957,Australia,Oceania,15.5,1.86,721,3.82,High,Low,48
CLM3958,Germany,Europe,18.2,1.6,2834,1.88,High,High,10
CLM3959,Australia,Oceania,9.9,2.4,3939,2.08,Medium,High,14
CLM3960,Germany,Europe,6.0,0.96,1074,1.68,Medium,Low,36
CLM3961,Australia,Oceania,19.6,2.08,3084,4.77,Low,Low,13
CLM3962,China,Asia,27.6,0.99,1638,5.12,Low,Medium,17
CLM3963,United Kingdom,Europe,25.7,1.39,777,5.52,Low,Low,25
CLM3964,United States,North America,20.3,1.47,5894,2.86,Low,Medium,44
CLM3965,Canada,North America,7.2,2.48,4694,3.49,Medium,Low,32
CLM3966,Australia,Oceania,18.2,2.07,3364,1.62,High,Medium,45
CLM3967,China,Asia,22.2,1.39,1545,1.17,High,High,60
CLM3968,Nigeria,Africa,27.9,2.05,3929,4.98,Medium,Medium,41
CLM3969,United Kingdom,Europe,19.2,1.15,1641,1.97,Low,Medium,57
CLM3970,Nigeria,Africa,21.9,2.27,3263,1.19,Medium,Medium,11
CLM3971,Germany,Europe,16.2,0.69,1140,3.95,Medium,Medium,28
CLM3972,China,Asia,25.6,2.07,1855,1.49,High,Low,31
CLM3973,India,Asia,29.6,2.29,3417,4.48,High,High,37
CLM3974,Canada,North America,8.8,2.44,1346,2.81,High,Low,30
CLM3975,India,Asia,21.6,2.34,4820,4.88,Low,Medium,37
CLM3976,Brazil,South America,29.8,0.53,4739,3.53,High,Medium,26
CLM3977,Brazil,South America,11.8,2.15,1747,5.65,Low,High,22
CLM3978,United Kingdom,Europe,16.1,1.48,3624,5.91,High,Medium,43
CLM3979,Nigeria,Africa,12.4,2.12,2242,3.13,Low,High,39
CLM3980,Australia,Oceania,7.3,1.11,5002,4.98,Medium,High,33
CLM3981,United States,North America,25.7,1.19,627,3.86,High,Low,59
CLM3982,Canada,North America,14.6,1.92,1916,4.38,High,Low,28
CLM3983,Australia,Oceania,8.4,1.15,5121,1.61,High,Low,6
CLM3984,Australia,Oceania,29.8,1.27,2763,4.22,Medium,Medium,31
CLM3985,Pakistan,Asia,18.7,0.55,2571,4.14,Medium,Medium,20
CLM3986,Canada,North America,25.8,1.04,3419,5.33,High,High,11
CLM3987,Germany,Europe,14.9,1.07,3682,1.3,Low,Medium,20
CLM3988,China,Asia,16.7,0.98,5765,2.39,Medium,Medium,13
CLM3989,United Kingdom,Europe,28.7,2.14,4772,1.17,Low,High,13
CLM3990,Canada,North America,20.9,0.56,1390,1.66,Medium,Low,28
CLM3991,United Kingdom,Europe,23.7,1.57,5396,4.21,Medium,Medium,32
CLM3992,United Kingdom,Europe,24.8,0.77,5753,5.7,Low,Low,36
CLM3993,Nigeria,Africa,14.2,1.54,3154,2.54,Medium,Medium,33
CLM3994,Brazil,South America,8.6,0.62,677,3.4,Low,Low,44
CLM3995,Germany,Europe,19.9,1.11,810,1.93,High,Low,17
CLM3996,Canada,North America,24.3,1.66,5289,5.59,Medium,Medium,47
CLM3997,United States,North America,17.5,0.55,5737,3.79,Low,Medium,52
CLM3998,Pakistan,Asia,29.4,1.36,800,3.1,High,High,57
CLM3999,United Kingdom,Europe,7.2,2.12,2337,5.97,Low,High,54
CLM4000,Nigeria,Africa,16.8,1.86,2628,5.93,Medium,High,57
CLM4001,Germany,Europe,24.2,1.2,825,5.97,High,Medium,37
CLM4002,Canada,North America,26.7,1.82,3020,5.38,High,High,19
CLM4003,United States,North America,20.1,0.53,4951,3.32,Medium,Medium,19
CLM4004,Pakistan,Asia,20.2,1.5,5202,4.03,Low,Medium,58
CLM4005,United Kingdom,Europe,27.8,2.24,1116,5.22,Medium,High,36
CLM4006,India,Asia,21.9,1.18,4011,2.7,High,Low,58
CLM4007,Brazil,South America,5.0,0.5,3434,4.96,Low,Low,42
CLM4008,India,Asia,29.2,2.39,3375,5.99,Medium,Medium,35
CLM4009,China,Asia,19.1,0.86,3660,1.37,High,Medium,52
CLM4010,Nigeria,Africa,28.7,1.28,5583,5.3,High,Medium,45
CLM4011,United Kingdom,Europe,13.6,0.77,4208,4.42,Low,High,20
CLM4012,China,Asia,17.2,2.48,4135,2.57,Low,High,42
CLM4013,India,Asia,7.4,2.42,5324,1.68,High,Low,34
CLM4014,United States,North America,22.5,0.98,422,4.45,Medium,Medium,8
CLM4015,Nigeria,Africa,18.2,1.41,4328,2.89,High,Medium,7
CLM4016,China,Asia,11.7,0.89,5567,5.53,Medium,Medium,25
CLM4017,China,Asia,24.0,0.52,420,1.45,Low,Low,36
CLM4018,Canada,North America,13.5,2.0,5728,5.95,High,High,19
CLM4019,Nigeria,Africa,19.9,0.84,5563,3.82,High,Medium,24
CLM4020,Pakistan,Asia,26.6,1.16,1423,5.1,Medium,Medium,50
CLM4021,Germany,Europe,7.3,0.95,2958,2.07,High,High,59
CLM4022,Pakistan,Asia,10.0,0.96,545,2.92,Medium,Medium,14
CLM4023,Australia,Oceania,12.7,0.88,5025,1.39,High,Medium,60
CLM4024,India,Asia,19.7,2.36,3799,5.03,Low,Medium,58
CLM4025,India,Asia,28.6,1.81,1860,2.72,Medium,Low,6
CLM4026,China,Asia,12.3,1.55,4962,4.35,Low,Low,31
CLM4027,Brazil,South America,12.6,2.06,2641,1.04,Low,Low,38
CLM4028,Brazil,South America,6.9,0.76,2854,3.68,Medium,Low,42
CLM4029,Australia,Oceania,26.4,2.23,5907,1.66,High,High,31
CLM4030,India,Asia,9.6,2.32,3515,5.78,Low,Low,32
CLM4031,India,Asia,22.0,2.41,4385,1.11,Medium,Medium,36
CLM4032,China,Asia,9.5,0.76,1599,1.0,High,High,55
CLM4033,Germany,Europe,28.3,2.45,2368,2.67,High,Medium,52
CLM4034,Australia,Oceania,9.5,2.09,4703,5.43,Medium,Medium,21
CLM4035,China,Asia,7.6,2.11,3892,5.67,High,Medium,8
CLM4036,China,Asia,22.2,1.23,1439,1.1,Medium,Medium,45
CLM4037,United States,North America,17.8,0.73,3701,4.97,Medium,High,8
CLM4038,United Kingdom,Europe,11.5,1.0,1162,3.69,Low,Low,55
CLM4039,China,Asia,5.3,1.05,996,5.49,High,High,27
CLM4040,Australia,Oceania,17.0,2.08,3740,2.39,Low,Low,17
CLM4041,Germany,Europe,8.2,1.14,3909,5.46,Medium,Low,26
CLM4042,Canada,North America,15.1,1.65,3490,2.83,High,High,13
CLM4043,United States,North America,22.0,2.41,5887,2.72,Low,Low,22
CLM4044,India,Asia,8.5,1.17,586,5.99,Medium,Low,7
CLM4045,Pakistan,Asia,29.1,1.69,4401,3.84,Low,High,29
CLM4046,United Kingdom,Europe,18.7,0.94,1122,1.88,Low,High,13
CLM4047,Canada,North America,13.0,0.8,2834,3.98,Low,High,36
CLM4048,Nigeria,Africa,26.7,1.46,2153,1.77,Low,Medium,51
CLM4049,Germany,Europe,7.3,1.55,1959,3.93,Low,Low,17
CLM4050,United States,North America,12.8,1.16,1820,1.97,Low,Medium,41
CLM4051,United Kingdom,Europe,6.2,0.8,5883,2.73,Medium,Low,46
CLM4052,Canada,North America,9.7,1.8,3557,5.97,High,Medium,21
CLM4053,Pakistan,Asia,26.2,2.47,555,1.47,Low,Low,6
CLM4054,United Kingdom,Europe,5.7,1.94,1899,3.52,High,Medium,47
CLM4055,Australia,Oceania,22.5,1.26,616,2.56,Low,High,46
CLM4056,Brazil,South America,20.8,0.72,1577,4.78,Medium,Low,57
CLM4057,India,Asia,22.8,1.12,1646,5.63,Medium,Low,23
CLM4058,United States,North America,15.5,1.07,1985,2.9,Low,High,6
CLM4059,Canada,North America,20.3,1.66,810,5.61,High,High,33
CLM4060,India,Asia,11.7,1.54,5290,4.89,Low,Medium,26
CLM4061,Nigeria,Africa,6.8,2.39,5297,3.68,High,Low,25
CLM4062,Brazil,South America,15.1,1.42,2443,1.01,High,Low,40
CLM4063,Canada,North America,24.5,1.51,523,5.58,Low,High,43
CLM4064,Australia,Oceania,6.7,0.78,4503,3.16,Medium,Low,34
CLM4065,Australia,Oceania,13.3,0.97,3476,2.83,Low,High,21
CLM4066,India,Asia,27.7,1.23,5523,4.7,High,High,6
CLM4067,India,Asia,13.3,2.38,5045,4.06,Medium,Low,47
CLM4068,Australia,Oceania,29.8,1.9,2310,2.38,High,Medium,52
CLM4069,Canada,North America,15.9,0.79,3493,4.61,Low,High,54
CLM4070,Brazil,South America,9.9,2.3,5034,4.84,Medium,High,36
CLM4071,United Kingdom,Europe,12.4,1.06,1717,1.25,High,Low,34
CLM4072,Australia,Oceania,29.0,1.91,4148,1.67,Low,Low,18
CLM4073,Canada,North America,21.2,0.76,5463,1.52,Low,High,44
CLM4074,Pakistan,Asia,9.1,0.99,3502,2.18,High,Medium,55
CLM4075,United States,North America,25.8,1.12,2140,4.18,Medium,High,28
CLM4076,Pakistan,Asia,12.1,2.42,5680,1.06,High,Medium,32
CLM4077,Nigeria,Africa,16.0,1.48,2539,5.4,High,Medium,6
CLM4078,Pakistan,Asia,8.0,2.33,5151,3.24,High,High,28
CLM4079,India,Asia,25.6,0.87,900,3.35,Low,Low,14
CLM4080,United Kingdom,Europe,9.8,2.0,4146,1.3,High,Medium,41
CLM4081,Nigeria,Africa,23.5,1.29,1126,2.28,Low,Low,52
CLM4082,Pakistan,Asia,8.8,1.35,4547,2.14,Medium,High,11
CLM4083,United Kingdom,Europe,14.6,1.13,3527,4.04,Medium,Medium,60
CLM4084,China,Asia,20.4,0.9,1592,4.25,Medium,Medium,56
CLM4085,India,Asia,7.5,2.08,522,3.58,Low,Medium,50
CLM4086,Brazil,South America,26.9,1.44,4412,1.8,High,High,45
CLM4087,Canada,North America,11.4,1.49,4319,1.74,Medium,High,25
CLM4088,Brazil,South America,15.7,1.17,5920,1.17,Low,Medium,14
CLM4089,United Kingdom,Europe,21.2,0.59,1640,5.71,Low,Medium,32
CLM4090,India,Asia,29.4,1.28,3072,5.06,High,High,23
CLM4091,Brazil,South America,20.8,2.19,4311,4.32,Low,High,25
CLM4092,India,Asia,19.1,2.14,2271,2.8,High,Medium,55
CLM4093,China,Asia,22.0,2.17,3707,3.82,Low,High,26
CLM4094,Nigeria,Africa,24.1,2.21,3995,3.0,High,Medium,48
CLM4095,India,Asia,9.8,0.75,578,3.79,Medium,Medium,45
CLM4096,Germany,Europe,15.2,0.64,3120,3.85,Low,High,53
CLM4097,Nigeria,Africa,12.2,0.74,3806,1.95,Medium,Low,42
CLM4098,Australia,Oceania,18.0,1.62,1354,1.88,High,Medium,5
CLM4099,India,Asia,14.3,0.7,4094,3.01,Medium,Low,15
CLM4100,India,Asia,5.9,0.53,3873,5.12,High,Low,22
CLM4101,Canada,North America,23.2,1.21,1494,3.97,Low,Low,55
CLM4102,Brazil,South America,25.5,1.03,5945,1.61,High,Low,40
CLM4103,Brazil,South America,16.6,1.47,1896,5.43,Low,Medium,15
CLM4104,Pakistan,Asia,14.5,1.66,5942,2.36,Low,High,39
CLM4105,Canada,North America,23.6,1.46,4335,2.69,Low,Medium,19
CLM4106,United States,North America,29.1,1.05,3905,3.57,Medium,Low,36
CLM4107,Germany,Europe,22.2,1.03,4239,2.52,High,Low,58
CLM4108,United Kingdom,Europe,24.7,0.62,4086,3.79,Low,High,56
CLM4109,United States,North America,17.6,2.36,5992,4.07,Low,Medium,29
CLM4110,Australia,Oceania,5.5,0.95,3338,1.59,Medium,Low,21
CLM4111,Canada,North America,23.7,1.58,3200,1.62,Medium,Medium,54
CLM4112,Nigeria,Africa,24.0,1.59,1551,5.18,Low,Medium,40
CLM4113,India,Asia,15.5,1.42,5296,3.87,High,High,46
CLM4114,Canada,North America,20.6,1.72,2554,3.27,Low,Low,22
CLM4115,India,Asia,21.2,0.7,1423,2.64,Low,Low,56
CLM4116,Canada,North America,11.4,2.25,636,1.68,High,Low,18
CLM4117,India,Asia,23.1,0.58,4318,5.91,Low,High,54
CLM4118,Canada,North America,21.3,1.96,4193,2.89,Medium,High,34
CLM4119,Australia,Oceania,10.2,0.67,5759,5.45,Low,Low,19
CLM4120,United Kingdom,Europe,23.5,1.64,844,4.22,Medium,Low,33
CLM4121,Germany,Europe,5.4,1.83,5936,5.64,Low,Low,34
CLM4122,China,Asia,17.7,1.11,3169,4.87,High,Medium,17
CLM4123,United Kingdom,Europe,11.5,1.87,5425,5.32,High,Low,27
CLM4124,Nigeria,Africa,5.2,1.45,1317,5.71,Medium,Medium,47
CLM4125,Brazil,South America,15.5,2.02,2986,5.39,Medium,Medium,19
CLM4126,United Kingdom,Europe,9.3,2.14,3818,2.08,Medium,Medium,25
CLM4127,Germany,Europe,25.1,2.23,353,3.2,High,High,50
CLM4128,United States,North America,26.7,0.75,2384,2.78,Low,Medium,36
CLM4129,Australia,Oceania,8.5,2.12,1649,2.16,Low,Low,60
CLM4130,India,Asia,12.2,2.38,3981,3.06,Medium,Medium,56
CLM4131,United States,North America,27.5,1.8,578,4.44,Medium,Low,34
CLM4132,Germany,Europe,12.8,2.36,721,4.34,High,High,41
CLM4133,Nigeria,Africa,27.4,1.49,2402,3.84,Medium,Low,43
CLM4134,Canada,North America,27.2,2.42,5977,2.23,Low,Medium,41
CLM4135,Nigeria,Africa,11.9,0.53,593,4.95,Low,Medium,16
CLM4136,Nigeria,Africa,20.9,1.84,3322,4.09,High,Low,48
CLM4137,Pakistan,Asia,6.2,1.56,3374,1.28,Low,Low,28
CLM4138,China,Asia,21.2,1.31,1740,1.1,High,Low,19
CLM4139,Brazil,South America,10.7,2.41,4522,2.32,Low,Medium,25
CLM4140,Germany,Europe,15.5,0.94,1246,4.51,Low,Low,22
CLM4141,Canada,North America,27.1,2.15,4133,2.38,Low,Medium,35
CLM4142,China,Asia,20.8,2.03,5087,4.73,High,Low,35
CLM4143,China,Asia,20.1,1.49,3332,4.42,Medium,Medium,42
CLM4144,Germany,Europe,12.2,2.2,4220,3.5,Low,Medium,10
CLM4145,Pakistan,Asia,19.4,0.83,1147,1.93,Low,Medium,38
CLM4146,Australia,Oceania,12.8,1.48,3466,4.87,Low,Low,26
CLM4147,Australia,Oceania,27.4,1.29,1799,2.87,Medium,Low,8
CLM4148,Brazil,South America,27.6,0.8,4080,2.66,High,Medium,49
CLM4149,Brazil,South America,6.8,2.42,2484,2.48,Low,High,45
CLM4150,United Kingdom,Europe,5.0,1.32,1871,3.75,Low,Medium,15
CLM4151,Germany,Europe,22.0,2.37,1869,3.05,High,Medium,7
CLM4152,Pakistan,Asia,19.4,0.65,550,5.17,High,Medium,56
CLM4153,Brazil,South America,17.5,1.43,1295,5.95,High,Medium,14
CLM4154,Pakistan,Asia,13.0,2.0,3569,1.84,Low,High,51
CLM4155,United States,North America,18.5,1.43,2810,1.39,Medium,Medium,14
CLM4156,Canada,North America,20.4,1.44,1790,2.1,Low,Medium,10
CLM4157,Australia,Oceania,5.0,0.68,4448,2.17,High,Low,12
CLM4158,India,Asia,28.6,2.4,3897,5.13,Medium,Medium,22
CLM4159,India,Asia,15.4,0.67,3909,1.65,High,High,37
CLM4160,Germany,Europe,29.9,2.35,2821,4.79,Low,Low,56
CLM4161,Brazil,South America,20.4,0.94,988,3.96,Low,Medium,35
CLM4162,India,Asia,25.4,1.93,2099,5.27,Medium,High,11
CLM4163,United Kingdom,Europe,24.8,1.26,1800,1.11,Medium,High,34
CLM4164,Pakistan,Asia,27.6,0.61,5448,4.79,Medium,High,9
CLM4165,Nigeria,Africa,5.1,1.04,2171,4.26,Medium,Medium,25
CLM4166,United Kingdom,Europe,11.2,0.96,2459,1.11,Low,High,9
CLM4167,Australia,Oceania,12.5,1.32,3223,4.87,Low,Medium,6
CLM4168,Australia,Oceania,24.2,1.85,5463,3.83,Medium,Medium,40
CLM4169,Pakistan,Asia,23.4,1.43,1645,1.95,High,Medium,43
CLM4170,Pakistan,Asia,18.3,1.39,4285,1.94,Low,Medium,12
CLM4171,Germany,Europe,19.6,1.18,1760,3.57,Low,Medium,44
CLM4172,Canada,North America,8.9,1.7,5345,5.93,High,High,6
CLM4173,Nigeria,Africa,13.4,1.11,2928,5.68,Low,High,50
CLM4174,China,Asia,18.3,2.1,1490,2.54,High,Medium,24
CLM4175,United Kingdom,Europe,21.6,2.39,4893,3.28,High,Low,13
CLM4176,Canada,North America,7.1,1.83,1427,4.91,Low,Medium,53
CLM4177,United Kingdom,Europe,8.2,2.05,3039,3.98,High,Medium,18
CLM4178,United Kingdom,Europe,9.5,0.92,4630,5.54,Medium,Medium,23
CLM4179,United Kingdom,Europe,18.8,2.36,1754,2.04,Medium,High,28
CLM4180,Australia,Oceania,9.5,1.13,4126,4.88,Medium,High,59
CLM4181,Nigeria,Africa,5.3,1.06,5951,4.02,Low,Low,8
CLM4182,United Kingdom,Europe,6.7,0.79,2505,5.33,Medium,High,24
CLM4183,China,Asia,15.3,1.65,1865,2.19,High,Medium,38
CLM4184,Canada,North America,21.2,0.92,480,3.99,Low,Medium,49
CLM4185,United States,North America,21.1,1.17,2486,1.68,Medium,Low,59
CLM4186,United States,North America,12.2,1.41,1430,2.32,Low,High,27
CLM4187,Australia,Oceania,7.2,0.75,1724,3.25,Low,High,13
CLM4188,Brazil,South America,21.5,0.91,3850,4.88,Medium,High,46
CLM4189,China,Asia,13.1,1.42,3919,3.62,Medium,Low,14
CLM4190,Nigeria,Africa,6.0,1.83,1251,2.08,Low,High,11
CLM4191,Australia,Oceania,14.4,1.29,3646,4.62,High,High,58
CLM4192,India,Asia,8.8,2.38,2967,4.06,Medium,High,11
CLM4193,Brazil,South America,27.6,1.09,721,4.12,High,Low,11
CLM4194,United Kingdom,Europe,18.6,1.17,1643,4.77,High,High,36
CLM4195,Germany,Europe,29.4,2.07,4466,5.7,High,High,53
CLM4196,United States,North America,18.3,2.08,3309,5.77,Medium,Medium,58
CLM4197,Brazil,South America,11.2,1.92,4582,5.37,High,Medium,51
CLM4198,Pakistan,Asia,19.9,1.43,2961,4.21,Medium,Medium,28
CLM4199,India,Asia,14.6,1.75,5493,2.92,Medium,Medium,60
CLM4200,Germany,Europe,13.9,1.32,5181,1.68,Low,High,60
CLM4201,Brazil,South America,12.9,1.82,2290,2.62,Medium,High,13
CLM4202,United States,North America,12.1,0.97,4990,1.33,Medium,Low,25
CLM4203,Nigeria,Africa,16.7,2.49,1547,5.21,Low,Low,60
CLM4204,Australia,Oceania,13.8,0.51,5112,5.0,High,Low,25
CLM4205,India,Asia,22.7,2.46,1054,5.25,High,Low,41
CLM4206,Brazil,South America,26.0,1.61,3607,2.14,Medium,High,17
CLM4207,United States,North America,10.6,0.95,5598,4.92,Medium,Medium,8
CLM4208,United Kingdom,Europe,26.1,1.19,4993,3.61,Medium,High,33
CLM4209,Germany,Europe,10.4,2.12,1957,3.97,Medium,Medium,58
CLM4210,China,Asia,10.8,0.67,3119,1.7,Low,High,57
CLM4211,India,Asia,11.1,0.9,3530,2.61,Low,Low,54
CLM4212,United Kingdom,Europe,19.9,0.79,1482,5.52,Low,Low,35
CLM4213,Pakistan,Asia,18.4,2.16,739,2.1,High,Medium,22
CLM4214,Pakistan,Asia,6.8,1.55,2080,1.41,Low,Low,26
CLM4215,Germany,Europe,26.8,1.61,4180,1.89,Low,High,44
CLM4216,Brazil,South America,19.0,0.87,481,3.03,Medium,Low,29
CLM4217,United Kingdom,Europe,23.0,0.95,3717,3.34,Medium,Medium,19
CLM4218,United Kingdom,Europe,22.0,2.49,4302,3.52,High,Medium,18
CLM4219,Pakistan,Asia,20.3,0.74,2172,5.51,High,Low,16
CLM4220,Brazil,South America,15.2,0.92,607,4.96,High,Medium,13
CLM4221,United Kingdom,Europe,14.0,1.81,4012,1.28,Low,Low,12
CLM4222,Brazil,South America,9.1,1.83,5447,5.45,Medium,Low,12
CLM4223,China,Asia,5.3,2.08,5672,2.98,Medium,High,25
CLM4224,Germany,Europe,20.9,1.03,1088,5.28,High,Low,6
CLM4225,Germany,Europe,18.5,1.42,4676,1.44,Medium,Low,14
CLM4226,Nigeria,Africa,21.7,1.21,2188,4.54,Low,Low,26
CLM4227,Brazil,South America,23.2,1.38,1588,1.22,High,Low,48
CLM4228,Pakistan,Asia,16.3,0.71,3526,3.17,Low,High,43
CLM4229,Pakistan,Asia,27.6,0.84,3680,3.12,Medium,Low,16
CLM4230,Germany,Europe,22.5,1.42,1594,1.71,Medium,Low,59
CLM4231,Germany,Europe,18.0,1.06,2972,4.59,Low,Low,15
CLM4232,Nigeria,Africa,20.8,2.43,2333,1.8,Medium,Low,23
CLM4233,Canada,North America,21.2,0.55,4319,4.8,Low,High,21
CLM4234,Canada,North America,17.3,1.36,5818,1.6,Medium,Low,16
CLM4235,China,Asia,6.0,1.96,5729,2.23,Low,Medium,40
CLM4236,Pakistan,Asia,13.4,0.68,1462,4.97,Medium,Low,41
CLM4237,United States,North America,5.4,2.33,3215,4.23,High,High,38
CLM4238,Pakistan,Asia,20.5,0.86,4715,1.3,Medium,Medium,25
CLM4239,India,Asia,25.7,1.6,5536,1.38,Medium,Low,37
CLM4240,Nigeria,Africa,17.4,2.37,5826,2.81,High,Low,30
CLM4241,United Kingdom,Europe,11.1,1.86,4226,5.18,Low,Low,18
CLM4242,United Kingdom,Europe,12.8,1.04,1490,1.34,High,Low,52
CLM4243,Nigeria,Africa,9.9,1.61,3539,5.95,Low,Medium,9
CLM4244,Brazil,South America,14.7,1.52,4056,5.32,Medium,Medium,60
CLM4245,United States,North America,29.6,1.61,2303,2.37,Medium,Low,30
CLM4246,Canada,North America,8.5,2.22,750,3.29,Low,Low,45
CLM4247,Nigeria,Africa,26.7,1.17,447,4.15,Low,Low,43
CLM4248,Nigeria,Africa,27.5,0.8,4184,3.36,Low,Low,50
CLM4249,Germany,Europe,24.5,1.78,3176,5.09,Medium,Low,5
CLM4250,Germany,Europe,13.7,2.36,4389,2.93,High,Medium,27
CLM4251,China,Asia,29.6,0.88,4904,4.32,High,Medium,45
CLM4252,Germany,Europe,15.4,2.07,3587,5.8,High,Medium,56
CLM4253,United Kingdom,Europe,13.0,1.07,1390,1.64,Low,Medium,49
CLM4254,United Kingdom,Europe,15.7,0.79,3654,5.91,High,Medium,18
CLM4255,Canada,North America,6.5,1.83,2870,1.51,Medium,Medium,8
CLM4256,China,Asia,7.8,1.03,3201,2.39,High,Low,27
CLM4257,United States,North America,17.5,2.46,1445,3.02,Low,Medium,46
CLM4258,United Kingdom,Europe,5.1,2.19,1141,4.68,Medium,Medium,15
CLM4259,Pakistan,Asia,19.8,0.59,4750,3.32,Medium,High,48
CLM4260,Brazil,South America,21.0,2.34,4968,4.42,High,Medium,42
CLM4261,Canada,North America,16.8,0.87,2362,5.16,Medium,High,55
CLM4262,United States,North America,10.4,2.24,1807,2.84,Low,Medium,35
CLM4263,United Kingdom,Europe,13.2,1.73,4772,4.06,Low,High,39
CLM4264,Pakistan,Asia,19.4,2.1,5572,4.66,Low,High,34
CLM4265,Pakistan,Asia,14.3,1.63,2698,4.42,Medium,High,6
CLM4266,Pakistan,Asia,12.5,1.52,5020,4.91,Low,High,14
CLM4267,Germany,Europe,23.8,1.36,2856,3.2,High,Low,49
CLM4268,Nigeria,Africa,8.5,2.15,5196,2.53,Low,High,20
CLM4269,United States,North America,28.0,0.98,4042,1.98,Low,High,47
CLM4270,Canada,North America,15.1,0.6,3410,1.64,Low,Low,33
CLM4271,Canada,North America,21.9,1.99,4305,3.98,High,Low,24
CLM4272,Germany,Europe,20.0,2.39,4662,3.93,Medium,Low,40
CLM4273,Canada,North America,12.0,1.83,2761,4.0,Low,Medium,26
CLM4274,Germany,Europe,29.0,1.85,2436,3.43,Medium,Low,25
CLM4275,India,Asia,25.8,1.82,1090,1.33,High,High,21
CLM4276,United Kingdom,Europe,8.9,0.97,1473,1.04,Medium,Medium,44
CLM4277,Pakistan,Asia,17.4,0.62,3622,1.41,High,Medium,60
CLM4278,Brazil,South America,27.5,1.4,5810,5.79,High,Low,55
CLM4279,India,Asia,29.5,0.65,1333,4.02,Low,High,59
CLM4280,Brazil,South America,12.0,1.57,3352,5.9,Medium,Low,14
CLM4281,Pakistan,Asia,25.1,2.18,4594,1.56,Low,Low,58
CLM4282,Nigeria,Africa,9.2,2.25,3649,4.68,High,High,57
CLM4283,India,Asia,10.7,0.72,3602,2.88,Low,Low,19
CLM4284,United States,North America,8.5,1.31,885,2.57,Medium,Low,17
CLM4285,Pakistan,Asia,12.6,0.82,5846,2.58,Medium,Low,29
CLM4286,Australia,Oceania,11.6,1.68,5749,4.88,High,High,60
CLM4287,Canada,North America,12.2,0.84,3919,4.28,High,Medium,57
CLM4288,India,Asia,15.8,0.58,3462,1.92,High,Low,59
CLM4289,United States,North America,28.7,2.48,1549,5.57,Low,Medium,25
CLM4290,United Kingdom,Europe,20.3,0.6,5819,2.02,Medium,Medium,60
CLM4291,Germany,Europe,5.1,1.14,5993,2.08,High,Low,12
CLM4292,Nigeria,Africa,15.2,1.03,977,5.21,Medium,Medium,60
CLM4293,Canada,North America,21.1,0.53,5587,4.43,Medium,High,36
CLM4294,Germany,Europe,16.3,2.32,2526,4.21,High,Low,24
CLM4295,Nigeria,Africa,24.5,0.86,1715,2.64,Medium,Low,43
CLM4296,Nigeria,Africa,23.5,1.87,1412,1.82,Medium,High,22
CLM4297,Germany,Europe,24.1,0.66,1342,3.0,Low,Low,36
CLM4298,China,Asia,13.2,1.9,4061,1.81,Medium,Medium,38
CLM4299,Germany,Europe,23.6,1.38,3202,2.72,High,High,29
CLM4300,United States,North America,13.9,0.98,965,5.92,High,High,36
CLM4301,Germany,Europe,10.4,1.46,4493,1.86,Low,Medium,18
CLM4302,United Kingdom,Europe,17.6,0.78,5961,4.85,Low,Medium,59
CLM4303,Pakistan,Asia,28.3,1.65,1224,2.51,Medium,Medium,54
CLM4304,India,Asia,5.1,1.74,2052,3.95,High,High,17
CLM4305,Germany,Europe,24.2,1.21,2810,1.69,High,High,26
CLM4306,Pakistan,Asia,11.9,1.31,5697,5.38,Low,High,19
CLM4307,Germany,Europe,12.2,1.23,3148,3.03,Medium,High,18
CLM4308,United States,North America,14.7,2.31,1527,2.58,High,High,49
CLM4309,Canada,North America,9.0,2.13,3390,1.4,Medium,High,56
CLM4310,United States,North America,18.9,0.52,3310,5.07,High,Low,34
CLM4311,United States,North America,19.1,2.42,3139,4.06,Low,Medium,27
CLM4312,Pakistan,Asia,10.7,2.25,4985,3.23,Medium,High,34
CLM4313,Pakistan,Asia,22.4,1.39,487,2.73,Low,High,23
CLM4314,United Kingdom,Europe,12.1,2.22,1202,5.85,Low,High,56
CLM4315,Australia,Oceania,27.9,1.75,3202,5.24,Low,High,49
CLM4316,Canada,North America,9.6,0.68,5355,5.26,High,Low,15
CLM4317,Canada,North America,18.7,1.5,1272,3.65,High,Medium,48
CLM4318,Canada,North America,26.4,1.47,2836,5.79,Medium,Low,13
CLM4319,Australia,Oceania,23.2,0.63,1839,1.74,Medium,Low,33
CLM4320,India,Asia,13.9,2.38,3275,3.99,Medium,Low,45
CLM4321,India,Asia,10.1,1.31,1502,3.83,Low,Medium,48
CLM4322,Australia,Oceania,6.6,1.57,788,4.91,High,Low,40
CLM4323,Brazil,South America,16.7,1.76,2596,3.85,Medium,Low,41
CLM4324,Germany,Europe,11.7,1.02,3963,3.75,Medium,Medium,23
CLM4325,Nigeria,Africa,9.7,1.93,862,5.11,Medium,Low,30
CLM4326,Australia,Oceania,16.7,1.38,3000,4.31,Medium,Medium,32
CLM4327,China,Asia,6.4,0.88,1156,3.66,Medium,Medium,47
CLM4328,Nigeria,Africa,11.2,1.43,3025,4.69,High,High,54
CLM4329,Germany,Europe,13.9,2.13,3369,5.59,Medium,Low,33
CLM4330,India,Asia,11.3,1.64,1048,5.43,Medium,Low,19
CLM4331,Pakistan,Asia,24.2,1.69,2393,2.68,Low,Medium,57
CLM4332,Pakistan,Asia,26.0,2.01,5647,5.46,Medium,High,7
CLM4333,Pakistan,Asia,5.7,0.66,2995,2.0,Medium,Low,48
CLM4334,China,Asia,26.1,1.75,3255,5.02,Medium,Low,45
CLM4335,China,Asia,5.3,1.9,2691,4.49,Medium,High,31
CLM4336,India,Asia,14.2,1.47,990,5.01,Medium,Low,12
CLM4337,China,Asia,23.5,0.73,1565,3.17,Low,Low,54
CLM4338,China,Asia,21.3,2.39,5255,2.89,Medium,Medium,59
CLM4339,Pakistan,Asia,18.3,1.92,2717,3.88,High,High,54
CLM4340,United Kingdom,Europe,27.6,2.44,3932,4.06,Low,Medium,29
CLM4341,Pakistan,Asia,6.8,0.53,826,2.3,High,High,12
CLM4342,Nigeria,Africa,28.5,1.63,2937,4.13,High,High,33
CLM4343,Pakistan,Asia,22.1,0.71,2123,1.92,Low,Medium,18
CLM4344,China,Asia,11.7,0.99,3570,1.53,High,High,21
CLM4345,Nigeria,Africa,14.3,1.18,4252,5.23,High,Medium,28
CLM4346,Brazil,South America,21.5,1.68,5037,5.34,High,Medium,5
CLM4347,United Kingdom,Europe,23.8,1.8,2121,4.48,Low,High,11
CLM4348,Germany,Europe,9.9,1.07,2893,5.0,Low,Low,35
CLM4349,Canada,North America,25.4,2.35,4138,3.17,Medium,Medium,35
CLM4350,United Kingdom,Europe,23.6,2.21,760,1.67,High,Low,48
CLM4351,United Kingdom,Europe,13.9,1.54,1216,4.52,Low,Low,53
CLM4352,Canada,North America,18.2,0.97,3965,3.52,Low,Low,22
CLM4353,Pakistan,Asia,6.0,2.1,3396,2.99,Medium,High,22
CLM4354,China,Asia,14.7,2.04,2209,5.04,Medium,High,60
CLM4355,Canada,North America,22.2,1.78,1403,3.77,Low,High,18
CLM4356,Australia,Oceania,25.7,1.47,5011,2.0,Medium,Low,47
CLM4357,Pakistan,Asia,24.8,1.29,3076,1.21,Medium,Medium,44
CLM4358,Pakistan,Asia,12.9,0.77,2986,5.47,High,Low,49
CLM4359,Nigeria,Africa,25.7,2.35,3400,1.94,Low,High,23
CLM4360,Nigeria,Africa,26.6,1.92,1509,2.71,High,Medium,7
CLM4361,Canada,North America,27.1,2.32,5161,5.03,Low,High,39
CLM4362,Brazil,South America,22.5,0.89,1862,4.65,Low,Medium,12
CLM4363,Nigeria,Africa,22.1,1.93,2110,2.14,Low,Medium,51
CLM4364,China,Asia,7.6,1.47,4578,3.59,High,Medium,7
CLM4365,United Kingdom,Europe,6.1,1.94,4637,1.82,Low,Low,27
CLM4366,Canada,North America,21.2,0.9,1248,5.21,Medium,Low,9
CLM4367,Canada,North America,16.2,0.96,5510,4.66,High,High,52
CLM4368,Brazil,South America,7.6,2.23,5380,3.68,Medium,Low,11
CLM4369,Brazil,South America,22.6,2.04,5658,2.78,Low,Low,39
CLM4370,Brazil,South America,17.0,0.61,308,2.92,Medium,High,38
CLM4371,Australia,Oceania,11.5,1.42,4029,2.28,Low,Low,12
CLM4372,United Kingdom,Europe,12.4,1.87,4275,5.36,High,Low,11
CLM4373,Australia,Oceania,22.3,1.95,5576,3.91,High,High,43
CLM4374,Pakistan,Asia,27.4,1.5,5455,3.37,Medium,Medium,22
CLM4375,India,Asia,16.8,2.13,3385,3.7,High,Low,49
CLM4376,Germany,Europe,9.4,2.45,365,1.4,High,Medium,5
CLM4377,China,Asia,25.0,1.2,3781,4.43,Low,Medium,26
CLM4378,Germany,Europe,26.0,0.63,3950,4.22,Medium,Low,53
CLM4379,United Kingdom,Europe,26.1,1.28,2007,1.26,High,High,18
CLM4380,Canada,North America,29.9,2.38,879,2.43,Low,Medium,24
CLM4381,China,Asia,8.4,2.41,1854,5.13,Low,Medium,15
CLM4382,United Kingdom,Europe,5.8,2.02,1310,1.16,Low,Low,18
CLM4383,Germany,Europe,14.2,0.87,4774,4.42,Medium,Low,48
CLM4384,Germany,Europe,20.6,0.6,2308,4.45,Low,Low,7
CLM4385,Germany,Europe,24.0,1.22,5907,2.34,Low,Low,15
CLM4386,Germany,Europe,15.2,2.12,4094,5.95,Low,High,7
CLM4387,China,Asia,27.4,0.7,2800,4.89,High,High,24
CLM4388,Germany,Europe,19.2,2.33,4628,4.54,Medium,High,22
CLM4389,China,Asia,12.1,1.84,1611,3.44,Low,High,19
CLM4390,United Kingdom,Europe,14.3,2.22,989,5.35,High,Medium,50
CLM4391,Brazil,South America,15.8,2.1,2290,2.83,Medium,High,27
CLM4392,Pakistan,Asia,6.4,1.47,3594,3.59,Low,Low,38
CLM4393,Brazil,South America,5.6,0.68,5070,3.01,Medium,Medium,10
CLM4394,United Kingdom,Europe,24.2,1.5,5588,2.16,Low,High,10
CLM4395,India,Asia,26.5,0.57,1053,3.2,High,Low,58
CLM4396,Pakistan,Asia,27.4,1.78,1030,5.05,Medium,High,58
CLM4397,India,Asia,20.8,1.68,3079,5.01,High,Low,55
CLM4398,Canada,North America,19.0,1.52,2360,3.18,Medium,Low,32
CLM4399,United Kingdom,Europe,10.6,1.23,824,5.36,Medium,High,58
CLM4400,China,Asia,23.0,0.87,1584,5.17,Low,High,21
CLM4401,United Kingdom,Europe,16.0,1.64,1635,3.16,High,High,46
CLM4402,China,Asia,15.2,2.26,1333,5.54,Low,Medium,33
CLM4403,Germany,Europe,26.7,0.79,2758,4.26,High,Medium,23
CLM4404,China,Asia,20.1,1.57,1316,1.19,Medium,Medium,42
CLM4405,United Kingdom,Europe,20.2,2.39,5177,1.17,Low,Medium,16
CLM4406,India,Asia,26.2,1.45,3660,2.9,Low,Low,52
CLM4407,Germany,Europe,13.5,1.75,577,5.7,High,Medium,8
CLM4408,United Kingdom,Europe,11.8,2.08,3777,4.26,High,Low,27
CLM4409,United Kingdom,Europe,15.4,1.62,2358,5.21,Low,Low,39
CLM4410,Nigeria,Africa,29.3,1.82,2328,1.48,High,Medium,29
CLM4411,Brazil,South America,18.6,1.74,1755,2.39,Medium,Low,56
CLM4412,Canada,North America,6.2,0.87,1217,2.9,Medium,High,27
CLM4413,Australia,Oceania,16.2,1.72,3694,5.16,Low,Medium,33
CLM4414,Canada,North America,21.7,2.36,2799,5.06,Medium,Medium,20
CLM4415,India,Asia,8.3,1.26,650,1.09,Medium,Low,44
CLM4416,Pakistan,Asia,16.2,1.93,3551,3.87,Medium,Medium,12
CLM4417,Canada,North America,7.8,2.27,3377,2.18,High,Medium,40
CLM4418,Pakistan,Asia,9.3,2.49,1291,2.85,Medium,Low,60
CLM4419,China,Asia,28.2,1.98,902,3.82,High,High,49
CLM4420,United Kingdom,Europe,13.3,1.29,4760,4.65,Low,Medium,11
CLM4421,United Kingdom,Europe,10.6,2.3,1760,3.84,High,Medium,19
CLM4422,India,Asia,22.4,0.56,3610,3.13,Medium,Medium,46
CLM4423,United Kingdom,Europe,29.1,1.96,517,1.05,Medium,Medium,18
CLM4424,United States,North America,11.3,1.39,3421,5.63,Low,Medium,5
CLM4425,Canada,North America,28.9,1.3,5395,1.1,Medium,Low,16
CLM4426,India,Asia,17.6,1.08,5062,2.04,Low,Low,17
CLM4427,Germany,Europe,7.4,1.35,5382,1.06,Medium,Medium,5
CLM4428,China,Asia,13.9,1.45,2904,3.81,Low,Low,20
CLM4429,Nigeria,Africa,25.2,1.75,4257,3.62,Low,Low,41
CLM4430,India,Asia,15.0,2.08,5319,4.24,High,High,58
CLM4431,India,Asia,23.0,1.24,2886,5.21,High,Low,15
CLM4432,United Kingdom,Europe,29.0,2.15,3041,4.94,Medium,Medium,58
CLM4433,Australia,Oceania,5.8,1.9,1231,1.59,Low,High,53
CLM4434,United States,North America,7.2,1.8,5565,2.21,Medium,Low,25
CLM4435,India,Asia,20.7,0.8,2144,3.21,Low,Low,25
CLM4436,United States,North America,25.4,1.38,5643,5.81,Medium,High,21
CLM4437,United Kingdom,Europe,17.6,1.71,848,2.45,Medium,High,21
CLM4438,Pakistan,Asia,22.3,1.02,691,2.65,High,High,17
CLM4439,India,Asia,18.7,1.95,5477,3.86,Low,Medium,5
CLM4440,Australia,Oceania,19.6,1.74,5479,1.49,Low,Low,38
CLM4441,Germany,Europe,15.2,1.44,5909,2.17,Medium,High,15
CLM4442,United States,North America,20.9,1.22,5159,1.69,Medium,Low,15
CLM4443,India,Asia,6.4,0.66,1511,3.05,Medium,Medium,26
CLM4444,Nigeria,Africa,28.2,0.55,3148,2.61,High,Medium,8
CLM4445,United States,North America,12.6,2.46,2039,1.31,Medium,Medium,13
CLM4446,United States,North America,22.5,2.45,1322,3.55,High,Low,49
CLM4447,Germany,Europe,10.1,1.59,3247,2.14,Medium,High,8
CLM4448,Germany,Europe,18.5,2.21,4595,3.59,Low,High,37
CLM4449,Australia,Oceania,20.1,1.79,5137,5.7,High,Low,5
CLM4450,United Kingdom,Europe,25.8,0.63,2060,1.2,Low,Low,24
CLM4451,Germany,Europe,7.6,0.52,2901,3.86,Medium,Medium,43
CLM4452,United States,North America,26.1,1.95,1515,4.92,High,Medium,32
CLM4453,Brazil,South America,11.2,1.03,2461,1.13,Low,Medium,29
CLM4454,United States,North America,7.7,1.54,5488,2.0,Medium,Medium,28
CLM4455,Canada,North America,21.0,2.34,2990,4.82,Medium,High,58
CLM4456,Nigeria,Africa,9.1,1.6,3530,1.94,High,Medium,9
CLM4457,Nigeria,Africa,20.2,2.1,2295,2.63,High,Medium,57
CLM4458,India,Asia,20.0,2.08,411,1.41,High,Low,34
CLM4459,Pakistan,Asia,7.5,2.45,2887,4.45,Medium,Medium,25
CLM4460,China,Asia,17.8,1.91,3313,4.89,Medium,High,12
CLM4461,Brazil,South America,7.3,2.48,2132,5.09,High,High,48
CLM4462,Brazil,South America,27.0,0.75,5452,4.92,Low,Medium,55
CLM4463,United Kingdom,Europe,14.9,0.72,1031,1.8,High,Low,51
CLM4464,Canada,North America,25.3,1.37,3869,5.87,Low,High,53
CLM4465,Australia,Oceania,17.7,1.76,4915,1.67,Low,Low,40
CLM4466,Brazil,South America,11.3,0.57,4501,3.57,Medium,Medium,36
CLM4467,United Kingdom,Europe,13.3,1.36,4878,5.27,Low,Medium,17
CLM4468,Brazil,South America,25.9,1.73,4870,4.74,Medium,Low,20
CLM4469,United States,North America,10.9,0.93,3814,2.24,Low,Low,14
CLM4470,Nigeria,Africa,27.1,0.66,3667,1.04,High,High,12
CLM4471,Australia,Oceania,13.5,0.66,591,5.87,Medium,High,9
CLM4472,Canada,North America,7.6,1.44,3237,2.73,Low,High,15
CLM4473,Germany,Europe,16.6,1.11,2030,5.99,High,Low,6
CLM4474,Germany,Europe,17.2,1.18,2092,2.61,Medium,High,50
CLM4475,Australia,Oceania,19.9,1.77,3390,3.69,High,Medium,57
CLM4476,India,Asia,17.7,2.34,5298,2.81,High,Medium,8
CLM4477,United States,North America,20.7,0.62,1625,4.4,Medium,Low,42
CLM4478,Germany,Europe,18.4,2.08,3163,3.16,High,High,54
CLM4479,Nigeria,Africa,29.3,1.91,3526,5.29,High,High,41
CLM4480,Canada,North America,21.0,2.11,5254,5.32,Low,Low,44
CLM4481,Germany,Europe,14.5,0.92,523,3.74,High,High,41
CLM4482,China,Asia,26.0,1.68,4375,4.71,High,High,38
CLM4483,Brazil,South America,14.4,1.58,1294,5.97,Medium,Low,28
CLM4484,Germany,Europe,25.0,1.65,4042,3.8,Low,Medium,22
CLM4485,Nigeria,Africa,29.9,1.15,2190,3.14,High,Low,15
CLM4486,Brazil,South America,14.0,1.95,3668,3.96,High,Medium,7
CLM4487,Australia,Oceania,14.7,2.4,515,2.31,High,Medium,21
CLM4488,China,Asia,26.0,2.06,1326,5.35,Medium,High,43
CLM4489,Germany,Europe,18.1,0.51,3737,5.52,Medium,High,57
CLM4490,United States,North America,29.4,2.18,4041,5.99,Medium,High,54
CLM4491,United States,North America,23.3,1.01,3424,3.18,Low,High,21
CLM4492,Nigeria,Africa,17.9,2.01,5900,2.34,Medium,Medium,11
CLM4493,China,Asia,11.0,1.56,5598,4.34,Medium,High,15
CLM4494,Pakistan,Asia,26.9,0.56,442,1.18,High,High,55
CLM4495,United States,North America,9.8,2.4,4666,2.35,Medium,Medium,49
CLM4496,China,Asia,28.8,0.74,1186,4.48,High,Low,40
CLM4497,India,Asia,11.1,1.54,2731,3.17,High,Low,10
CLM4498,Nigeria,Africa,11.8,1.53,4640,5.35,High,High,55
CLM4499,Pakistan,Asia,14.8,1.71,4594,4.39,Medium,High,18
CLM4500,United States,North America,15.2,2.17,1695,3.58,High,High,24
CLM4501,China,Asia,6.0,0.8,2408,1.46,High,Low,39
CLM4502,China,Asia,25.8,1.18,2327,5.08,Medium,High,19
CLM4503,United States,North America,13.1,1.3,1132,5.03,High,Low,35
CLM4504,Canada,North America,7.2,1.23,2457,5.88,Medium,Medium,54
CLM4505,Germany,Europe,17.3,0.88,2636,5.88,Medium,High,60
CLM4506,Australia,Oceania,25.8,1.78,1166,4.05,Low,Low,38
CLM4507,Pakistan,Asia,29.4,1.23,5487,3.99,Low,Low,32
CLM4508,China,Asia,19.3,0.55,814,5.53,High,Medium,33
CLM4509,United States,North America,19.4,2.28,5733,1.57,High,Low,6
CLM4510,India,Asia,20.3,1.46,2545,1.85,Medium,Low,7
CLM4511,United States,North America,25.8,1.14,4631,5.31,Medium,Medium,25
CLM4512,Nigeria,Africa,12.4,0.69,5296,3.2,High,High,18
CLM4513,India,Asia,5.8,1.12,5392,3.14,Medium,Low,7
CLM4514,Brazil,South America,17.5,1.94,582,1.44,Low,High,30
CLM4515,Canada,North America,17.6,2.12,4602,1.12,Low,Low,19
CLM4516,Pakistan,Asia,7.7,0.89,1351,5.83,Medium,Medium,21
CLM4517,Nigeria,Africa,17.7,1.21,1428,1.15,Medium,High,52
CLM4518,India,Asia,8.8,1.71,2287,4.27,Medium,Low,37
CLM4519,United Kingdom,Europe,10.2,2.15,1548,2.31,Low,High,6
CLM4520,India,Asia,5.6,1.11,4257,4.5,High,High,17
CLM4521,Germany,Europe,15.4,0.66,608,1.65,Low,Medium,32
CLM4522,Pakistan,Asia,28.2,1.67,1038,3.58,High,Medium,21
CLM4523,Australia,Oceania,23.2,0.95,3649,4.66,Low,High,13
CLM4524,Canada,North America,8.9,0.87,4213,1.32,Low,Medium,13
CLM4525,United Kingdom,Europe,27.9,1.09,3296,1.64,High,High,19
CLM4526,Pakistan,Asia,20.2,1.75,3423,4.1,Medium,Medium,14
CLM4527,Canada,North America,29.0,0.88,1373,2.85,High,Low,19
CLM4528,Pakistan,Asia,10.4,1.05,2350,4.1,Low,Medium,56
CLM4529,Brazil,South America,24.5,0.92,5265,5.4,High,Low,29
CLM4530,India,Asia,26.9,2.27,5764,4.54,Low,High,31
CLM4531,Australia,Oceania,10.8,2.01,1062,4.4,Medium,High,27
CLM4532,Germany,Europe,15.4,0.77,5883,4.79,Medium,High,6
CLM4533,Canada,North America,20.4,1.13,3150,2.72,High,Low,31
CLM4534,India,Asia,28.0,2.17,5912,2.56,High,Medium,46
CLM4535,India,Asia,8.8,2.42,2111,1.45,High,Medium,7
CLM4536,Pakistan,Asia,7.1,2.26,3654,4.74,High,High,40
CLM4537,Australia,Oceania,11.1,1.1,950,4.79,Medium,Medium,49
CLM4538,Germany,Europe,16.3,1.01,673,4.74,High,High,30
CLM4539,Canada,North America,9.4,0.96,4536,4.0,Medium,Low,56
CLM4540,Canada,North America,9.9,1.46,3575,2.67,Low,High,21
CLM4541,Nigeria,Africa,12.5,1.45,3638,2.51,High,High,32
CLM4542,United States,North America,21.6,1.6,2428,3.61,Low,Medium,30
CLM4543,Brazil,South America,10.4,2.15,4360,3.39,Low,Medium,45
CLM4544,India,Asia,27.7,0.51,5913,2.38,Medium,Medium,45
CLM4545,Nigeria,Africa,29.9,0.91,654,1.44,High,Medium,40
CLM4546,India,Asia,14.1,1.63,3453,4.44,Low,High,45
CLM4547,Canada,North America,6.2,1.8,1387,1.45,Medium,High,53
CLM4548,Nigeria,Africa,15.4,1.81,3679,1.25,Medium,High,31
CLM4549,Brazil,South America,5.1,1.49,1873,2.06,High,Medium,41
CLM4550,Germany,Europe,5.9,1.16,3209,4.08,Medium,Medium,51
CLM4551,Pakistan,Asia,17.9,1.24,4337,4.45,High,High,43
CLM4552,Germany,Europe,15.9,1.56,1921,1.69,High,Medium,5
CLM4553,Brazil,South America,25.4,2.39,4990,4.16,High,High,49
CLM4554,Brazil,South America,9.9,1.48,860,2.51,High,High,18
CLM4555,Canada,North America,13.5,1.12,2952,4.14,Medium,Medium,47
CLM4556,Australia,Oceania,21.1,1.63,5993,2.1,Low,High,40
CLM4557,United Kingdom,Europe,8.9,0.7,675,1.97,High,Medium,21
CLM4558,China,Asia,23.5,1.16,5796,2.12,Low,High,7
CLM4559,United Kingdom,Europe,13.6,2.06,5379,2.43,Low,Medium,33
CLM4560,Australia,Oceania,16.0,0.93,4017,2.18,Low,Low,24
CLM4561,Germany,Europe,28.0,2.25,4366,4.41,High,Medium,42
CLM4562,Nigeria,Africa,8.5,0.52,5712,2.0,Low,Medium,42
CLM4563,Nigeria,Africa,14.5,2.39,1287,1.69,High,High,6
CLM4564,Australia,Oceania,6.3,1.08,1433,2.69,Low,High,47
CLM4565,Canada,North America,10.4,0.62,5105,5.84,Medium,High,54
CLM4566,Nigeria,Africa,14.3,0.9,3908,1.94,High,High,31
CLM4567,Germany,Europe,24.4,0.8,4552,1.52,Medium,High,39
CLM4568,Pakistan,Asia,13.6,1.85,1003,3.07,Low,Medium,18
CLM4569,United States,North America,13.4,1.14,3641,4.52,Low,Low,15
CLM4570,Germany,Europe,11.9,2.35,4677,1.13,High,Medium,38
CLM4571,Nigeria,Africa,7.2,0.6,4984,4.23,High,Low,35
CLM4572,United States,North America,7.4,1.34,768,3.6,Medium,Medium,58
CLM4573,China,Asia,12.2,1.73,4914,1.36,Medium,High,25
CLM4574,Pakistan,Asia,20.4,0.92,3700,4.48,Medium,High,28
CLM4575,Germany,Europe,8.6,0.94,3351,1.03,Low,Medium,52
CLM4576,Australia,Oceania,20.0,1.39,5260,5.86,High,High,23
CLM4577,United Kingdom,Europe,27.2,1.15,513,5.52,High,Medium,29
CLM4578,United Kingdom,Europe,11.3,2.06,1390,5.51,Low,Medium,41
CLM4579,India,Asia,6.7,0.75,5379,3.03,Low,Low,20
CLM4580,India,Asia,12.2,1.69,357,2.22,Low,Medium,17
CLM4581,Nigeria,Africa,27.1,1.64,4697,4.65,Medium,High,12
CLM4582,Nigeria,Africa,11.9,0.64,1717,2.98,Low,Low,18
CLM4583,Germany,Europe,23.4,2.16,3838,4.91,High,High,45
CLM4584,India,Asia,18.3,0.72,4781,3.12,High,Medium,9
CLM4585,Canada,North America,27.1,1.85,3622,3.75,High,Medium,45
CLM4586,Canada,North America,24.1,1.61,2666,5.29,High,Medium,55
CLM4587,United Kingdom,Europe,5.2,1.59,4476,3.21,Medium,Medium,35
CLM4588,United Kingdom,Europe,20.2,2.42,473,2.92,Low,High,53
CLM4589,India,Asia,16.9,2.36,2825,1.54,High,Low,35
CLM4590,Pakistan,Asia,16.3,0.64,3355,3.21,Low,Medium,33
CLM4591,Pakistan,Asia,22.3,0.96,3208,1.02,Low,Low,52
CLM4592,India,Asia,11.6,1.4,1426,2.77,Medium,Low,19
CLM4593,Australia,Oceania,28.1,1.51,4195,3.65,High,Low,38
CLM4594,Germany,Europe,16.5,2.02,3742,5.62,High,High,46
CLM4595,Australia,Oceania,17.8,0.96,4452,3.05,Medium,High,58
CLM4596,China,Asia,17.9,2.38,3602,1.51,High,Low,14
CLM4597,Nigeria,Africa,21.8,1.95,441,5.99,Low,Low,39
CLM4598,India,Asia,16.1,1.99,1435,3.98,Medium,Low,14
CLM4599,United Kingdom,Europe,19.6,2.21,3947,3.91,Low,Medium,14
CLM4600,Canada,North America,25.1,0.64,858,3.11,High,High,29
CLM4601,Canada,North America,8.0,2.37,5185,1.85,Medium,High,33
CLM4602,United States,North America,13.7,1.43,5259,1.28,High,High,28
CLM4603,United States,North America,23.7,0.96,726,3.33,High,Low,10
CLM4604,Nigeria,Africa,7.0,1.68,5862,1.86,Low,Medium,22
CLM4605,United Kingdom,Europe,24.7,0.64,2738,2.55,Medium,Low,54
CLM4606,Canada,North America,5.4,0.83,573,1.72,Low,Low,38
CLM4607,Nigeria,Africa,6.6,1.4,3725,3.99,Low,Medium,25
CLM4608,United States,North America,19.0,1.47,488,1.05,Low,Low,7
CLM4609,Nigeria,Africa,16.3,0.94,3685,2.16,Low,High,11
CLM4610,United States,North America,22.3,2.48,404,2.32,Low,Low,33
CLM4611,Brazil,South America,6.4,1.66,5439,2.19,High,Medium,48
CLM4612,Australia,Oceania,29.1,1.19,1794,4.2,High,Low,53
CLM4613,Germany,Europe,26.9,1.89,2088,1.27,Low,Low,37
CLM4614,Nigeria,Africa,28.9,1.55,3794,3.97,High,Low,55
CLM4615,Australia,Oceania,6.8,1.24,4461,1.66,Low,Low,43
CLM4616,China,Asia,22.8,0.78,4426,5.45,Low,High,26
CLM4617,Brazil,South America,6.4,0.63,724,1.79,Low,High,29
CLM4618,United Kingdom,Europe,23.3,1.17,757,2.62,Low,High,16
CLM4619,United States,North America,6.9,1.82,5623,5.1,High,Low,27
CLM4620,Australia,Oceania,16.3,1.25,3947,5.77,Medium,Medium,53
CLM4621,Pakistan,Asia,25.1,0.79,4962,3.12,High,Medium,22
CLM4622,India,Asia,20.5,2.39,3507,5.82,High,High,7
CLM4623,United Kingdom,Europe,23.1,0.86,3720,3.03,Low,High,48
CLM4624,Pakistan,Asia,18.3,1.98,5930,5.04,Medium,Low,35
CLM4625,United States,North America,29.0,2.15,3421,3.7,Medium,High,40
CLM4626,Australia,Oceania,15.7,1.15,2323,4.85,Low,High,22
CLM4627,Canada,North America,14.1,1.8,938,3.89,High,High,21
CLM4628,Australia,Oceania,7.1,2.5,876,1.16,Medium,High,60
CLM4629,Brazil,South America,27.2,0.81,5722,5.58,High,High,55
CLM4630,United States,North America,19.5,2.09,1867,1.95,Low,Medium,46
CLM4631,Nigeria,Africa,6.0,1.74,922,2.59,Low,High,17
CLM4632,Pakistan,Asia,5.6,1.67,3736,5.07,Low,High,37
CLM4633,China,Asia,20.7,1.13,4040,1.53,Medium,High,30
CLM4634,India,Asia,17.4,1.11,5312,2.19,High,Medium,16
CLM4635,Australia,Oceania,27.2,0.69,5626,2.68,Low,Low,55
CLM4636,Australia,Oceania,5.8,1.32,1901,5.15,Low,High,41
CLM4637,Canada,North America,16.1,1.69,329,5.6,Medium,High,34
CLM4638,India,Asia,28.6,0.76,2151,2.96,High,Medium,45
CLM4639,United Kingdom,Europe,20.2,0.88,4984,1.55,Medium,Low,32
CLM4640,Canada,North America,8.1,2.23,5516,2.86,Medium,Medium,20
CLM4641,Nigeria,Africa,20.6,1.55,4456,3.07,High,High,49
CLM4642,Pakistan,Asia,18.1,1.26,310,5.04,Medium,Low,21
CLM4643,China,Asia,8.9,0.56,771,4.16,High,Medium,55
CLM4644,United States,North America,16.1,1.45,4652,2.75,Medium,Medium,43
CLM4645,Brazil,South America,8.2,2.26,4351,2.21,High,High,44
CLM4646,India,Asia,26.4,0.96,1557,2.56,Medium,High,46
CLM4647,Australia,Oceania,9.3,0.85,2573,1.66,Low,High,42
CLM4648,Nigeria,Africa,5.5,0.81,1062,2.96,Medium,Low,44
CLM4649,Brazil,South America,18.1,1.84,4605,1.19,Medium,High,51
CLM4650,Germany,Europe,19.2,1.15,2669,2.28,Medium,High,9
CLM4651,India,Asia,19.9,2.48,2707,2.99,Medium,Low,12
CLM4652,United States,North America,24.4,1.37,3857,2.3,Low,Low,12
CLM4653,Brazil,South America,22.9,1.68,754,2.7,High,High,25
CLM4654,United States,North America,24.3,2.32,4167,3.03,Medium,High,16
CLM4655,Australia,Oceania,13.7,0.76,1700,3.88,Medium,Low,28
CLM4656,United States,North America,25.9,1.92,5541,5.0,Medium,Medium,36
CLM4657,United Kingdom,Europe,29.1,0.87,424,1.71,High,Medium,47
CLM4658,Canada,North America,7.8,2.4,4743,5.14,Medium,Low,8
CLM4659,Pakistan,Asia,9.1,2.29,4693,3.38,Medium,Medium,13
CLM4660,Nigeria,Africa,9.0,0.52,432,4.26,Low,Low,38
CLM4661,China,Asia,22.0,1.05,1988,4.7,High,High,27
CLM4662,United States,North America,29.2,0.7,3388,5.6,High,High,6
CLM4663,Pakistan,Asia,20.1,1.66,1407,3.88,Medium,Medium,14
CLM4664,Canada,North America,29.1,1.07,4070,1.38,Medium,Low,56
CLM4665,India,Asia,26.4,2.48,5828,3.28,Low,Medium,13
CLM4666,Brazil,South America,5.2,1.7,3058,5.05,Medium,Low,25
CLM4667,Germany,Europe,7.7,1.58,3738,2.64,Medium,Low,19
CLM4668,United States,North America,16.4,0.63,1253,3.16,High,High,27
CLM4669,Pakistan,Asia,26.3,1.32,2765,1.58,Medium,High,16
CLM4670,United States,North America,14.7,1.64,4812,3.36,High,Medium,12
CLM4671,China,Asia,22.2,1.56,5069,3.59,Medium,Low,15
CLM4672,United Kingdom,Europe,24.0,1.12,842,1.05,High,Medium,25
CLM4673,Australia,Oceania,17.3,1.75,5594,4.98,Medium,Medium,29
CLM4674,Pakistan,Asia,26.9,2.06,3962,3.02,High,Medium,49
CLM4675,United States,North America,8.4,1.98,2306,2.25,Medium,Low,60
CLM4676,China,Asia,22.8,2.18,4087,2.55,Medium,Low,51
CLM4677,China,Asia,28.1,0.52,5844,1.93,High,Medium,38
CLM4678,United Kingdom,Europe,28.3,1.38,4145,1.44,Low,Medium,16
CLM4679,Brazil,South America,21.0,0.82,5434,1.09,Medium,High,40
CLM4680,Pakistan,Asia,21.0,2.13,363,1.5,High,Low,32
CLM4681,United Kingdom,Europe,10.9,2.43,2463,3.08,Low,Medium,37
CLM4682,Nigeria,Africa,24.6,2.48,2484,4.5,Low,Low,48
CLM4683,Canada,North America,25.9,1.85,3282,1.87,Medium,High,40
CLM4684,Canada,North America,28.5,0.74,2549,3.19,Medium,High,57
CLM4685,Germany,Europe,26.9,1.98,4817,5.46,Medium,Medium,45
CLM4686,India,Asia,15.5,2.15,1584,3.77,High,Medium,10
CLM4687,India,Asia,20.8,2.0,716,3.29,High,Medium,28
CLM4688,Canada,North America,5.4,1.64,511,2.29,Medium,Medium,12
CLM4689,Pakistan,Asia,7.0,0.71,3689,4.64,High,Low,34
CLM4690,China,Asia,20.0,1.42,2016,2.9,Medium,Medium,28
CLM4691,United Kingdom,Europe,10.9,0.97,4822,3.76,Medium,Low,54
CLM4692,United States,North America,6.6,1.86,5104,1.94,Low,Medium,30
CLM4693,United Kingdom,Europe,14.8,1.47,1499,1.87,Low,Low,8
CLM4694,Australia,Oceania,22.4,0.95,2321,2.47,Medium,Medium,41
CLM4695,Brazil,South America,13.6,0.85,3194,3.23,Low,Low,12
CLM4696,United Kingdom,Europe,24.0,2.08,4104,5.58,Medium,Medium,29
CLM4697,United Kingdom,Europe,11.9,0.89,459,2.31,Low,Medium,18
CLM4698,China,Asia,14.7,0.7,1627,5.19,Medium,High,45
CLM4699,India,Asia,21.2,1.95,597,2.11,Medium,High,34
CLM4700,Pakistan,Asia,13.2,1.55,3340,3.4,Low,High,14
CLM4701,Australia,Oceania,17.7,1.05,2900,4.22,High,Low,19
CLM4702,Germany,Europe,10.5,1.68,473,2.84,High,Medium,28
CLM4703,Canada,North America,18.1,1.31,5995,3.16,High,High,27
CLM4704,Brazil,South America,6.9,0.93,3689,4.82,High,Low,47
CLM4705,Australia,Oceania,29.9,1.96,923,1.18,Low,Medium,33
CLM4706,United States,North America,19.2,1.85,2586,2.48,High,High,22
CLM4707,India,Asia,10.1,1.12,2085,2.15,Low,High,44
CLM4708,Australia,Oceania,20.5,1.34,4953,2.83,Low,High,7
CLM4709,Brazil,South America,29.6,0.63,1346,2.92,Medium,Medium,39
CLM4710,Canada,North America,22.6,0.64,2693,5.06,Low,Medium,28
CLM4711,Brazil,South America,21.2,1.52,2576,4.86,Medium,Low,46
CLM4712,Brazil,South America,8.3,0.54,369,3.68,High,Medium,30
CLM4713,Pakistan,Asia,14.7,2.5,4851,5.29,High,Low,48
CLM4714,Pakistan,Asia,19.8,1.41,4032,5.15,Low,Low,25
CLM4715,Australia,Oceania,17.2,0.84,760,4.98,Medium,Low,51
CLM4716,United Kingdom,Europe,27.7,1.72,3232,3.99,High,Medium,15
CLM4717,Australia,Oceania,25.9,1.92,316,1.7,High,Low,9
CLM4718,China,Asia,15.6,0.85,2650,2.83,Medium,Medium,6
CLM4719,Nigeria,Africa,10.8,0.56,5174,5.46,Medium,High,45
CLM4720,United States,North America,20.6,0.97,4731,1.79,High,Low,6
CLM4721,India,Asia,23.5,1.54,1058,4.85,Low,Medium,44
CLM4722,United Kingdom,Europe,7.8,1.69,4367,2.47,High,High,53
CLM4723,Nigeria,Africa,28.6,2.15,2163,2.87,Low,Medium,53
CLM4724,Canada,North America,27.0,1.76,3516,3.76,High,High,36
CLM4725,Nigeria,Africa,29.5,1.49,1945,4.69,Medium,High,60
CLM4726,Nigeria,Africa,16.2,0.61,2800,4.08,High,High,50
CLM4727,Nigeria,Africa,27.7,1.19,3633,1.67,High,High,38
CLM4728,India,Asia,18.8,2.09,4942,4.04,Low,High,6
CLM4729,Canada,North America,20.3,2.49,5973,1.58,High,Low,21
CLM4730,Pakistan,Asia,11.8,0.61,3465,2.6,Medium,High,5
CLM4731,Canada,North America,19.1,1.13,1571,1.57,Medium,Low,40
CLM4732,Nigeria,Africa,9.0,1.57,1849,3.96,High,Medium,59
CLM4733,Germany,Europe,14.4,1.59,5440,5.65,High,Medium,29
CLM4734,United States,North America,9.2,1.57,5866,1.99,Medium,High,31
CLM4735,Germany,Europe,26.7,1.55,433,4.77,High,Medium,45
CLM4736,India,Asia,13.0,1.01,4937,5.24,High,Medium,56
CLM4737,Nigeria,Africa,14.3,1.85,3197,2.9,Medium,Medium,30
CLM4738,Canada,North America,16.8,2.39,2895,5.07,Low,High,11
CLM4739,Germany,Europe,23.2,2.25,2286,4.67,Low,Medium,29
CLM4740,India,Asia,10.3,1.47,3421,5.19,Low,Low,52
CLM4741,United States,North America,25.6,0.75,5512,3.71,High,Medium,13
CLM4742,United Kingdom,Europe,27.3,0.7,3747,1.37,Low,High,31
CLM4743,China,Asia,18.8,1.95,4695,1.55,Low,High,46
CLM4744,China,Asia,26.0,1.47,1214,4.01,Low,Medium,53
CLM4745,China,Asia,8.3,0.74,3147,3.44,High,High,24
CLM4746,Canada,North America,19.5,1.89,1346,3.34,Low,Medium,38
CLM4747,Australia,Oceania,6.0,1.27,4165,2.58,High,High,23
CLM4748,Pakistan,Asia,16.8,1.85,467,3.32,Medium,Medium,13
CLM4749,Nigeria,Africa,19.0,0.65,3453,5.25,Low,Medium,36
CLM4750,Brazil,South America,5.1,1.45,4054,2.04,High,Low,32
CLM4751,Canada,North America,6.1,1.84,2464,4.56,Low,Low,55
CLM4752,India,Asia,19.5,0.83,3368,5.39,Low,Low,24
CLM4753,United Kingdom,Europe,22.8,1.75,3635,4.36,Low,High,10
CLM4754,Canada,North America,26.0,0.64,4949,3.1,Medium,High,56
CLM4755,Canada,North America,29.4,1.05,4392,1.71,High,Low,41
CLM4756,Canada,North America,12.3,1.76,2004,3.81,Low,Low,31
CLM4757,Canada,North America,12.3,0.72,820,2.59,High,High,22
CLM4758,Pakistan,Asia,23.5,0.67,4801,1.43,Low,Low,15
CLM4759,Brazil,South America,12.6,0.67,2439,4.14,Medium,Low,9
CLM4760,United States,North America,9.5,2.18,4339,2.19,High,Medium,45
CLM4761,Pakistan,Asia,21.3,0.99,1566,5.56,Low,Medium,17
CLM4762,Brazil,South America,20.8,1.3,3050,4.82,Low,High,41
CLM4763,Germany,Europe,5.5,1.58,5733,2.44,High,Medium,22
CLM4764,Brazil,South America,15.3,2.08,3668,3.98,Medium,Low,9
CLM4765,Brazil,South America,23.0,1.51,5775,1.4,High,Medium,8
CLM4766,India,Asia,9.6,1.16,2909,3.46,Low,High,43
CLM4767,Pakistan,Asia,5.5,1.23,1079,2.57,Low,High,43
CLM4768,China,Asia,20.0,2.24,3949,3.69,High,Medium,14
CLM4769,China,Asia,26.7,1.04,4850,3.38,Low,Medium,28
CLM4770,United Kingdom,Europe,14.3,0.92,4389,5.41,Low,Medium,51
CLM4771,Canada,North America,18.4,2.24,2058,4.18,Low,Medium,52
CLM4772,Pakistan,Asia,28.4,1.09,5489,5.74,Medium,High,42
CLM4773,Pakistan,Asia,21.8,1.86,1631,2.47,Medium,Low,13
CLM4774,United Kingdom,Europe,22.4,1.92,4745,2.87,Medium,Medium,41
CLM4775,United Kingdom,Europe,11.0,1.49,2687,5.91,Low,High,32
CLM4776,United States,North America,27.1,0.89,1846,3.7,Medium,Medium,43
CLM4777,Pakistan,Asia,16.5,1.7,801,5.22,Low,Medium,37
CLM4778,United Kingdom,Europe,29.5,2.33,4974,5.48,Medium,Low,47
CLM4779,Pakistan,Asia,24.1,1.37,5413,5.16,Low,Medium,57
CLM4780,Pakistan,Asia,14.6,1.98,2898,4.12,High,High,7
CLM4781,United States,North America,8.6,2.13,4672,2.66,Medium,Medium,31
CLM4782,China,Asia,25.2,1.59,1968,2.64,Low,Medium,59
CLM4783,China,Asia,26.8,2.31,4222,3.6,High,Medium,47
CLM4784,United Kingdom,Europe,8.1,2.05,5441,4.31,Low,High,36
CLM4785,Canada,North America,18.3,2.09,5146,3.54,Medium,High,40
CLM4786,United Kingdom,Europe,9.4,1.54,2375,3.94,Low,Low,33
CLM4787,Nigeria,Africa,26.6,2.24,2781,5.14,Medium,High,47
CLM4788,Brazil,South America,16.3,1.15,2795,3.11,Low,High,12
CLM4789,Australia,Oceania,14.2,1.65,5484,2.83,Low,Medium,52
CLM4790,India,Asia,22.1,2.46,5460,1.52,Low,High,46
CLM4791,Germany,Europe,26.3,1.84,2311,3.39,Low,High,40
CLM4792,Australia,Oceania,25.6,0.8,1097,4.3,High,Low,56
CLM4793,China,Asia,20.7,0.73,3668,1.1,Medium,High,17
CLM4794,United Kingdom,Europe,12.0,1.26,453,1.32,Low,Low,10
CLM4795,Canada,North America,26.6,0.64,750,3.11,Low,High,12
CLM4796,Australia,Oceania,10.7,1.86,5546,4.77,Medium,High,58
CLM4797,Nigeria,Africa,7.1,1.11,2557,5.13,High,High,14
CLM4798,United States,North America,22.2,1.16,2613,2.13,High,Medium,43
CLM4799,Australia,Oceania,23.2,0.76,2130,4.89,Low,Low,30
CLM4800,Pakistan,Asia,6.6,1.14,5941,4.63,Low,Medium,19
CLM4801,Nigeria,Africa,6.1,1.83,4884,1.2,High,Medium,30
CLM4802,India,Asia,22.7,1.32,1083,4.49,High,Low,59
CLM4803,Pakistan,Asia,20.0,0.97,779,4.56,Low,Low,45
CLM4804,Nigeria,Africa,6.1,1.15,2957,1.46,Medium,Medium,36
CLM4805,China,Asia,24.1,2.3,2961,5.4,High,Medium,27
CLM4806,Pakistan,Asia,17.0,1.74,4705,3.25,Medium,High,16
CLM4807,United Kingdom,Europe,5.6,2.26,2995,5.88,Medium,Medium,21
CLM4808,India,Asia,29.5,0.79,3929,3.77,High,Low,7
CLM4809,United States,North America,13.0,1.38,2300,4.04,Medium,Low,13
CLM4810,China,Asia,21.5,1.15,381,3.77,High,High,32
CLM4811,India,Asia,14.5,0.68,3514,4.11,Low,Low,9
CLM4812,United Kingdom,Europe,16.5,1.69,4698,3.02,High,Low,12
CLM4813,United Kingdom,Europe,19.6,1.68,1796,3.54,Medium,High,5
CLM4814,Australia,Oceania,6.0,0.58,3472,4.93,Medium,Low,34
CLM4815,Canada,North America,20.0,1.54,4536,1.66,High,High,48
CLM4816,Nigeria,Africa,6.0,1.71,840,3.94,Medium,Medium,35
CLM4817,Pakistan,Asia,12.8,0.63,2831,5.26,Medium,Medium,57
CLM4818,Brazil,South America,6.8,1.44,4653,5.52,High,Low,9
CLM4819,Australia,Oceania,20.8,1.21,653,2.15,Medium,High,19
CLM4820,India,Asia,26.0,1.26,2785,5.82,Medium,Medium,26
CLM4821,Australia,Oceania,23.9,2.32,3464,4.77,High,High,36
CLM4822,India,Asia,29.0,2.43,4830,2.64,High,Low,49
CLM4823,Canada,North America,22.4,2.27,996,5.44,Medium,High,34
CLM4824,Nigeria,Africa,11.7,2.05,934,4.55,High,High,22
CLM4825,Pakistan,Asia,5.1,0.72,2066,4.9,High,High,22
CLM4826,United Kingdom,Europe,18.2,1.83,3489,1.3,Low,Low,21
CLM4827,United States,North America,19.6,1.23,2307,4.07,High,High,13
CLM4828,Nigeria,Africa,27.4,1.44,554,1.04,Low,High,19
CLM4829,United States,North America,6.9,2.29,4729,2.17,High,High,46
CLM4830,Canada,North America,9.2,2.47,5537,1.36,High,Low,29
CLM4831,Pakistan,Asia,18.0,1.19,5197,5.62,Medium,Low,40
CLM4832,Australia,Oceania,26.1,2.32,4001,4.41,High,High,25
CLM4833,India,Asia,20.3,1.05,2885,5.06,Low,High,55
CLM4834,Nigeria,Africa,28.0,1.4,5603,5.36,High,Low,13
CLM4835,India,Asia,17.7,0.68,4462,1.16,High,Low,35
CLM4836,United States,North America,10.9,1.91,1564,4.83,Medium,Medium,56
CLM4837,Germany,Europe,11.2,1.86,4689,1.15,High,Low,56
CLM4838,India,Asia,27.2,2.37,5526,5.64,Low,Medium,27
CLM4839,Brazil,South America,27.8,1.33,4136,2.63,Medium,Medium,60
CLM4840,Canada,North America,9.2,0.8,3535,1.64,Low,Medium,48
CLM4841,United States,North America,11.9,1.99,4567,1.79,Low,High,16
CLM4842,United States,North America,20.9,1.06,1481,1.38,Low,Medium,58
CLM4843,Brazil,South America,12.7,2.19,3339,1.56,Medium,Low,12
CLM4844,Australia,Oceania,23.5,1.8,5233,3.38,High,Low,24
CLM4845,United States,North America,17.4,1.84,4311,5.88,Low,Medium,47
CLM4846,United States,North America,8.2,1.66,874,3.63,High,Low,55
CLM4847,Pakistan,Asia,12.7,1.06,3353,2.44,High,Low,58
CLM4848,United States,North America,29.5,1.91,5832,3.42,Low,Medium,37
CLM4849,United States,North America,5.6,0.85,4866,2.92,Low,High,30
CLM4850,Pakistan,Asia,13.1,2.01,2602,4.84,Low,Medium,32
CLM4851,Pakistan,Asia,7.6,1.04,4337,1.79,Low,Medium,35
CLM4852,United States,North America,15.9,1.18,3419,3.35,Medium,Medium,21
CLM4853,United Kingdom,Europe,24.9,1.11,2117,4.46,High,Medium,37
CLM4854,India,Asia,13.3,2.33,5973,3.11,Low,High,31
CLM4855,Pakistan,Asia,27.7,2.12,2203,3.66,High,Low,14
CLM4856,Germany,Europe,23.1,1.74,2499,1.73,Low,High,25
CLM4857,Germany,Europe,6.4,1.66,2504,4.07,High,Low,55
CLM4858,China,Asia,14.7,1.08,1391,3.59,Low,Low,6
CLM4859,Canada,North America,8.2,0.64,1743,5.82,Medium,Medium,54
CLM4860,Canada,North America,13.1,1.35,4228,3.96,Low,Low,9
CLM4861,Pakistan,Asia,25.5,2.41,2120,3.01,High,Low,16
CLM4862,Brazil,South America,20.1,1.74,5392,3.61,Low,Low,36
CLM4863,Germany,Europe,21.4,1.93,5515,5.72,High,High,11
CLM4864,Germany,Europe,14.3,1.21,3040,5.59,Low,High,16
CLM4865,Germany,Europe,26.9,0.69,828,2.76,Medium,Medium,12
CLM4866,Germany,Europe,17.4,1.4,1776,1.79,Low,Low,30
CLM4867,China,Asia,12.3,1.06,5763,5.56,Low,Low,42
CLM4868,India,Asia,22.0,1.14,4539,2.13,Low,Medium,57
CLM4869,India,Asia,14.4,1.01,4846,4.98,Low,Low,56
CLM4870,Australia,Oceania,7.4,0.64,491,5.21,Medium,Medium,59
CLM4871,India,Asia,11.9,0.96,3556,3.49,High,High,29
CLM4872,Brazil,South America,15.3,1.19,2274,4.7,Medium,Low,30
CLM4873,India,Asia,22.7,2.04,2764,5.78,High,High,43
CLM4874,Germany,Europe,16.2,1.48,2205,5.47,High,Medium,17
CLM4875,India,Asia,27.2,0.61,5893,4.92,High,Medium,6
CLM4876,Australia,Oceania,25.7,1.4,1765,3.64,Medium,High,51
CLM4877,Pakistan,Asia,10.6,2.31,2375,5.75,Low,Medium,33
CLM4878,Brazil,South America,26.2,2.43,3953,4.22,Medium,Low,6
CLM4879,Australia,Oceania,13.9,1.52,3037,5.75,High,Medium,60
CLM4880,Brazil,South America,18.7,0.59,4357,2.83,Low,Low,28
CLM4881,Canada,North America,22.4,2.08,3562,3.31,High,Medium,22
CLM4882,Germany,Europe,20.8,2.43,597,3.59,Medium,High,50
CLM4883,Canada,North America,11.6,1.69,2169,2.01,Low,High,33
CLM4884,United States,North America,15.1,1.29,5903,5.5,Low,Low,60
CLM4885,Australia,Oceania,22.3,0.92,2716,3.54,Low,High,18
CLM4886,China,Asia,21.8,1.36,3541,5.94,High,High,16
CLM4887,Nigeria,Africa,21.1,0.7,3616,4.7,Medium,Medium,43
CLM4888,China,Asia,11.8,0.85,5207,1.96,Low,Low,39
CLM4889,Brazil,South America,9.5,1.03,5537,5.51,Medium,High,58
CLM4890,Australia,Oceania,26.2,2.21,4313,4.37,High,Medium,33
CLM4891,Brazil,South America,6.2,1.65,5914,4.24,High,High,25
CLM4892,Australia,Oceania,23.9,0.5,5651,3.72,Medium,Low,46
CLM4893,Nigeria,Africa,8.9,1.69,4517,3.57,Medium,High,42
CLM4894,Australia,Oceania,21.1,2.49,439,4.15,Low,Medium,60
CLM4895,United States,North America,18.6,2.39,2693,1.28,High,High,31
CLM4896,United States,North America,27.8,2.38,4058,2.72,Medium,Medium,58
CLM4897,United States,North America,24.1,1.68,1884,1.69,Low,High,54
CLM4898,Germany,Europe,15.4,1.88,5183,5.28,Low,Low,11
CLM4899,Australia,Oceania,23.7,0.96,3520,2.54,Low,Low,9
CLM4900,Brazil,South America,15.0,2.16,3106,3.28,Medium,Low,43
CLM4901,Australia,Oceania,17.1,0.93,5731,4.19,Low,Medium,29
CLM4902,Pakistan,Asia,8.6,1.11,2934,4.78,High,Low,24
CLM4903,Nigeria,Africa,8.5,1.32,4191,1.66,Medium,Medium,31
CLM4904,Pakistan,Asia,7.7,1.16,2310,5.24,High,Medium,14
CLM4905,United Kingdom,Europe,10.1,1.41,2594,1.76,Low,High,45
CLM4906,Canada,North America,21.1,1.06,4491,5.8,High,Low,24
CLM4907,Australia,Oceania,9.0,1.5,3171,3.31,Low,High,44
CLM4908,United States,North America,18.1,2.03,4322,2.56,Medium,Medium,33
CLM4909,China,Asia,21.2,2.38,3104,5.99,Medium,Low,10
CLM4910,Germany,Europe,10.9,0.85,436,5.94,Medium,High,51
CLM4911,China,Asia,11.3,1.69,5811,4.42,Low,Low,47
CLM4912,Brazil,South America,22.9,2.49,1675,3.93,Medium,High,29
CLM4913,Nigeria,Africa,14.2,2.41,3265,4.09,High,High,46
CLM4914,United Kingdom,Europe,23.5,2.39,2964,1.68,Medium,High,5
CLM4915,China,Asia,9.7,0.7,2809,2.75,Low,High,45
CLM4916,United States,North America,22.5,2.14,2411,5.24,Medium,Low,42
CLM4917,China,Asia,29.0,2.14,4799,3.33,Low,Medium,36
CLM4918,Brazil,South America,25.7,1.57,5631,3.35,Medium,High,6
CLM4919,China,Asia,17.2,2.18,1517,3.01,Low,Medium,51
CLM4920,Australia,Oceania,8.8,0.84,1704,5.17,Low,Medium,21
CLM4921,China,Asia,10.8,0.52,1100,5.12,High,Medium,6
CLM4922,Australia,Oceania,26.1,2.07,604,2.22,High,Low,57
CLM4923,India,Asia,7.8,1.63,4615,2.74,Medium,Medium,7
CLM4924,Australia,Oceania,21.2,1.75,3197,2.58,High,Low,35
CLM4925,India,Asia,24.8,0.68,804,3.77,Low,Low,12
CLM4926,United Kingdom,Europe,9.5,1.88,1453,2.03,Medium,High,47
CLM4927,United States,North America,12.5,1.18,1520,3.42,High,High,27
CLM4928,Brazil,South America,22.9,1.23,4574,3.52,Low,Medium,47
CLM4929,Australia,Oceania,11.0,1.03,2261,1.81,Low,High,19
CLM4930,India,Asia,25.7,1.05,1883,2.81,High,Medium,56
CLM4931,Brazil,South America,22.5,0.97,4361,5.38,Medium,High,59
CLM4932,Pakistan,Asia,6.3,2.41,1663,4.05,Medium,Low,10
CLM4933,India,Asia,21.4,0.87,2425,2.78,Medium,High,12
CLM4934,Nigeria,Africa,25.5,2.15,2203,2.58,Low,High,44
CLM4935,Nigeria,Africa,7.7,0.59,3094,1.49,High,Low,42
CLM4936,United Kingdom,Europe,17.0,1.24,3773,2.48,Low,Medium,5
CLM4937,Brazil,South America,22.4,0.96,1143,4.96,Low,Medium,10
CLM4938,United States,North America,10.4,1.98,1593,2.66,High,Low,38
CLM4939,Pakistan,Asia,15.9,2.43,4350,5.6,Medium,High,11
CLM4940,Australia,Oceania,21.9,1.79,1500,1.34,High,Low,44
CLM4941,China,Asia,21.3,1.65,5247,5.69,High,High,59
CLM4942,Nigeria,Africa,12.6,1.26,4551,3.11,Low,Medium,57
CLM4943,China,Asia,5.0,2.42,4392,4.98,High,Medium,43
CLM4944,Brazil,South America,16.8,2.38,1110,3.34,Low,Low,13
CLM4945,Pakistan,Asia,16.4,0.77,4616,2.8,Medium,High,53
CLM4946,Canada,North America,26.9,1.06,5626,5.91,Medium,High,21
CLM4947,India,Asia,5.8,1.0,5399,3.2,Medium,Low,17
CLM4948,Brazil,South America,27.8,1.78,3040,3.84,Low,High,59
CLM4949,United States,North America,28.2,2.24,3292,3.77,High,High,54
CLM4950,Canada,North America,15.1,1.65,567,2.21,Medium,Low,16
CLM4951,Nigeria,Africa,17.1,1.61,5116,2.18,Medium,Medium,17
CLM4952,Nigeria,Africa,22.6,0.68,1360,1.65,Low,High,18
CLM4953,India,Asia,12.5,0.66,1334,3.53,Low,High,18
CLM4954,Nigeria,Africa,12.9,1.71,1232,5.11,Low,Medium,24
CLM4955,Nigeria,Africa,22.6,1.16,536,3.2,Medium,Low,22
CLM4956,United States,North America,24.1,0.66,5616,1.27,High,Medium,12
CLM4957,Brazil,South America,9.1,2.35,4924,5.5,Low,Low,55
CLM4958,Canada,North America,22.1,1.14,3344,4.82,Medium,Low,17
CLM4959,Germany,Europe,28.6,0.55,571,1.81,Medium,Medium,18
CLM4960,Canada,North America,28.4,1.86,5420,2.09,Medium,Medium,20
CLM4961,Brazil,South America,12.8,2.27,4856,2.26,Low,Medium,12
CLM4962,Nigeria,Africa,7.1,0.62,4804,2.27,High,Medium,12
CLM4963,United States,North America,14.1,2.19,1571,5.76,Low,Medium,39
CLM4964,Pakistan,Asia,24.6,2.23,2442,1.5,High,High,51
CLM4965,Australia,Oceania,8.6,1.3,2512,3.8,High,Low,8
CLM4966,China,Asia,8.3,1.83,1704,4.77,Medium,Low,36
CLM4967,United States,North America,16.1,1.38,4533,4.03,Low,High,17
CLM4968,Germany,Europe,18.1,1.46,3956,1.96,Low,Low,52
CLM4969,Brazil,South America,20.5,0.89,4615,4.54,High,High,53
CLM4970,Brazil,South America,25.9,2.46,2002,3.24,High,High,36
CLM4971,United States,North America,14.0,1.65,2946,3.39,High,Medium,55
CLM4972,United States,North America,11.6,1.07,5186,3.89,Low,High,20
CLM4973,Brazil,South America,27.5,0.72,3179,2.02,Medium,Low,46
CLM4974,United Kingdom,Europe,27.2,2.03,4812,4.39,Low,High,16
CLM4975,Pakistan,Asia,11.2,1.45,3805,4.74,Medium,High,8
CLM4976,United Kingdom,Europe,10.3,2.12,2273,1.52,Medium,High,42
CLM4977,China,Asia,5.3,1.1,3746,3.65,Medium,Medium,56
CLM4978,China,Asia,10.4,0.52,2993,1.36,Low,Low,53
CLM4979,Australia,Oceania,11.4,1.4,1070,2.75,Medium,Low,8
CLM4980,India,Asia,18.1,2.35,1356,5.46,Medium,High,16
CLM4981,Australia,Oceania,28.4,2.32,1327,1.75,High,High,25
CLM4982,Germany,Europe,12.0,2.47,2096,5.07,High,Medium,25
CLM4983,Australia,Oceania,24.4,1.09,3468,3.81,Low,High,51
CLM4984,India,Asia,21.3,1.75,1389,1.92,Medium,Low,48
CLM4985,United Kingdom,Europe,12.4,1.74,4862,4.11,Medium,Medium,27
CLM4986,United Kingdom,Europe,9.6,2.19,458,3.56,Low,Low,13
CLM4987,Germany,Europe,10.0,2.02,2421,3.22,Medium,Low,25
CLM4988,United Kingdom,Europe,11.5,1.07,5858,5.05,Low,Medium,41
CLM4989,United Kingdom,Europe,26.6,0.81,2843,1.46,High,Medium,39
CLM4990,Brazil,South America,20.0,0.64,2606,1.21,Low,Medium,12
CLM4991,United States,North America,25.1,2.16,3751,1.7,High,Medium,32
CLM4992,Germany,Europe,11.1,2.38,2720,3.97,Medium,High,56
CLM4993,Germany,Europe,27.4,2.42,1205,2.8,High,High,13
CLM4994,India,Asia,22.9,0.92,3226,2.9,High,Medium,22
CLM4995,China,Asia,21.5,1.36,5644,4.6,High,Medium,5
CLM4996,Brazil,South America,18.4,1.84,3271,2.43,Medium,Low,52
CLM4997,Canada,North America,8.5,0.61,1252,1.59,Medium,High,59
CLM4998,United Kingdom,Europe,19.4,1.76,5909,4.14,Medium,Low,5
CLM4999,China,Asia,13.7,0.71,3978,3.46,High,Medium,6
CLM5000,United Kingdom,Europe,7.2,2.45,2397,4.42,Low,Medium,52
